09:26:18  INFO     === 10 keV / sp3 20 : 102 frames ===
09:26:18  INFO     Detected columns: ['id', 'type', 'x', 'y', 'z', 'vx', 'vy', 'vz', 'c_pe_atom', 'c_ke_atom', 'c_coord']
09:26:20  INFO     Loaded 473344 atoms, timestep=0, time=0.0000 ps from dump.ballistic_ac_10kev.sp3_20.0
09:26:20  INFO       [ 1/102] step 0      1.7s (sp3=18.0% disp=0)
09:26:20  INFO     Detected columns: ['id', 'type', 'x', 'y', 'z', 'vx', 'vy', 'vz', 'c_pe_atom', 'c_ke_atom', 'c_coord']
09:26:22  INFO     Loaded 473344 atoms, timestep=27, time=0.0270 ps from dump.ballistic_ac_10kev.sp3_20.27
09:26:22  INFO       [ 2/102] step 27     1.9s (sp3=18.0% disp=1)
09:26:22  INFO     Detected columns: ['id', 'type', 'x', 'y', 'z', 'vx', 'vy', 'vz', 'c_pe_atom', 'c_ke_atom', 'c_coord']
09:26:24  INFO     Loaded 473344 atoms, timestep=81, time=0.0810 ps from dump.ballistic_ac_10kev.sp3_20.81
09:26:24  INFO       [ 3/102] step 81     1.8s (sp3=18.0% disp=4)
09:26:24  INFO     Detected columns: ['id', 'type', 'x', 'y', 'z', 'vx', 'vy', 'vz', 'c_pe_atom', 'c_ke_atom', 'c_coord']
09:26:25  INFO     Loaded 473344 atoms, timestep=108, time=0.1080 ps from dump.ballistic_ac_10kev.sp3_20.108
09:26:26  INFO       [ 4/102] step 108    1.9s (sp3=18.0% disp=5)
09:26:26  INFO     Detected columns: ['id', 'type', 'x', 'y', 'z', 'vx', 'vy', 'vz', 'c_pe_atom', 'c_ke_atom', 'c_coord']
09:26:27  INFO     Loaded 473344 atoms, timestep=135, time=0.1350 ps from dump.ballistic_ac_10kev.sp3_20.135
09:26:27  INFO       [ 5/102] step 135    1.7s (sp3=18.0% disp=6)
09:26:27  INFO     Detected columns: ['id', 'type', 'x', 'y', 'z', 'vx', 'vy', 'vz', 'c_pe_atom', 'c_ke_atom', 'c_coord']
09:26:29  INFO     Loaded 473344 atoms, timestep=189, time=0.1890 ps from dump.ballistic_ac_10kev.sp3_20.189
09:26:29  INFO       [ 6/102] step 189    1.9s (sp3=18.0% disp=6)
09:26:29  INFO     Detected columns: ['id', 'type', 'x', 'y', 'z', 'vx', 'vy', 'vz', 'c_pe_atom', 'c_ke_atom', 'c_coord']
09:26:31  INFO     Loaded 473344 atoms, timestep=216, time=0.2160 ps from dump.ballistic_ac_10kev.sp3_20.216
09:26:31  INFO       [ 7/102] step 216    1.8s (sp3=18.0% disp=6)
09:26:31  INFO     Detected columns: ['id', 'type', 'x', 'y', 'z', 'vx', 'vy', 'vz', 'c_pe_atom', 'c_ke_atom', 'c_coord']
09:26:33  INFO     Loaded 473344 atoms, timestep=243, time=0.2430 ps from dump.ballistic_ac_10kev.sp3_20.243
09:26:33  INFO       [ 8/102] step 243    1.7s (sp3=18.0% disp=6)
09:26:33  INFO     Detected columns: ['id', 'type', 'x', 'y', 'z', 'vx', 'vy', 'vz', 'c_pe_atom', 'c_ke_atom', 'c_coord']
09:26:34  INFO     Loaded 473344 atoms, timestep=297, time=0.2970 ps from dump.ballistic_ac_10kev.sp3_20.297
09:26:35  INFO       [ 9/102] step 297    1.9s (sp3=18.0% disp=4)
09:26:35  INFO     Detected columns: ['id', 'type', 'x', 'y', 'z', 'vx', 'vy', 'vz', 'c_pe_atom', 'c_ke_atom', 'c_coord']
09:26:36  INFO     Loaded 473344 atoms, timestep=351, time=0.3510 ps from dump.ballistic_ac_10kev.sp3_20.351
09:26:36  INFO       [10/102] step 351    1.7s (sp3=18.0% disp=6)
09:26:36  INFO     Detected columns: ['id', 'type', 'x', 'y', 'z', 'vx', 'vy', 'vz', 'c_pe_atom', 'c_ke_atom', 'c_coord']
09:26:38  INFO     Loaded 473344 atoms, timestep=432, time=0.4320 ps from dump.ballistic_ac_10kev.sp3_20.432
09:26:38  INFO       [11/102] step 432    1.9s (sp3=18.0% disp=10)
09:26:38  INFO     Detected columns: ['id', 'type', 'x', 'y', 'z', 'vx', 'vy', 'vz', 'c_pe_atom', 'c_ke_atom', 'c_coord']
09:26:40  INFO     Loaded 473344 atoms, timestep=459, time=0.4590 ps from dump.ballistic_ac_10kev.sp3_20.459
09:26:40  INFO       [12/102] step 459    1.8s (sp3=18.0% disp=10)
09:26:40  INFO     Detected columns: ['id', 'type', 'x', 'y', 'z', 'vx', 'vy', 'vz', 'c_pe_atom', 'c_ke_atom', 'c_coord']
09:26:42  INFO     Loaded 473344 atoms, timestep=486, time=0.4860 ps from dump.ballistic_ac_10kev.sp3_20.486
09:26:42  INFO       [13/102] step 486    1.7s (sp3=18.0% disp=8)
09:26:42  INFO     Detected columns: ['id', 'type', 'x', 'y', 'z', 'vx', 'vy', 'vz', 'c_pe_atom', 'c_ke_atom', 'c_coord']
09:26:44  INFO     Loaded 473344 atoms, timestep=540, time=0.5400 ps from dump.ballistic_ac_10kev.sp3_20.540
09:26:44  INFO       [14/102] step 540    2.0s (sp3=18.0% disp=7)
09:26:44  INFO     Detected columns: ['id', 'type', 'x', 'y', 'z', 'vx', 'vy', 'vz', 'c_pe_atom', 'c_ke_atom', 'c_coord']
09:26:45  INFO     Loaded 473344 atoms, timestep=567, time=0.5670 ps from dump.ballistic_ac_10kev.sp3_20.567
09:26:45  INFO       [15/102] step 567    1.8s (sp3=18.0% disp=8)
09:26:46  INFO     Detected columns: ['id', 'type', 'x', 'y', 'z', 'vx', 'vy', 'vz', 'c_pe_atom', 'c_ke_atom', 'c_coord']
09:26:47  INFO     Loaded 473344 atoms, timestep=594, time=0.5940 ps from dump.ballistic_ac_10kev.sp3_20.594
09:26:47  INFO       [16/102] step 594    1.7s (sp3=18.0% disp=8)
09:26:47  INFO     Detected columns: ['id', 'type', 'x', 'y', 'z', 'vx', 'vy', 'vz', 'c_pe_atom', 'c_ke_atom', 'c_coord']
09:26:49  INFO     Loaded 473344 atoms, timestep=648, time=0.6480 ps from dump.ballistic_ac_10kev.sp3_20.648
09:26:49  INFO       [17/102] step 648    1.9s (sp3=18.0% disp=7)
09:26:49  INFO     Detected columns: ['id', 'type', 'x', 'y', 'z', 'vx', 'vy', 'vz', 'c_pe_atom', 'c_ke_atom', 'c_coord']
09:26:51  INFO     Loaded 473344 atoms, timestep=675, time=0.6750 ps from dump.ballistic_ac_10kev.sp3_20.675
09:26:51  INFO       [18/102] step 675    2.0s (sp3=18.0% disp=12)
09:26:51  INFO     Detected columns: ['id', 'type', 'x', 'y', 'z', 'vx', 'vy', 'vz', 'c_pe_atom', 'c_ke_atom', 'c_coord']
09:26:53  INFO     Loaded 473344 atoms, timestep=702, time=0.7020 ps from dump.ballistic_ac_10kev.sp3_20.702
09:26:53  INFO       [19/102] step 702    1.9s (sp3=18.0% disp=14)
09:26:53  INFO     Detected columns: ['id', 'type', 'x', 'y', 'z', 'vx', 'vy', 'vz', 'c_pe_atom', 'c_ke_atom', 'c_coord']
09:26:55  INFO     Loaded 473344 atoms, timestep=783, time=0.7830 ps from dump.ballistic_ac_10kev.sp3_20.783
09:26:55  INFO       [20/102] step 783    1.9s (sp3=18.0% disp=13)
09:26:55  INFO     Detected columns: ['id', 'type', 'x', 'y', 'z', 'vx', 'vy', 'vz', 'c_pe_atom', 'c_ke_atom', 'c_coord']
09:26:57  INFO     Loaded 473344 atoms, timestep=837, time=0.8370 ps from dump.ballistic_ac_10kev.sp3_20.837
09:26:57  INFO       [21/102] step 837    1.8s (sp3=18.0% disp=12)
09:26:57  INFO     Detected columns: ['id', 'type', 'x', 'y', 'z', 'vx', 'vy', 'vz', 'c_pe_atom', 'c_ke_atom', 'c_coord']
09:26:59  INFO     Loaded 473344 atoms, timestep=864, time=0.8640 ps from dump.ballistic_ac_10kev.sp3_20.864
09:26:59  INFO       [22/102] step 864    2.0s (sp3=18.0% disp=15)
09:26:59  INFO     Detected columns: ['id', 'type', 'x', 'y', 'z', 'vx', 'vy', 'vz', 'c_pe_atom', 'c_ke_atom', 'c_coord']
09:27:00  INFO     Loaded 473344 atoms, timestep=891, time=0.8910 ps from dump.ballistic_ac_10kev.sp3_20.891
09:27:01  INFO       [23/102] step 891    1.8s (sp3=18.0% disp=14)
09:27:01  INFO     Detected columns: ['id', 'type', 'x', 'y', 'z', 'vx', 'vy', 'vz', 'c_pe_atom', 'c_ke_atom', 'c_coord']
09:27:02  INFO     Loaded 473344 atoms, timestep=918, time=0.9180 ps from dump.ballistic_ac_10kev.sp3_20.918
09:27:02  INFO       [24/102] step 918    1.8s (sp3=18.0% disp=15)
09:27:02  INFO     Detected columns: ['id', 'type', 'x', 'y', 'z', 'vx', 'vy', 'vz', 'c_pe_atom', 'c_ke_atom', 'c_coord']
09:27:04  INFO     Loaded 473344 atoms, timestep=972, time=0.9720 ps from dump.ballistic_ac_10kev.sp3_20.972
09:27:04  INFO       [25/102] step 972    1.9s (sp3=18.0% disp=5)
09:27:04  INFO     Detected columns: ['id', 'type', 'x', 'y', 'z', 'vx', 'vy', 'vz', 'c_pe_atom', 'c_ke_atom', 'c_coord']
09:27:06  INFO     Loaded 473344 atoms, timestep=999, time=0.9990 ps from dump.ballistic_ac_10kev.sp3_20.999
09:27:06  INFO       [26/102] step 999    1.8s (sp3=18.0% disp=20)
09:27:06  INFO     Detected columns: ['id', 'type', 'x', 'y', 'z', 'vx', 'vy', 'vz', 'c_pe_atom', 'c_ke_atom', 'c_coord']
09:27:07  INFO     Loaded 473344 atoms, timestep=1026, time=1.0260 ps from dump.ballistic_ac_10kev.sp3_20.1026
09:27:08  INFO       [27/102] step 1026   1.7s (sp3=18.0% disp=21)
09:27:08  INFO     Detected columns: ['id', 'type', 'x', 'y', 'z', 'vx', 'vy', 'vz', 'c_pe_atom', 'c_ke_atom', 'c_coord']
09:27:09  INFO     Loaded 473344 atoms, timestep=1053, time=1.0530 ps from dump.ballistic_ac_10kev.sp3_20.1053
09:27:09  INFO       [28/102] step 1053   1.8s (sp3=18.0% disp=17)
09:27:10  INFO     Detected columns: ['id', 'type', 'x', 'y', 'z', 'vx', 'vy', 'vz', 'c_pe_atom', 'c_ke_atom', 'c_coord']
09:27:11  INFO     Loaded 473344 atoms, timestep=1080, time=1.0800 ps from dump.ballistic_ac_10kev.sp3_20.1080
09:27:11  INFO       [29/102] step 1080   1.7s (sp3=18.0% disp=15)
09:27:11  INFO     Detected columns: ['id', 'type', 'x', 'y', 'z', 'vx', 'vy', 'vz', 'c_pe_atom', 'c_ke_atom', 'c_coord']
09:27:13  INFO     Loaded 473344 atoms, timestep=1107, time=1.1070 ps from dump.ballistic_ac_10kev.sp3_20.1107
09:27:13  INFO       [30/102] step 1107   1.8s (sp3=18.0% disp=17)
09:27:13  INFO     Detected columns: ['id', 'type', 'x', 'y', 'z', 'vx', 'vy', 'vz', 'c_pe_atom', 'c_ke_atom', 'c_coord']
09:27:14  INFO     Loaded 473344 atoms, timestep=1134, time=1.1340 ps from dump.ballistic_ac_10kev.sp3_20.1134
09:27:15  INFO       [31/102] step 1134   1.7s (sp3=18.0% disp=16)
09:27:15  INFO     Detected columns: ['id', 'type', 'x', 'y', 'z', 'vx', 'vy', 'vz', 'c_pe_atom', 'c_ke_atom', 'c_coord']
09:27:16  INFO     Loaded 473344 atoms, timestep=1161, time=1.1610 ps from dump.ballistic_ac_10kev.sp3_20.1161
09:27:16  INFO       [32/102] step 1161   1.8s (sp3=18.0% disp=16)
09:27:17  INFO     Detected columns: ['id', 'type', 'x', 'y', 'z', 'vx', 'vy', 'vz', 'c_pe_atom', 'c_ke_atom', 'c_coord']
09:27:18  INFO     Loaded 473344 atoms, timestep=1188, time=1.1880 ps from dump.ballistic_ac_10kev.sp3_20.1188
09:27:18  INFO       [33/102] step 1188   1.7s (sp3=18.0% disp=15)
09:27:18  INFO     Detected columns: ['id', 'type', 'x', 'y', 'z', 'vx', 'vy', 'vz', 'c_pe_atom', 'c_ke_atom', 'c_coord']
09:27:20  INFO     Loaded 473344 atoms, timestep=1215, time=1.2150 ps from dump.ballistic_ac_10kev.sp3_20.1215
09:27:20  INFO       [34/102] step 1215   1.8s (sp3=18.0% disp=32)
09:27:20  INFO     Detected columns: ['id', 'type', 'x', 'y', 'z', 'vx', 'vy', 'vz', 'c_pe_atom', 'c_ke_atom', 'c_coord']
09:27:21  INFO     Loaded 473344 atoms, timestep=1242, time=1.2420 ps from dump.ballistic_ac_10kev.sp3_20.1242
09:27:22  INFO       [35/102] step 1242   1.8s (sp3=18.0% disp=32)
09:27:22  INFO     Detected columns: ['id', 'type', 'x', 'y', 'z', 'vx', 'vy', 'vz', 'c_pe_atom', 'c_ke_atom', 'c_coord']
09:27:23  INFO     Loaded 473344 atoms, timestep=1350, time=1.3500 ps from dump.ballistic_ac_10kev.sp3_20.1350
09:27:23  INFO       [36/102] step 1350   1.8s (sp3=18.0% disp=22)
09:27:24  INFO     Detected columns: ['id', 'type', 'x', 'y', 'z', 'vx', 'vy', 'vz', 'c_pe_atom', 'c_ke_atom', 'c_coord']
09:27:25  INFO     Loaded 473344 atoms, timestep=1404, time=1.4040 ps from dump.ballistic_ac_10kev.sp3_20.1404
09:27:25  INFO       [37/102] step 1404   1.8s (sp3=18.0% disp=28)
09:27:25  INFO     Detected columns: ['id', 'type', 'x', 'y', 'z', 'vx', 'vy', 'vz', 'c_pe_atom', 'c_ke_atom', 'c_coord']
09:27:27  INFO     Loaded 473344 atoms, timestep=1431, time=1.4310 ps from dump.ballistic_ac_10kev.sp3_20.1431
09:27:27  INFO       [38/102] step 1431   1.7s (sp3=18.0% disp=28)
09:27:27  INFO     Detected columns: ['id', 'type', 'x', 'y', 'z', 'vx', 'vy', 'vz', 'c_pe_atom', 'c_ke_atom', 'c_coord']
09:27:29  INFO     Loaded 473344 atoms, timestep=1458, time=1.4580 ps from dump.ballistic_ac_10kev.sp3_20.1458
09:27:29  INFO       [39/102] step 1458   1.8s (sp3=18.0% disp=29)
09:27:29  INFO     Detected columns: ['id', 'type', 'x', 'y', 'z', 'vx', 'vy', 'vz', 'c_pe_atom', 'c_ke_atom', 'c_coord']
09:27:30  INFO     Loaded 473344 atoms, timestep=1485, time=1.4850 ps from dump.ballistic_ac_10kev.sp3_20.1485
09:27:31  INFO       [40/102] step 1485   1.8s (sp3=18.0% disp=29)
09:27:31  INFO     Detected columns: ['id', 'type', 'x', 'y', 'z', 'vx', 'vy', 'vz', 'c_pe_atom', 'c_ke_atom', 'c_coord']
09:27:32  INFO     Loaded 473344 atoms, timestep=1512, time=1.5120 ps from dump.ballistic_ac_10kev.sp3_20.1512
09:27:32  INFO       [41/102] step 1512   1.7s (sp3=18.0% disp=34)
09:27:32  INFO     Detected columns: ['id', 'type', 'x', 'y', 'z', 'vx', 'vy', 'vz', 'c_pe_atom', 'c_ke_atom', 'c_coord']
09:27:34  INFO     Loaded 473344 atoms, timestep=1539, time=1.5390 ps from dump.ballistic_ac_10kev.sp3_20.1539
09:27:34  INFO       [42/102] step 1539   1.9s (sp3=18.0% disp=34)
09:27:34  INFO     Detected columns: ['id', 'type', 'x', 'y', 'z', 'vx', 'vy', 'vz', 'c_pe_atom', 'c_ke_atom', 'c_coord']
09:27:36  INFO     Loaded 473344 atoms, timestep=1566, time=1.5660 ps from dump.ballistic_ac_10kev.sp3_20.1566
09:27:36  INFO       [43/102] step 1566   1.8s (sp3=18.0% disp=36)
09:27:36  INFO     Detected columns: ['id', 'type', 'x', 'y', 'z', 'vx', 'vy', 'vz', 'c_pe_atom', 'c_ke_atom', 'c_coord']
09:27:38  INFO     Loaded 473344 atoms, timestep=1593, time=1.5930 ps from dump.ballistic_ac_10kev.sp3_20.1593
09:27:38  INFO       [44/102] step 1593   1.7s (sp3=18.0% disp=36)
09:27:38  INFO     Detected columns: ['id', 'type', 'x', 'y', 'z', 'vx', 'vy', 'vz', 'c_pe_atom', 'c_ke_atom', 'c_coord']
09:27:39  INFO     Loaded 473344 atoms, timestep=1620, time=1.6200 ps from dump.ballistic_ac_10kev.sp3_20.1620
09:27:39  INFO       [45/102] step 1620   1.8s (sp3=18.0% disp=36)
09:27:40  INFO     Detected columns: ['id', 'type', 'x', 'y', 'z', 'vx', 'vy', 'vz', 'c_pe_atom', 'c_ke_atom', 'c_coord']
09:27:41  INFO     Loaded 473344 atoms, timestep=1701, time=1.7010 ps from dump.ballistic_ac_10kev.sp3_20.1701
09:27:41  INFO       [46/102] step 1701   1.7s (sp3=18.0% disp=37)
09:27:41  INFO     Detected columns: ['id', 'type', 'x', 'y', 'z', 'vx', 'vy', 'vz', 'c_pe_atom', 'c_ke_atom', 'c_coord']
09:27:43  INFO     Loaded 473344 atoms, timestep=1755, time=1.7550 ps from dump.ballistic_ac_10kev.sp3_20.1755
09:27:43  INFO       [47/102] step 1755   1.9s (sp3=18.0% disp=37)
09:27:43  INFO     Detected columns: ['id', 'type', 'x', 'y', 'z', 'vx', 'vy', 'vz', 'c_pe_atom', 'c_ke_atom', 'c_coord']
09:27:45  INFO     Loaded 473344 atoms, timestep=1782, time=1.7820 ps from dump.ballistic_ac_10kev.sp3_20.1782
09:27:45  INFO       [48/102] step 1782   1.7s (sp3=18.0% disp=38)
09:27:45  INFO     Detected columns: ['id', 'type', 'x', 'y', 'z', 'vx', 'vy', 'vz', 'c_pe_atom', 'c_ke_atom', 'c_coord']
09:27:46  INFO     Loaded 473344 atoms, timestep=1836, time=1.8360 ps from dump.ballistic_ac_10kev.sp3_20.1836
09:27:46  INFO       [49/102] step 1836   1.8s (sp3=18.0% disp=52)
09:27:47  INFO     Detected columns: ['id', 'type', 'x', 'y', 'z', 'vx', 'vy', 'vz', 'c_pe_atom', 'c_ke_atom', 'c_coord']
09:27:48  INFO     Loaded 473344 atoms, timestep=1917, time=1.9170 ps from dump.ballistic_ac_10kev.sp3_20.1917
09:27:48  INFO       [50/102] step 1917   1.7s (sp3=18.0% disp=45)
09:27:48  INFO     Detected columns: ['id', 'type', 'x', 'y', 'z', 'vx', 'vy', 'vz', 'c_pe_atom', 'c_ke_atom', 'c_coord']
09:27:50  INFO     Loaded 473344 atoms, timestep=1944, time=1.9440 ps from dump.ballistic_ac_10kev.sp3_20.1944
09:27:50  INFO       [51/102] step 1944   1.8s (sp3=18.0% disp=46)
09:27:50  INFO     Detected columns: ['id', 'type', 'x', 'y', 'z', 'vx', 'vy', 'vz', 'c_pe_atom', 'c_ke_atom', 'c_coord']
09:27:52  INFO     Loaded 473344 atoms, timestep=1998, time=1.9980 ps from dump.ballistic_ac_10kev.sp3_20.1998
09:27:52  INFO       [52/102] step 1998   1.9s (sp3=18.0% disp=33)
09:27:52  INFO     Detected columns: ['id', 'type', 'x', 'y', 'z', 'vx', 'vy', 'vz', 'c_pe_atom', 'c_ke_atom', 'c_coord']
09:27:54  INFO     Loaded 473344 atoms, timestep=2040, time=2.0400 ps from dump.ballistic_ac_10kev.sp3_20.2040
09:27:54  INFO       [53/102] step 2040   1.8s (sp3=18.0% disp=32)
09:27:54  INFO     Detected columns: ['id', 'type', 'x', 'y', 'z', 'vx', 'vy', 'vz', 'c_pe_atom', 'c_ke_atom', 'c_coord']
09:27:55  INFO     Loaded 473344 atoms, timestep=2160, time=2.1600 ps from dump.ballistic_ac_10kev.sp3_20.2160
09:27:55  INFO       [54/102] step 2160   1.8s (sp3=18.0% disp=38)
09:27:56  INFO     Detected columns: ['id', 'type', 'x', 'y', 'z', 'vx', 'vy', 'vz', 'c_pe_atom', 'c_ke_atom', 'c_coord']
09:27:57  INFO     Loaded 473344 atoms, timestep=2400, time=2.4000 ps from dump.ballistic_ac_10kev.sp3_20.2400
09:27:57  INFO       [55/102] step 2400   1.7s (sp3=18.0% disp=11)
09:27:57  INFO     Detected columns: ['id', 'type', 'x', 'y', 'z', 'vx', 'vy', 'vz', 'c_pe_atom', 'c_ke_atom', 'c_coord']
09:27:59  INFO     Loaded 473344 atoms, timestep=2520, time=2.5200 ps from dump.ballistic_ac_10kev.sp3_20.2520
09:27:59  INFO       [56/102] step 2520   1.9s (sp3=18.1% disp=22)
09:27:59  INFO     Detected columns: ['id', 'type', 'x', 'y', 'z', 'vx', 'vy', 'vz', 'c_pe_atom', 'c_ke_atom', 'c_coord']
09:28:01  INFO     Loaded 473344 atoms, timestep=2640, time=2.6400 ps from dump.ballistic_ac_10kev.sp3_20.2640
09:28:01  INFO       [57/102] step 2640   1.8s (sp3=18.1% disp=29)
09:28:01  INFO     Detected columns: ['id', 'type', 'x', 'y', 'z', 'vx', 'vy', 'vz', 'c_pe_atom', 'c_ke_atom', 'c_coord']
09:28:02  INFO     Loaded 473344 atoms, timestep=2760, time=2.7600 ps from dump.ballistic_ac_10kev.sp3_20.2760
09:28:02  INFO       [58/102] step 2760   1.7s (sp3=18.1% disp=28)
09:28:03  INFO     Detected columns: ['id', 'type', 'x', 'y', 'z', 'vx', 'vy', 'vz', 'c_pe_atom', 'c_ke_atom', 'c_coord']
09:28:04  INFO     Loaded 473344 atoms, timestep=2880, time=2.8800 ps from dump.ballistic_ac_10kev.sp3_20.2880
09:28:04  INFO       [59/102] step 2880   1.9s (sp3=18.1% disp=25)
09:28:05  INFO     Detected columns: ['id', 'type', 'x', 'y', 'z', 'vx', 'vy', 'vz', 'c_pe_atom', 'c_ke_atom', 'c_coord']
09:28:06  INFO     Loaded 473344 atoms, timestep=3000, time=3.0000 ps from dump.ballistic_ac_10kev.sp3_20.3000
09:28:06  INFO       [60/102] step 3000   1.8s (sp3=18.0% disp=29)
09:28:06  INFO     Detected columns: ['id', 'type', 'x', 'y', 'z', 'vx', 'vy', 'vz', 'c_pe_atom', 'c_ke_atom', 'c_coord']
09:28:08  INFO     Loaded 473344 atoms, timestep=3240, time=3.2400 ps from dump.ballistic_ac_10kev.sp3_20.3240
09:28:08  INFO       [61/102] step 3240   1.7s (sp3=18.1% disp=22)
09:28:08  INFO     Detected columns: ['id', 'type', 'x', 'y', 'z', 'vx', 'vy', 'vz', 'c_pe_atom', 'c_ke_atom', 'c_coord']
09:28:10  INFO     Loaded 473344 atoms, timestep=3480, time=3.4800 ps from dump.ballistic_ac_10kev.sp3_20.3480
09:28:10  INFO       [62/102] step 3480   1.8s (sp3=18.1% disp=22)
09:28:10  INFO     Detected columns: ['id', 'type', 'x', 'y', 'z', 'vx', 'vy', 'vz', 'c_pe_atom', 'c_ke_atom', 'c_coord']
09:28:11  INFO     Loaded 473344 atoms, timestep=3720, time=3.7200 ps from dump.ballistic_ac_10kev.sp3_20.3720
09:28:11  INFO       [63/102] step 3720   1.7s (sp3=18.1% disp=22)
09:28:11  INFO     Detected columns: ['id', 'type', 'x', 'y', 'z', 'vx', 'vy', 'vz', 'c_pe_atom', 'c_ke_atom', 'c_coord']
09:28:13  INFO     Loaded 473344 atoms, timestep=3840, time=3.8400 ps from dump.ballistic_ac_10kev.sp3_20.3840
09:28:13  INFO       [64/102] step 3840   1.8s (sp3=18.1% disp=27)
09:28:13  INFO     Detected columns: ['id', 'type', 'x', 'y', 'z', 'vx', 'vy', 'vz', 'c_pe_atom', 'c_ke_atom', 'c_coord']
09:28:15  INFO     Loaded 473344 atoms, timestep=3960, time=3.9600 ps from dump.ballistic_ac_10kev.sp3_20.3960
09:28:15  INFO       [65/102] step 3960   1.7s (sp3=18.1% disp=20)
09:28:15  INFO     Detected columns: ['id', 'type', 'x', 'y', 'z', 'vx', 'vy', 'vz', 'c_pe_atom', 'c_ke_atom', 'c_coord']
09:28:17  INFO     Loaded 473344 atoms, timestep=4200, time=4.2000 ps from dump.ballistic_ac_10kev.sp3_20.4200
09:28:17  INFO       [66/102] step 4200   1.8s (sp3=18.1% disp=29)
09:28:17  INFO     Detected columns: ['id', 'type', 'x', 'y', 'z', 'vx', 'vy', 'vz', 'c_pe_atom', 'c_ke_atom', 'c_coord']
09:28:18  INFO     Loaded 473344 atoms, timestep=4320, time=4.3200 ps from dump.ballistic_ac_10kev.sp3_20.4320
09:28:18  INFO       [67/102] step 4320   1.7s (sp3=18.1% disp=11)
09:28:18  INFO     Detected columns: ['id', 'type', 'x', 'y', 'z', 'vx', 'vy', 'vz', 'c_pe_atom', 'c_ke_atom', 'c_coord']
09:28:20  INFO     Loaded 473344 atoms, timestep=4440, time=4.4400 ps from dump.ballistic_ac_10kev.sp3_20.4440
09:28:20  INFO       [68/102] step 4440   1.7s (sp3=18.1% disp=11)
09:28:20  INFO     Detected columns: ['id', 'type', 'x', 'y', 'z', 'vx', 'vy', 'vz', 'c_pe_atom', 'c_ke_atom', 'c_coord']
09:28:22  INFO     Loaded 473344 atoms, timestep=4560, time=4.5600 ps from dump.ballistic_ac_10kev.sp3_20.4560
09:28:22  INFO       [69/102] step 4560   2.0s (sp3=18.1% disp=37)
09:28:22  INFO     Detected columns: ['id', 'type', 'x', 'y', 'z', 'vx', 'vy', 'vz', 'c_pe_atom', 'c_ke_atom', 'c_coord']
09:28:24  INFO     Loaded 473344 atoms, timestep=4800, time=4.8000 ps from dump.ballistic_ac_10kev.sp3_20.4800
09:28:24  INFO       [70/102] step 4800   1.9s (sp3=18.1% disp=11)
09:28:24  INFO     Detected columns: ['id', 'type', 'x', 'y', 'z', 'vx', 'vy', 'vz', 'c_pe_atom', 'c_ke_atom', 'c_coord']
09:28:26  INFO     Loaded 473344 atoms, timestep=4920, time=4.9200 ps from dump.ballistic_ac_10kev.sp3_20.4920
09:28:26  INFO       [71/102] step 4920   1.8s (sp3=18.2% disp=11)
09:28:26  INFO     Detected columns: ['id', 'type', 'x', 'y', 'z', 'vx', 'vy', 'vz', 'c_pe_atom', 'c_ke_atom', 'c_coord']
09:28:27  INFO     Loaded 473344 atoms, timestep=5400, time=5.4000 ps from dump.ballistic_ac_10kev.sp3_20.5400
09:28:28  INFO       [72/102] step 5400   1.7s (sp3=18.1% disp=11)
09:28:28  INFO     Detected columns: ['id', 'type', 'x', 'y', 'z', 'vx', 'vy', 'vz', 'c_pe_atom', 'c_ke_atom', 'c_coord']
09:28:29  INFO     Loaded 473344 atoms, timestep=5520, time=5.5200 ps from dump.ballistic_ac_10kev.sp3_20.5520
09:28:29  INFO       [73/102] step 5520   1.9s (sp3=18.2% disp=22)
09:28:30  INFO     Detected columns: ['id', 'type', 'x', 'y', 'z', 'vx', 'vy', 'vz', 'c_pe_atom', 'c_ke_atom', 'c_coord']
09:28:31  INFO     Loaded 473344 atoms, timestep=5640, time=5.6400 ps from dump.ballistic_ac_10kev.sp3_20.5640
09:28:31  INFO       [74/102] step 5640   1.8s (sp3=18.2% disp=27)
09:28:31  INFO     Detected columns: ['id', 'type', 'x', 'y', 'z', 'vx', 'vy', 'vz', 'c_pe_atom', 'c_ke_atom', 'c_coord']
09:28:33  INFO     Loaded 473344 atoms, timestep=5760, time=5.7600 ps from dump.ballistic_ac_10kev.sp3_20.5760
09:28:33  INFO       [75/102] step 5760   1.7s (sp3=18.2% disp=21)
09:28:33  INFO     Detected columns: ['id', 'type', 'x', 'y', 'z', 'vx', 'vy', 'vz', 'c_pe_atom', 'c_ke_atom', 'c_coord']
09:28:35  INFO     Loaded 473344 atoms, timestep=6000, time=6.0000 ps from dump.ballistic_ac_10kev.sp3_20.6000
09:28:35  INFO       [76/102] step 6000   1.9s (sp3=18.2% disp=27)
09:28:35  INFO     Detected columns: ['id', 'type', 'x', 'y', 'z', 'vx', 'vy', 'vz', 'c_pe_atom', 'c_ke_atom', 'c_coord']
09:28:36  INFO     Loaded 473344 atoms, timestep=6120, time=6.1200 ps from dump.ballistic_ac_10kev.sp3_20.6120
09:28:37  INFO       [77/102] step 6120   1.7s (sp3=18.2% disp=27)
09:28:37  INFO     Detected columns: ['id', 'type', 'x', 'y', 'z', 'vx', 'vy', 'vz', 'c_pe_atom', 'c_ke_atom', 'c_coord']
09:28:38  INFO     Loaded 473344 atoms, timestep=6240, time=6.2400 ps from dump.ballistic_ac_10kev.sp3_20.6240
09:28:38  INFO       [78/102] step 6240   1.7s (sp3=18.2% disp=20)
09:28:38  INFO     Detected columns: ['id', 'type', 'x', 'y', 'z', 'vx', 'vy', 'vz', 'c_pe_atom', 'c_ke_atom', 'c_coord']
09:28:40  INFO     Loaded 473344 atoms, timestep=6480, time=6.4800 ps from dump.ballistic_ac_10kev.sp3_20.6480
09:28:40  INFO       [79/102] step 6480   1.8s (sp3=18.2% disp=22)
09:28:40  INFO     Detected columns: ['id', 'type', 'x', 'y', 'z', 'vx', 'vy', 'vz', 'c_pe_atom', 'c_ke_atom', 'c_coord']
09:28:42  INFO     Loaded 473344 atoms, timestep=6600, time=6.6000 ps from dump.ballistic_ac_10kev.sp3_20.6600
09:28:42  INFO       [80/102] step 6600   1.7s (sp3=18.2% disp=20)
09:28:42  INFO     Detected columns: ['id', 'type', 'x', 'y', 'z', 'vx', 'vy', 'vz', 'c_pe_atom', 'c_ke_atom', 'c_coord']
09:28:43  INFO     Loaded 473344 atoms, timestep=6720, time=6.7200 ps from dump.ballistic_ac_10kev.sp3_20.6720
09:28:43  INFO       [81/102] step 6720   1.8s (sp3=18.2% disp=20)
09:28:44  INFO     Detected columns: ['id', 'type', 'x', 'y', 'z', 'vx', 'vy', 'vz', 'c_pe_atom', 'c_ke_atom', 'c_coord']
09:28:45  INFO     Loaded 473344 atoms, timestep=6840, time=6.8400 ps from dump.ballistic_ac_10kev.sp3_20.6840
09:28:45  INFO       [82/102] step 6840   1.7s (sp3=18.2% disp=36)
09:28:45  INFO     Detected columns: ['id', 'type', 'x', 'y', 'z', 'vx', 'vy', 'vz', 'c_pe_atom', 'c_ke_atom', 'c_coord']
09:28:47  INFO     Loaded 473344 atoms, timestep=6960, time=6.9600 ps from dump.ballistic_ac_10kev.sp3_20.6960
09:28:47  INFO       [83/102] step 6960   1.8s (sp3=18.2% disp=21)
09:28:47  INFO     Detected columns: ['id', 'type', 'x', 'y', 'z', 'vx', 'vy', 'vz', 'c_pe_atom', 'c_ke_atom', 'c_coord']
09:28:48  INFO     Loaded 473344 atoms, timestep=7080, time=7.0800 ps from dump.ballistic_ac_10kev.sp3_20.7080
09:28:49  INFO       [84/102] step 7080   1.7s (sp3=18.2% disp=11)
09:28:49  INFO     Detected columns: ['id', 'type', 'x', 'y', 'z', 'vx', 'vy', 'vz', 'c_pe_atom', 'c_ke_atom', 'c_coord']
09:28:50  INFO     Loaded 473344 atoms, timestep=7320, time=7.3200 ps from dump.ballistic_ac_10kev.sp3_20.7320
09:28:50  INFO       [85/102] step 7320   1.8s (sp3=18.2% disp=27)
09:28:51  INFO     Detected columns: ['id', 'type', 'x', 'y', 'z', 'vx', 'vy', 'vz', 'c_pe_atom', 'c_ke_atom', 'c_coord']
09:28:52  INFO     Loaded 473344 atoms, timestep=7440, time=7.4400 ps from dump.ballistic_ac_10kev.sp3_20.7440
09:28:52  INFO       [86/102] step 7440   1.9s (sp3=18.2% disp=21)
09:28:52  INFO     Detected columns: ['id', 'type', 'x', 'y', 'z', 'vx', 'vy', 'vz', 'c_pe_atom', 'c_ke_atom', 'c_coord']
09:28:54  INFO     Loaded 473344 atoms, timestep=7560, time=7.5600 ps from dump.ballistic_ac_10kev.sp3_20.7560
09:28:54  INFO       [87/102] step 7560   1.8s (sp3=18.2% disp=11)
09:28:54  INFO     Detected columns: ['id', 'type', 'x', 'y', 'z', 'vx', 'vy', 'vz', 'c_pe_atom', 'c_ke_atom', 'c_coord']
09:28:56  INFO     Loaded 473344 atoms, timestep=7680, time=7.6800 ps from dump.ballistic_ac_10kev.sp3_20.7680
09:28:56  INFO       [88/102] step 7680   1.8s (sp3=18.2% disp=21)
09:28:56  INFO     Detected columns: ['id', 'type', 'x', 'y', 'z', 'vx', 'vy', 'vz', 'c_pe_atom', 'c_ke_atom', 'c_coord']
09:28:57  INFO     Loaded 473344 atoms, timestep=7800, time=7.8000 ps from dump.ballistic_ac_10kev.sp3_20.7800
09:28:57  INFO       [89/102] step 7800   1.7s (sp3=18.2% disp=20)
09:28:58  INFO     Detected columns: ['id', 'type', 'x', 'y', 'z', 'vx', 'vy', 'vz', 'c_pe_atom', 'c_ke_atom', 'c_coord']
09:28:59  INFO     Loaded 473344 atoms, timestep=7920, time=7.9200 ps from dump.ballistic_ac_10kev.sp3_20.7920
09:28:59  INFO       [90/102] step 7920   1.9s (sp3=18.2% disp=22)
09:29:00  INFO     Detected columns: ['id', 'type', 'x', 'y', 'z', 'vx', 'vy', 'vz', 'c_pe_atom', 'c_ke_atom', 'c_coord']
09:29:01  INFO     Loaded 473344 atoms, timestep=8040, time=8.0400 ps from dump.ballistic_ac_10kev.sp3_20.8040
09:29:01  INFO       [91/102] step 8040   1.8s (sp3=18.2% disp=11)
09:29:01  INFO     Detected columns: ['id', 'type', 'x', 'y', 'z', 'vx', 'vy', 'vz', 'c_pe_atom', 'c_ke_atom', 'c_coord']
09:29:03  INFO     Loaded 473344 atoms, timestep=8160, time=8.1600 ps from dump.ballistic_ac_10kev.sp3_20.8160
09:29:03  INFO       [92/102] step 8160   1.7s (sp3=18.2% disp=21)
09:29:03  INFO     Detected columns: ['id', 'type', 'x', 'y', 'z', 'vx', 'vy', 'vz', 'c_pe_atom', 'c_ke_atom', 'c_coord']
09:29:05  INFO     Loaded 473344 atoms, timestep=8520, time=8.5200 ps from dump.ballistic_ac_10kev.sp3_20.8520
09:29:05  INFO       [93/102] step 8520   1.8s (sp3=18.2% disp=29)
09:29:05  INFO     Detected columns: ['id', 'type', 'x', 'y', 'z', 'vx', 'vy', 'vz', 'c_pe_atom', 'c_ke_atom', 'c_coord']
09:29:06  INFO     Loaded 473344 atoms, timestep=8640, time=8.6400 ps from dump.ballistic_ac_10kev.sp3_20.8640
09:29:06  INFO       [94/102] step 8640   1.8s (sp3=18.3% disp=11)
09:29:07  INFO     Detected columns: ['id', 'type', 'x', 'y', 'z', 'vx', 'vy', 'vz', 'c_pe_atom', 'c_ke_atom', 'c_coord']
09:29:08  INFO     Loaded 473344 atoms, timestep=8760, time=8.7600 ps from dump.ballistic_ac_10kev.sp3_20.8760
09:29:08  INFO       [95/102] step 8760   1.7s (sp3=18.2% disp=11)
09:29:08  INFO     Detected columns: ['id', 'type', 'x', 'y', 'z', 'vx', 'vy', 'vz', 'c_pe_atom', 'c_ke_atom', 'c_coord']
09:29:10  INFO     Loaded 473344 atoms, timestep=9120, time=9.1200 ps from dump.ballistic_ac_10kev.sp3_20.9120
09:29:10  INFO       [96/102] step 9120   1.8s (sp3=18.2% disp=27)
09:29:10  INFO     Detected columns: ['id', 'type', 'x', 'y', 'z', 'vx', 'vy', 'vz', 'c_pe_atom', 'c_ke_atom', 'c_coord']
09:29:12  INFO     Loaded 473344 atoms, timestep=9240, time=9.2400 ps from dump.ballistic_ac_10kev.sp3_20.9240
09:29:12  INFO       [97/102] step 9240   1.7s (sp3=18.2% disp=11)
09:29:12  INFO     Detected columns: ['id', 'type', 'x', 'y', 'z', 'vx', 'vy', 'vz', 'c_pe_atom', 'c_ke_atom', 'c_coord']
09:29:13  INFO     Loaded 473344 atoms, timestep=9360, time=9.3600 ps from dump.ballistic_ac_10kev.sp3_20.9360
09:29:13  INFO       [98/102] step 9360   1.8s (sp3=18.3% disp=21)
09:29:14  INFO     Detected columns: ['id', 'type', 'x', 'y', 'z', 'vx', 'vy', 'vz', 'c_pe_atom', 'c_ke_atom', 'c_coord']
09:29:15  INFO     Loaded 473344 atoms, timestep=9600, time=9.6000 ps from dump.ballistic_ac_10kev.sp3_20.9600
09:29:15  INFO       [99/102] step 9600   1.7s (sp3=18.2% disp=11)
09:29:15  INFO     Detected columns: ['id', 'type', 'x', 'y', 'z', 'vx', 'vy', 'vz', 'c_pe_atom', 'c_ke_atom', 'c_coord']
09:29:17  INFO     Loaded 473344 atoms, timestep=9720, time=9.7200 ps from dump.ballistic_ac_10kev.sp3_20.9720
09:29:17  INFO       [100/102] step 9720   1.8s (sp3=18.3% disp=11)
09:29:17  INFO     Detected columns: ['id', 'type', 'x', 'y', 'z', 'vx', 'vy', 'vz', 'c_pe_atom', 'c_ke_atom', 'c_coord']
09:29:19  INFO     Loaded 473344 atoms, timestep=9840, time=9.8400 ps from dump.ballistic_ac_10kev.sp3_20.9840
09:29:19  INFO       [101/102] step 9840   1.7s (sp3=18.3% disp=22)
09:29:19  INFO     Detected columns: ['id', 'type', 'x', 'y', 'z', 'vx', 'vy', 'vz', 'c_pe_atom', 'c_ke_atom', 'c_coord']
09:29:20  INFO     Loaded 473344 atoms, timestep=9960, time=9.9600 ps from dump.ballistic_ac_10kev.sp3_20.9960
09:29:20  INFO       [102/102] step 9960   1.7s (sp3=18.3% disp=11)
09:29:27  INFO     Detected columns: ['id', 'type', 'x', 'y', 'z', 'vx', 'vy', 'vz', 'c_pe_atom', 'c_ke_atom', 'c_coord']
09:29:29  INFO     Loaded 473344 atoms, timestep=1836, time=1.8360 ps from dump.ballistic_ac_10kev.sp3_20.1836
  Saved: /home/santi/Documentos/RDF/output/energy_sweep_18_05/E10_sp3_20/displacement_kinetics.png
  Saved: /home/santi/Documentos/RDF/output/energy_sweep_18_05/E10_sp3_20/displacement_kinetics.pdf
  Saved: /home/santi/Documentos/RDF/output/energy_sweep_18_05/E10_sp3_20/hybridization_kinetics.png
  Saved: /home/santi/Documentos/RDF/output/energy_sweep_18_05/E10_sp3_20/hybridization_kinetics.pdf
  Saved: /home/santi/Documentos/RDF/output/energy_sweep_18_05/E10_sp3_20/rdf_keyframes.png
  Saved: /home/santi/Documentos/RDF/output/energy_sweep_18_05/E10_sp3_20/rdf_keyframes.pdf
  Saved: /home/santi/Documentos/RDF/output/energy_sweep_18_05/E10_sp3_20/adf_keyframes.png
  Saved: /home/santi/Documentos/RDF/output/energy_sweep_18_05/E10_sp3_20/adf_keyframes.pdf
  Saved: /home/santi/Documentos/RDF/output/energy_sweep_18_05/E10_sp3_20/sk_keyframes.png
  Saved: /home/santi/Documentos/RDF/output/energy_sweep_18_05/E10_sp3_20/sk_keyframes.pdf
09:29:44  INFO     === 15 keV / sp3 20 : 142 frames ===
09:29:44  INFO     Detected columns: ['id', 'type', 'x', 'y', 'z', 'vx', 'vy', 'vz', 'c_pe_atom', 'c_ke_atom', 'c_coord']
09:29:46  INFO     Loaded 473344 atoms, timestep=0, time=0.0000 ps from dump.ballistic_ac_15kev.sp3_20.0
09:29:46  INFO       [ 1/142] step 0      1.8s (sp3=18.0% disp=0)
09:29:46  INFO     Detected columns: ['id', 'type', 'x', 'y', 'z', 'vx', 'vy', 'vz', 'c_pe_atom', 'c_ke_atom', 'c_coord']
09:29:47  INFO     Loaded 473344 atoms, timestep=27, time=0.0270 ps from dump.ballistic_ac_15kev.sp3_20.27
09:29:47  INFO       [ 2/142] step 27     1.7s (sp3=18.0% disp=1)
09:29:47  INFO     Detected columns: ['id', 'type', 'x', 'y', 'z', 'vx', 'vy', 'vz', 'c_pe_atom', 'c_ke_atom', 'c_coord']
09:29:49  INFO     Loaded 473344 atoms, timestep=54, time=0.0540 ps from dump.ballistic_ac_15kev.sp3_20.54
09:29:49  INFO       [ 3/142] step 54     1.9s (sp3=18.0% disp=1)
09:29:49  INFO     Detected columns: ['id', 'type', 'x', 'y', 'z', 'vx', 'vy', 'vz', 'c_pe_atom', 'c_ke_atom', 'c_coord']
09:29:51  INFO     Loaded 473344 atoms, timestep=81, time=0.0810 ps from dump.ballistic_ac_15kev.sp3_20.81
09:29:51  INFO       [ 4/142] step 81     1.8s (sp3=18.0% disp=4)
09:29:51  INFO     Detected columns: ['id', 'type', 'x', 'y', 'z', 'vx', 'vy', 'vz', 'c_pe_atom', 'c_ke_atom', 'c_coord']
09:29:53  INFO     Loaded 473344 atoms, timestep=108, time=0.1080 ps from dump.ballistic_ac_15kev.sp3_20.108
09:29:53  INFO       [ 5/142] step 108    2.0s (sp3=18.0% disp=5)
09:29:53  INFO     Detected columns: ['id', 'type', 'x', 'y', 'z', 'vx', 'vy', 'vz', 'c_pe_atom', 'c_ke_atom', 'c_coord']
09:29:55  INFO     Loaded 473344 atoms, timestep=135, time=0.1350 ps from dump.ballistic_ac_15kev.sp3_20.135
09:29:55  INFO       [ 6/142] step 135    1.8s (sp3=18.0% disp=6)
09:29:55  INFO     Detected columns: ['id', 'type', 'x', 'y', 'z', 'vx', 'vy', 'vz', 'c_pe_atom', 'c_ke_atom', 'c_coord']
09:29:57  INFO     Loaded 473344 atoms, timestep=162, time=0.1620 ps from dump.ballistic_ac_15kev.sp3_20.162
09:29:57  INFO       [ 7/142] step 162    2.0s (sp3=18.0% disp=6)
09:29:57  INFO     Detected columns: ['id', 'type', 'x', 'y', 'z', 'vx', 'vy', 'vz', 'c_pe_atom', 'c_ke_atom', 'c_coord']
09:29:58  INFO     Loaded 473344 atoms, timestep=189, time=0.1890 ps from dump.ballistic_ac_15kev.sp3_20.189
09:29:58  INFO       [ 8/142] step 189    1.7s (sp3=18.0% disp=6)
09:29:59  INFO     Detected columns: ['id', 'type', 'x', 'y', 'z', 'vx', 'vy', 'vz', 'c_pe_atom', 'c_ke_atom', 'c_coord']
09:30:00  INFO     Loaded 473344 atoms, timestep=216, time=0.2160 ps from dump.ballistic_ac_15kev.sp3_20.216
09:30:00  INFO       [ 9/142] step 216    1.9s (sp3=18.0% disp=6)
09:30:01  INFO     Detected columns: ['id', 'type', 'x', 'y', 'z', 'vx', 'vy', 'vz', 'c_pe_atom', 'c_ke_atom', 'c_coord']
09:30:02  INFO     Loaded 473344 atoms, timestep=243, time=0.2430 ps from dump.ballistic_ac_15kev.sp3_20.243
09:30:02  INFO       [10/142] step 243    1.9s (sp3=18.0% disp=6)
09:30:02  INFO     Detected columns: ['id', 'type', 'x', 'y', 'z', 'vx', 'vy', 'vz', 'c_pe_atom', 'c_ke_atom', 'c_coord']
09:30:04  INFO     Loaded 473344 atoms, timestep=270, time=0.2700 ps from dump.ballistic_ac_15kev.sp3_20.270
09:30:04  INFO       [11/142] step 270    1.8s (sp3=18.0% disp=6)
09:30:04  INFO     Detected columns: ['id', 'type', 'x', 'y', 'z', 'vx', 'vy', 'vz', 'c_pe_atom', 'c_ke_atom', 'c_coord']
09:30:06  INFO     Loaded 473344 atoms, timestep=297, time=0.2970 ps from dump.ballistic_ac_15kev.sp3_20.297
09:30:06  INFO       [12/142] step 297    1.8s (sp3=18.0% disp=6)
09:30:06  INFO     Detected columns: ['id', 'type', 'x', 'y', 'z', 'vx', 'vy', 'vz', 'c_pe_atom', 'c_ke_atom', 'c_coord']
09:30:07  INFO     Loaded 473344 atoms, timestep=324, time=0.3240 ps from dump.ballistic_ac_15kev.sp3_20.324
09:30:07  INFO       [13/142] step 324    1.7s (sp3=18.0% disp=6)
09:30:08  INFO     Detected columns: ['id', 'type', 'x', 'y', 'z', 'vx', 'vy', 'vz', 'c_pe_atom', 'c_ke_atom', 'c_coord']
09:30:09  INFO     Loaded 473344 atoms, timestep=351, time=0.3510 ps from dump.ballistic_ac_15kev.sp3_20.351
09:30:09  INFO       [14/142] step 351    1.6s (sp3=18.0% disp=7)
09:30:09  INFO     Detected columns: ['id', 'type', 'x', 'y', 'z', 'vx', 'vy', 'vz', 'c_pe_atom', 'c_ke_atom', 'c_coord']
09:30:11  INFO     Loaded 473344 atoms, timestep=378, time=0.3780 ps from dump.ballistic_ac_15kev.sp3_20.378
09:30:11  INFO       [15/142] step 378    1.9s (sp3=18.0% disp=7)
09:30:11  INFO     Detected columns: ['id', 'type', 'x', 'y', 'z', 'vx', 'vy', 'vz', 'c_pe_atom', 'c_ke_atom', 'c_coord']
09:30:13  INFO     Loaded 473344 atoms, timestep=405, time=0.4050 ps from dump.ballistic_ac_15kev.sp3_20.405
09:30:13  INFO       [16/142] step 405    1.8s (sp3=18.0% disp=5)
09:30:13  INFO     Detected columns: ['id', 'type', 'x', 'y', 'z', 'vx', 'vy', 'vz', 'c_pe_atom', 'c_ke_atom', 'c_coord']
09:30:14  INFO     Loaded 473344 atoms, timestep=432, time=0.4320 ps from dump.ballistic_ac_15kev.sp3_20.432
09:30:14  INFO       [17/142] step 432    1.7s (sp3=18.0% disp=8)
09:30:15  INFO     Detected columns: ['id', 'type', 'x', 'y', 'z', 'vx', 'vy', 'vz', 'c_pe_atom', 'c_ke_atom', 'c_coord']
09:30:16  INFO     Loaded 473344 atoms, timestep=459, time=0.4590 ps from dump.ballistic_ac_15kev.sp3_20.459
09:30:16  INFO       [18/142] step 459    2.0s (sp3=18.0% disp=9)
09:30:17  INFO     Detected columns: ['id', 'type', 'x', 'y', 'z', 'vx', 'vy', 'vz', 'c_pe_atom', 'c_ke_atom', 'c_coord']
09:30:18  INFO     Loaded 473344 atoms, timestep=486, time=0.4860 ps from dump.ballistic_ac_15kev.sp3_20.486
09:30:18  INFO       [19/142] step 486    1.9s (sp3=18.0% disp=6)
09:30:19  INFO     Detected columns: ['id', 'type', 'x', 'y', 'z', 'vx', 'vy', 'vz', 'c_pe_atom', 'c_ke_atom', 'c_coord']
09:30:20  INFO     Loaded 473344 atoms, timestep=513, time=0.5130 ps from dump.ballistic_ac_15kev.sp3_20.513
09:30:20  INFO       [20/142] step 513    2.0s (sp3=18.0% disp=7)
09:30:21  INFO     Detected columns: ['id', 'type', 'x', 'y', 'z', 'vx', 'vy', 'vz', 'c_pe_atom', 'c_ke_atom', 'c_coord']
09:30:22  INFO     Loaded 473344 atoms, timestep=540, time=0.5400 ps from dump.ballistic_ac_15kev.sp3_20.540
09:30:22  INFO       [21/142] step 540    1.7s (sp3=18.0% disp=7)
09:30:22  INFO     Detected columns: ['id', 'type', 'x', 'y', 'z', 'vx', 'vy', 'vz', 'c_pe_atom', 'c_ke_atom', 'c_coord']
09:30:24  INFO     Loaded 473344 atoms, timestep=567, time=0.5670 ps from dump.ballistic_ac_15kev.sp3_20.567
09:30:24  INFO       [22/142] step 567    1.7s (sp3=18.0% disp=12)
09:30:24  INFO     Detected columns: ['id', 'type', 'x', 'y', 'z', 'vx', 'vy', 'vz', 'c_pe_atom', 'c_ke_atom', 'c_coord']
09:30:25  INFO     Loaded 473344 atoms, timestep=594, time=0.5940 ps from dump.ballistic_ac_15kev.sp3_20.594
09:30:25  INFO       [23/142] step 594    1.6s (sp3=18.0% disp=12)
09:30:26  INFO     Detected columns: ['id', 'type', 'x', 'y', 'z', 'vx', 'vy', 'vz', 'c_pe_atom', 'c_ke_atom', 'c_coord']
09:30:27  INFO     Loaded 473344 atoms, timestep=621, time=0.6210 ps from dump.ballistic_ac_15kev.sp3_20.621
09:30:27  INFO       [24/142] step 621    1.8s (sp3=18.0% disp=12)
09:30:27  INFO     Detected columns: ['id', 'type', 'x', 'y', 'z', 'vx', 'vy', 'vz', 'c_pe_atom', 'c_ke_atom', 'c_coord']
09:30:29  INFO     Loaded 473344 atoms, timestep=648, time=0.6480 ps from dump.ballistic_ac_15kev.sp3_20.648
09:30:29  INFO       [25/142] step 648    1.7s (sp3=18.0% disp=12)
09:30:29  INFO     Detected columns: ['id', 'type', 'x', 'y', 'z', 'vx', 'vy', 'vz', 'c_pe_atom', 'c_ke_atom', 'c_coord']
09:30:31  INFO     Loaded 473344 atoms, timestep=675, time=0.6750 ps from dump.ballistic_ac_15kev.sp3_20.675
09:30:31  INFO       [26/142] step 675    1.9s (sp3=18.0% disp=11)
09:30:31  INFO     Detected columns: ['id', 'type', 'x', 'y', 'z', 'vx', 'vy', 'vz', 'c_pe_atom', 'c_ke_atom', 'c_coord']
09:30:33  INFO     Loaded 473344 atoms, timestep=702, time=0.7020 ps from dump.ballistic_ac_15kev.sp3_20.702
09:30:33  INFO       [27/142] step 702    2.0s (sp3=18.0% disp=5)
09:30:33  INFO     Detected columns: ['id', 'type', 'x', 'y', 'z', 'vx', 'vy', 'vz', 'c_pe_atom', 'c_ke_atom', 'c_coord']
09:30:35  INFO     Loaded 473344 atoms, timestep=729, time=0.7290 ps from dump.ballistic_ac_15kev.sp3_20.729
09:30:35  INFO       [28/142] step 729    1.9s (sp3=18.0% disp=5)
09:30:35  INFO     Detected columns: ['id', 'type', 'x', 'y', 'z', 'vx', 'vy', 'vz', 'c_pe_atom', 'c_ke_atom', 'c_coord']
09:30:36  INFO     Loaded 473344 atoms, timestep=756, time=0.7560 ps from dump.ballistic_ac_15kev.sp3_20.756
09:30:37  INFO       [29/142] step 756    1.9s (sp3=18.0% disp=9)
09:30:37  INFO     Detected columns: ['id', 'type', 'x', 'y', 'z', 'vx', 'vy', 'vz', 'c_pe_atom', 'c_ke_atom', 'c_coord']
09:30:38  INFO     Loaded 473344 atoms, timestep=783, time=0.7830 ps from dump.ballistic_ac_15kev.sp3_20.783
09:30:38  INFO       [30/142] step 783    1.6s (sp3=18.0% disp=3)
09:30:38  INFO     Detected columns: ['id', 'type', 'x', 'y', 'z', 'vx', 'vy', 'vz', 'c_pe_atom', 'c_ke_atom', 'c_coord']
09:30:40  INFO     Loaded 473344 atoms, timestep=810, time=0.8100 ps from dump.ballistic_ac_15kev.sp3_20.810
09:30:40  INFO       [31/142] step 810    1.8s (sp3=18.0% disp=11)
09:30:40  INFO     Detected columns: ['id', 'type', 'x', 'y', 'z', 'vx', 'vy', 'vz', 'c_pe_atom', 'c_ke_atom', 'c_coord']
09:30:42  INFO     Loaded 473344 atoms, timestep=837, time=0.8370 ps from dump.ballistic_ac_15kev.sp3_20.837
09:30:42  INFO       [32/142] step 837    1.7s (sp3=18.0% disp=11)
09:30:42  INFO     Detected columns: ['id', 'type', 'x', 'y', 'z', 'vx', 'vy', 'vz', 'c_pe_atom', 'c_ke_atom', 'c_coord']
09:30:43  INFO     Loaded 473344 atoms, timestep=864, time=0.8640 ps from dump.ballistic_ac_15kev.sp3_20.864
09:30:44  INFO       [33/142] step 864    1.8s (sp3=18.0% disp=12)
09:30:44  INFO     Detected columns: ['id', 'type', 'x', 'y', 'z', 'vx', 'vy', 'vz', 'c_pe_atom', 'c_ke_atom', 'c_coord']
09:30:45  INFO     Loaded 473344 atoms, timestep=891, time=0.8910 ps from dump.ballistic_ac_15kev.sp3_20.891
09:30:45  INFO       [34/142] step 891    1.7s (sp3=18.0% disp=12)
09:30:45  INFO     Detected columns: ['id', 'type', 'x', 'y', 'z', 'vx', 'vy', 'vz', 'c_pe_atom', 'c_ke_atom', 'c_coord']
09:30:47  INFO     Loaded 473344 atoms, timestep=918, time=0.9180 ps from dump.ballistic_ac_15kev.sp3_20.918
09:30:47  INFO       [35/142] step 918    1.8s (sp3=18.0% disp=12)
09:30:47  INFO     Detected columns: ['id', 'type', 'x', 'y', 'z', 'vx', 'vy', 'vz', 'c_pe_atom', 'c_ke_atom', 'c_coord']
09:30:49  INFO     Loaded 473344 atoms, timestep=945, time=0.9450 ps from dump.ballistic_ac_15kev.sp3_20.945
09:30:49  INFO       [36/142] step 945    2.0s (sp3=18.0% disp=14)
09:30:49  INFO     Detected columns: ['id', 'type', 'x', 'y', 'z', 'vx', 'vy', 'vz', 'c_pe_atom', 'c_ke_atom', 'c_coord']
09:30:51  INFO     Loaded 473344 atoms, timestep=972, time=0.9720 ps from dump.ballistic_ac_15kev.sp3_20.972
09:30:51  INFO       [37/142] step 972    1.8s (sp3=18.0% disp=15)
09:30:51  INFO     Detected columns: ['id', 'type', 'x', 'y', 'z', 'vx', 'vy', 'vz', 'c_pe_atom', 'c_ke_atom', 'c_coord']
09:30:53  INFO     Loaded 473344 atoms, timestep=999, time=0.9990 ps from dump.ballistic_ac_15kev.sp3_20.999
09:30:53  INFO       [38/142] step 999    1.9s (sp3=18.0% disp=15)
09:30:53  INFO     Detected columns: ['id', 'type', 'x', 'y', 'z', 'vx', 'vy', 'vz', 'c_pe_atom', 'c_ke_atom', 'c_coord']
09:30:54  INFO     Loaded 473344 atoms, timestep=1026, time=1.0260 ps from dump.ballistic_ac_15kev.sp3_20.1026
09:30:54  INFO       [39/142] step 1026   1.6s (sp3=18.0% disp=15)
09:30:55  INFO     Detected columns: ['id', 'type', 'x', 'y', 'z', 'vx', 'vy', 'vz', 'c_pe_atom', 'c_ke_atom', 'c_coord']
09:30:56  INFO     Loaded 473344 atoms, timestep=1053, time=1.0530 ps from dump.ballistic_ac_15kev.sp3_20.1053
09:30:56  INFO       [40/142] step 1053   1.8s (sp3=18.0% disp=10)
09:30:56  INFO     Detected columns: ['id', 'type', 'x', 'y', 'z', 'vx', 'vy', 'vz', 'c_pe_atom', 'c_ke_atom', 'c_coord']
09:30:58  INFO     Loaded 473344 atoms, timestep=1080, time=1.0800 ps from dump.ballistic_ac_15kev.sp3_20.1080
09:30:58  INFO       [41/142] step 1080   1.7s (sp3=18.0% disp=10)
09:30:58  INFO     Detected columns: ['id', 'type', 'x', 'y', 'z', 'vx', 'vy', 'vz', 'c_pe_atom', 'c_ke_atom', 'c_coord']
09:31:00  INFO     Loaded 473344 atoms, timestep=1107, time=1.1070 ps from dump.ballistic_ac_15kev.sp3_20.1107
09:31:00  INFO       [42/142] step 1107   1.8s (sp3=18.0% disp=11)
09:31:00  INFO     Detected columns: ['id', 'type', 'x', 'y', 'z', 'vx', 'vy', 'vz', 'c_pe_atom', 'c_ke_atom', 'c_coord']
09:31:01  INFO     Loaded 473344 atoms, timestep=1134, time=1.1340 ps from dump.ballistic_ac_15kev.sp3_20.1134
09:31:01  INFO       [43/142] step 1134   1.7s (sp3=18.0% disp=13)
09:31:02  INFO     Detected columns: ['id', 'type', 'x', 'y', 'z', 'vx', 'vy', 'vz', 'c_pe_atom', 'c_ke_atom', 'c_coord']
09:31:03  INFO     Loaded 473344 atoms, timestep=1161, time=1.1610 ps from dump.ballistic_ac_15kev.sp3_20.1161
09:31:03  INFO       [44/142] step 1161   1.9s (sp3=18.0% disp=15)
09:31:03  INFO     Detected columns: ['id', 'type', 'x', 'y', 'z', 'vx', 'vy', 'vz', 'c_pe_atom', 'c_ke_atom', 'c_coord']
09:31:05  INFO     Loaded 473344 atoms, timestep=1188, time=1.1880 ps from dump.ballistic_ac_15kev.sp3_20.1188
09:31:05  INFO       [45/142] step 1188   2.0s (sp3=18.0% disp=13)
09:31:06  INFO     Detected columns: ['id', 'type', 'x', 'y', 'z', 'vx', 'vy', 'vz', 'c_pe_atom', 'c_ke_atom', 'c_coord']
09:31:07  INFO     Loaded 473344 atoms, timestep=1215, time=1.2150 ps from dump.ballistic_ac_15kev.sp3_20.1215
09:31:07  INFO       [46/142] step 1215   2.0s (sp3=18.0% disp=14)
09:31:08  INFO     Detected columns: ['id', 'type', 'x', 'y', 'z', 'vx', 'vy', 'vz', 'c_pe_atom', 'c_ke_atom', 'c_coord']
09:31:10  INFO     Loaded 473344 atoms, timestep=1242, time=1.2420 ps from dump.ballistic_ac_15kev.sp3_20.1242
09:31:10  INFO       [47/142] step 1242   2.6s (sp3=18.0% disp=16)
09:31:10  INFO     Detected columns: ['id', 'type', 'x', 'y', 'z', 'vx', 'vy', 'vz', 'c_pe_atom', 'c_ke_atom', 'c_coord']
09:31:12  INFO     Loaded 473344 atoms, timestep=1269, time=1.2690 ps from dump.ballistic_ac_15kev.sp3_20.1269
09:31:12  INFO       [48/142] step 1269   1.9s (sp3=18.0% disp=17)
09:31:12  INFO     Detected columns: ['id', 'type', 'x', 'y', 'z', 'vx', 'vy', 'vz', 'c_pe_atom', 'c_ke_atom', 'c_coord']
09:31:14  INFO     Loaded 473344 atoms, timestep=1296, time=1.2960 ps from dump.ballistic_ac_15kev.sp3_20.1296
09:31:14  INFO       [49/142] step 1296   2.1s (sp3=18.0% disp=17)
09:31:15  INFO     Detected columns: ['id', 'type', 'x', 'y', 'z', 'vx', 'vy', 'vz', 'c_pe_atom', 'c_ke_atom', 'c_coord']
09:31:16  INFO     Loaded 473344 atoms, timestep=1323, time=1.3230 ps from dump.ballistic_ac_15kev.sp3_20.1323
09:31:16  INFO       [50/142] step 1323   2.1s (sp3=18.0% disp=16)
09:31:17  INFO     Detected columns: ['id', 'type', 'x', 'y', 'z', 'vx', 'vy', 'vz', 'c_pe_atom', 'c_ke_atom', 'c_coord']
09:31:18  INFO     Loaded 473344 atoms, timestep=1350, time=1.3500 ps from dump.ballistic_ac_15kev.sp3_20.1350
09:31:18  INFO       [51/142] step 1350   2.2s (sp3=18.0% disp=16)
09:31:19  INFO     Detected columns: ['id', 'type', 'x', 'y', 'z', 'vx', 'vy', 'vz', 'c_pe_atom', 'c_ke_atom', 'c_coord']
09:31:20  INFO     Loaded 473344 atoms, timestep=1377, time=1.3770 ps from dump.ballistic_ac_15kev.sp3_20.1377
09:31:20  INFO       [52/142] step 1377   1.9s (sp3=18.0% disp=18)
09:31:20  INFO     Detected columns: ['id', 'type', 'x', 'y', 'z', 'vx', 'vy', 'vz', 'c_pe_atom', 'c_ke_atom', 'c_coord']
09:31:22  INFO     Loaded 473344 atoms, timestep=1404, time=1.4040 ps from dump.ballistic_ac_15kev.sp3_20.1404
09:31:22  INFO       [53/142] step 1404   1.8s (sp3=18.0% disp=18)
09:31:22  INFO     Detected columns: ['id', 'type', 'x', 'y', 'z', 'vx', 'vy', 'vz', 'c_pe_atom', 'c_ke_atom', 'c_coord']
09:31:24  INFO     Loaded 473344 atoms, timestep=1431, time=1.4310 ps from dump.ballistic_ac_15kev.sp3_20.1431
09:31:24  INFO       [54/142] step 1431   2.0s (sp3=18.0% disp=18)
09:31:24  INFO     Detected columns: ['id', 'type', 'x', 'y', 'z', 'vx', 'vy', 'vz', 'c_pe_atom', 'c_ke_atom', 'c_coord']
09:31:26  INFO     Loaded 473344 atoms, timestep=1458, time=1.4580 ps from dump.ballistic_ac_15kev.sp3_20.1458
09:31:26  INFO       [55/142] step 1458   1.9s (sp3=18.0% disp=20)
09:31:26  INFO     Detected columns: ['id', 'type', 'x', 'y', 'z', 'vx', 'vy', 'vz', 'c_pe_atom', 'c_ke_atom', 'c_coord']
09:31:28  INFO     Loaded 473344 atoms, timestep=1485, time=1.4850 ps from dump.ballistic_ac_15kev.sp3_20.1485
09:31:28  INFO       [56/142] step 1485   1.9s (sp3=18.0% disp=22)
09:31:28  INFO     Detected columns: ['id', 'type', 'x', 'y', 'z', 'vx', 'vy', 'vz', 'c_pe_atom', 'c_ke_atom', 'c_coord']
09:31:30  INFO     Loaded 473344 atoms, timestep=1512, time=1.5120 ps from dump.ballistic_ac_15kev.sp3_20.1512
09:31:30  INFO       [57/142] step 1512   2.0s (sp3=18.0% disp=17)
09:31:30  INFO     Detected columns: ['id', 'type', 'x', 'y', 'z', 'vx', 'vy', 'vz', 'c_pe_atom', 'c_ke_atom', 'c_coord']
09:31:32  INFO     Loaded 473344 atoms, timestep=1539, time=1.5390 ps from dump.ballistic_ac_15kev.sp3_20.1539
09:31:32  INFO       [58/142] step 1539   1.8s (sp3=18.0% disp=29)
09:31:32  INFO     Detected columns: ['id', 'type', 'x', 'y', 'z', 'vx', 'vy', 'vz', 'c_pe_atom', 'c_ke_atom', 'c_coord']
09:31:33  INFO     Loaded 473344 atoms, timestep=1566, time=1.5660 ps from dump.ballistic_ac_15kev.sp3_20.1566
09:31:33  INFO       [59/142] step 1566   1.7s (sp3=18.0% disp=29)
09:31:34  INFO     Detected columns: ['id', 'type', 'x', 'y', 'z', 'vx', 'vy', 'vz', 'c_pe_atom', 'c_ke_atom', 'c_coord']
09:31:35  INFO     Loaded 473344 atoms, timestep=1593, time=1.5930 ps from dump.ballistic_ac_15kev.sp3_20.1593
09:31:35  INFO       [60/142] step 1593   1.9s (sp3=18.0% disp=29)
09:31:36  INFO     Detected columns: ['id', 'type', 'x', 'y', 'z', 'vx', 'vy', 'vz', 'c_pe_atom', 'c_ke_atom', 'c_coord']
09:31:37  INFO     Loaded 473344 atoms, timestep=1620, time=1.6200 ps from dump.ballistic_ac_15kev.sp3_20.1620
09:31:37  INFO       [61/142] step 1620   1.9s (sp3=18.0% disp=29)
09:31:38  INFO     Detected columns: ['id', 'type', 'x', 'y', 'z', 'vx', 'vy', 'vz', 'c_pe_atom', 'c_ke_atom', 'c_coord']
09:31:39  INFO     Loaded 473344 atoms, timestep=1647, time=1.6470 ps from dump.ballistic_ac_15kev.sp3_20.1647
09:31:39  INFO       [62/142] step 1647   2.1s (sp3=18.0% disp=22)
09:31:39  INFO     Detected columns: ['id', 'type', 'x', 'y', 'z', 'vx', 'vy', 'vz', 'c_pe_atom', 'c_ke_atom', 'c_coord']
09:31:41  INFO     Loaded 473344 atoms, timestep=1674, time=1.6740 ps from dump.ballistic_ac_15kev.sp3_20.1674
09:31:41  INFO       [63/142] step 1674   2.0s (sp3=18.0% disp=21)
09:31:41  INFO     Detected columns: ['id', 'type', 'x', 'y', 'z', 'vx', 'vy', 'vz', 'c_pe_atom', 'c_ke_atom', 'c_coord']
09:31:43  INFO     Loaded 473344 atoms, timestep=1701, time=1.7010 ps from dump.ballistic_ac_15kev.sp3_20.1701
09:31:43  INFO       [64/142] step 1701   1.9s (sp3=18.0% disp=21)
09:31:43  INFO     Detected columns: ['id', 'type', 'x', 'y', 'z', 'vx', 'vy', 'vz', 'c_pe_atom', 'c_ke_atom', 'c_coord']
09:31:45  INFO     Loaded 473344 atoms, timestep=1728, time=1.7280 ps from dump.ballistic_ac_15kev.sp3_20.1728
09:31:45  INFO       [65/142] step 1728   2.0s (sp3=18.0% disp=22)
09:31:45  INFO     Detected columns: ['id', 'type', 'x', 'y', 'z', 'vx', 'vy', 'vz', 'c_pe_atom', 'c_ke_atom', 'c_coord']
09:31:47  INFO     Loaded 473344 atoms, timestep=1755, time=1.7550 ps from dump.ballistic_ac_15kev.sp3_20.1755
09:31:47  INFO       [66/142] step 1755   1.6s (sp3=18.0% disp=22)
09:31:47  INFO     Detected columns: ['id', 'type', 'x', 'y', 'z', 'vx', 'vy', 'vz', 'c_pe_atom', 'c_ke_atom', 'c_coord']
09:31:49  INFO     Loaded 473344 atoms, timestep=1782, time=1.7820 ps from dump.ballistic_ac_15kev.sp3_20.1782
09:31:49  INFO       [67/142] step 1782   1.9s (sp3=18.0% disp=27)
09:31:49  INFO     Detected columns: ['id', 'type', 'x', 'y', 'z', 'vx', 'vy', 'vz', 'c_pe_atom', 'c_ke_atom', 'c_coord']
09:31:50  INFO     Loaded 473344 atoms, timestep=1809, time=1.8090 ps from dump.ballistic_ac_15kev.sp3_20.1809
09:31:51  INFO       [68/142] step 1809   1.9s (sp3=18.0% disp=27)
09:31:51  INFO     Detected columns: ['id', 'type', 'x', 'y', 'z', 'vx', 'vy', 'vz', 'c_pe_atom', 'c_ke_atom', 'c_coord']
09:31:52  INFO     Loaded 473344 atoms, timestep=1836, time=1.8360 ps from dump.ballistic_ac_15kev.sp3_20.1836
09:31:53  INFO       [69/142] step 1836   2.0s (sp3=18.0% disp=56)
09:31:53  INFO     Detected columns: ['id', 'type', 'x', 'y', 'z', 'vx', 'vy', 'vz', 'c_pe_atom', 'c_ke_atom', 'c_coord']
09:31:54  INFO     Loaded 473344 atoms, timestep=1863, time=1.8630 ps from dump.ballistic_ac_15kev.sp3_20.1863
09:31:54  INFO       [70/142] step 1863   1.7s (sp3=18.0% disp=53)
09:31:54  INFO     Detected columns: ['id', 'type', 'x', 'y', 'z', 'vx', 'vy', 'vz', 'c_pe_atom', 'c_ke_atom', 'c_coord']
09:31:56  INFO     Loaded 473344 atoms, timestep=1890, time=1.8900 ps from dump.ballistic_ac_15kev.sp3_20.1890
09:31:56  INFO       [71/142] step 1890   1.8s (sp3=18.0% disp=55)
09:31:56  INFO     Detected columns: ['id', 'type', 'x', 'y', 'z', 'vx', 'vy', 'vz', 'c_pe_atom', 'c_ke_atom', 'c_coord']
09:31:58  INFO     Loaded 473344 atoms, timestep=1917, time=1.9170 ps from dump.ballistic_ac_15kev.sp3_20.1917
09:31:58  INFO       [72/142] step 1917   2.0s (sp3=18.0% disp=56)
09:31:58  INFO     Detected columns: ['id', 'type', 'x', 'y', 'z', 'vx', 'vy', 'vz', 'c_pe_atom', 'c_ke_atom', 'c_coord']
09:32:00  INFO     Loaded 473344 atoms, timestep=1944, time=1.9440 ps from dump.ballistic_ac_15kev.sp3_20.1944
09:32:00  INFO       [73/142] step 1944   1.9s (sp3=18.0% disp=56)
09:32:00  INFO     Detected columns: ['id', 'type', 'x', 'y', 'z', 'vx', 'vy', 'vz', 'c_pe_atom', 'c_ke_atom', 'c_coord']
09:32:02  INFO     Loaded 473344 atoms, timestep=1971, time=1.9710 ps from dump.ballistic_ac_15kev.sp3_20.1971
09:32:02  INFO       [74/142] step 1971   2.1s (sp3=18.0% disp=58)
09:32:02  INFO     Detected columns: ['id', 'type', 'x', 'y', 'z', 'vx', 'vy', 'vz', 'c_pe_atom', 'c_ke_atom', 'c_coord']
09:32:04  INFO     Loaded 473344 atoms, timestep=1998, time=1.9980 ps from dump.ballistic_ac_15kev.sp3_20.1998
09:32:04  INFO       [75/142] step 1998   1.8s (sp3=18.0% disp=25)
09:32:04  INFO     Detected columns: ['id', 'type', 'x', 'y', 'z', 'vx', 'vy', 'vz', 'c_pe_atom', 'c_ke_atom', 'c_coord']
09:32:06  INFO     Loaded 473344 atoms, timestep=2040, time=2.0400 ps from dump.ballistic_ac_15kev.sp3_20.2040
09:32:06  INFO       [76/142] step 2040   2.0s (sp3=18.0% disp=21)
09:32:06  INFO     Detected columns: ['id', 'type', 'x', 'y', 'z', 'vx', 'vy', 'vz', 'c_pe_atom', 'c_ke_atom', 'c_coord']
09:32:08  INFO     Loaded 473344 atoms, timestep=2160, time=2.1600 ps from dump.ballistic_ac_15kev.sp3_20.2160
09:32:08  INFO       [77/142] step 2160   2.0s (sp3=18.0% disp=51)
09:32:08  INFO     Detected columns: ['id', 'type', 'x', 'y', 'z', 'vx', 'vy', 'vz', 'c_pe_atom', 'c_ke_atom', 'c_coord']
09:32:10  INFO     Loaded 473344 atoms, timestep=2280, time=2.2800 ps from dump.ballistic_ac_15kev.sp3_20.2280
09:32:10  INFO       [78/142] step 2280   2.0s (sp3=18.0% disp=56)
09:32:10  INFO     Detected columns: ['id', 'type', 'x', 'y', 'z', 'vx', 'vy', 'vz', 'c_pe_atom', 'c_ke_atom', 'c_coord']
09:32:12  INFO     Loaded 473344 atoms, timestep=2400, time=2.4000 ps from dump.ballistic_ac_15kev.sp3_20.2400
09:32:12  INFO       [79/142] step 2400   2.0s (sp3=18.0% disp=52)
09:32:12  INFO     Detected columns: ['id', 'type', 'x', 'y', 'z', 'vx', 'vy', 'vz', 'c_pe_atom', 'c_ke_atom', 'c_coord']
09:32:14  INFO     Loaded 473344 atoms, timestep=2520, time=2.5200 ps from dump.ballistic_ac_15kev.sp3_20.2520
09:32:14  INFO       [80/142] step 2520   2.1s (sp3=18.0% disp=116)
09:32:14  INFO     Detected columns: ['id', 'type', 'x', 'y', 'z', 'vx', 'vy', 'vz', 'c_pe_atom', 'c_ke_atom', 'c_coord']
09:32:16  INFO     Loaded 473344 atoms, timestep=2640, time=2.6400 ps from dump.ballistic_ac_15kev.sp3_20.2640
09:32:16  INFO       [81/142] step 2640   2.1s (sp3=18.0% disp=112)
09:32:16  INFO     Detected columns: ['id', 'type', 'x', 'y', 'z', 'vx', 'vy', 'vz', 'c_pe_atom', 'c_ke_atom', 'c_coord']
09:32:18  INFO     Loaded 473344 atoms, timestep=2760, time=2.7600 ps from dump.ballistic_ac_15kev.sp3_20.2760
09:32:18  INFO       [82/142] step 2760   1.9s (sp3=18.0% disp=142)
09:32:18  INFO     Detected columns: ['id', 'type', 'x', 'y', 'z', 'vx', 'vy', 'vz', 'c_pe_atom', 'c_ke_atom', 'c_coord']
09:32:20  INFO     Loaded 473344 atoms, timestep=2880, time=2.8800 ps from dump.ballistic_ac_15kev.sp3_20.2880
09:32:20  INFO       [83/142] step 2880   1.9s (sp3=18.0% disp=48)
09:32:20  INFO     Detected columns: ['id', 'type', 'x', 'y', 'z', 'vx', 'vy', 'vz', 'c_pe_atom', 'c_ke_atom', 'c_coord']
09:32:21  INFO     Loaded 473344 atoms, timestep=3000, time=3.0000 ps from dump.ballistic_ac_15kev.sp3_20.3000
09:32:21  INFO       [84/142] step 3000   1.6s (sp3=18.0% disp=20)
09:32:22  INFO     Detected columns: ['id', 'type', 'x', 'y', 'z', 'vx', 'vy', 'vz', 'c_pe_atom', 'c_ke_atom', 'c_coord']
09:32:23  INFO     Loaded 473344 atoms, timestep=3120, time=3.1200 ps from dump.ballistic_ac_15kev.sp3_20.3120
09:32:23  INFO       [85/142] step 3120   1.8s (sp3=18.0% disp=48)
09:32:23  INFO     Detected columns: ['id', 'type', 'x', 'y', 'z', 'vx', 'vy', 'vz', 'c_pe_atom', 'c_ke_atom', 'c_coord']
09:32:25  INFO     Loaded 473344 atoms, timestep=3240, time=3.2400 ps from dump.ballistic_ac_15kev.sp3_20.3240
09:32:25  INFO       [86/142] step 3240   1.7s (sp3=18.0% disp=20)
09:32:25  INFO     Detected columns: ['id', 'type', 'x', 'y', 'z', 'vx', 'vy', 'vz', 'c_pe_atom', 'c_ke_atom', 'c_coord']
09:32:27  INFO     Loaded 473344 atoms, timestep=3360, time=3.3600 ps from dump.ballistic_ac_15kev.sp3_20.3360
09:32:27  INFO       [87/142] step 3360   1.8s (sp3=18.1% disp=62)
09:32:27  INFO     Detected columns: ['id', 'type', 'x', 'y', 'z', 'vx', 'vy', 'vz', 'c_pe_atom', 'c_ke_atom', 'c_coord']
09:32:28  INFO     Loaded 473344 atoms, timestep=3480, time=3.4800 ps from dump.ballistic_ac_15kev.sp3_20.3480
09:32:28  INFO       [88/142] step 3480   1.7s (sp3=18.1% disp=19)
09:32:29  INFO     Detected columns: ['id', 'type', 'x', 'y', 'z', 'vx', 'vy', 'vz', 'c_pe_atom', 'c_ke_atom', 'c_coord']
09:32:30  INFO     Loaded 473344 atoms, timestep=3600, time=3.6000 ps from dump.ballistic_ac_15kev.sp3_20.3600
09:32:30  INFO       [89/142] step 3600   1.8s (sp3=18.0% disp=32)
09:32:30  INFO     Detected columns: ['id', 'type', 'x', 'y', 'z', 'vx', 'vy', 'vz', 'c_pe_atom', 'c_ke_atom', 'c_coord']
09:32:32  INFO     Loaded 473344 atoms, timestep=3720, time=3.7200 ps from dump.ballistic_ac_15kev.sp3_20.3720
09:32:32  INFO       [90/142] step 3720   2.0s (sp3=18.1% disp=91)
09:32:32  INFO     Detected columns: ['id', 'type', 'x', 'y', 'z', 'vx', 'vy', 'vz', 'c_pe_atom', 'c_ke_atom', 'c_coord']
09:32:34  INFO     Loaded 473344 atoms, timestep=3840, time=3.8400 ps from dump.ballistic_ac_15kev.sp3_20.3840
09:32:34  INFO       [91/142] step 3840   1.9s (sp3=18.1% disp=87)
09:32:34  INFO     Detected columns: ['id', 'type', 'x', 'y', 'z', 'vx', 'vy', 'vz', 'c_pe_atom', 'c_ke_atom', 'c_coord']
09:32:36  INFO     Loaded 473344 atoms, timestep=3960, time=3.9600 ps from dump.ballistic_ac_15kev.sp3_20.3960
09:32:36  INFO       [92/142] step 3960   1.9s (sp3=18.1% disp=20)
09:32:36  INFO     Detected columns: ['id', 'type', 'x', 'y', 'z', 'vx', 'vy', 'vz', 'c_pe_atom', 'c_ke_atom', 'c_coord']
09:32:37  INFO     Loaded 473344 atoms, timestep=4080, time=4.0800 ps from dump.ballistic_ac_15kev.sp3_20.4080
09:32:38  INFO       [93/142] step 4080   1.6s (sp3=18.1% disp=20)
09:32:38  INFO     Detected columns: ['id', 'type', 'x', 'y', 'z', 'vx', 'vy', 'vz', 'c_pe_atom', 'c_ke_atom', 'c_coord']
09:32:39  INFO     Loaded 473344 atoms, timestep=4200, time=4.2000 ps from dump.ballistic_ac_15kev.sp3_20.4200
09:32:39  INFO       [94/142] step 4200   1.8s (sp3=18.1% disp=20)
09:32:39  INFO     Detected columns: ['id', 'type', 'x', 'y', 'z', 'vx', 'vy', 'vz', 'c_pe_atom', 'c_ke_atom', 'c_coord']
09:32:41  INFO     Loaded 473344 atoms, timestep=4320, time=4.3200 ps from dump.ballistic_ac_15kev.sp3_20.4320
09:32:41  INFO       [95/142] step 4320   1.7s (sp3=18.1% disp=40)
09:32:41  INFO     Detected columns: ['id', 'type', 'x', 'y', 'z', 'vx', 'vy', 'vz', 'c_pe_atom', 'c_ke_atom', 'c_coord']
09:32:43  INFO     Loaded 473344 atoms, timestep=4440, time=4.4400 ps from dump.ballistic_ac_15kev.sp3_20.4440
09:32:43  INFO       [96/142] step 4440   1.8s (sp3=18.1% disp=19)
09:32:43  INFO     Detected columns: ['id', 'type', 'x', 'y', 'z', 'vx', 'vy', 'vz', 'c_pe_atom', 'c_ke_atom', 'c_coord']
09:32:44  INFO     Loaded 473344 atoms, timestep=4560, time=4.5600 ps from dump.ballistic_ac_15kev.sp3_20.4560
09:32:45  INFO       [97/142] step 4560   1.7s (sp3=18.1% disp=20)
09:32:45  INFO     Detected columns: ['id', 'type', 'x', 'y', 'z', 'vx', 'vy', 'vz', 'c_pe_atom', 'c_ke_atom', 'c_coord']
09:32:46  INFO     Loaded 473344 atoms, timestep=4680, time=4.6800 ps from dump.ballistic_ac_15kev.sp3_20.4680
09:32:46  INFO       [98/142] step 4680   1.8s (sp3=18.1% disp=20)
09:32:46  INFO     Detected columns: ['id', 'type', 'x', 'y', 'z', 'vx', 'vy', 'vz', 'c_pe_atom', 'c_ke_atom', 'c_coord']
09:32:48  INFO     Loaded 473344 atoms, timestep=4800, time=4.8000 ps from dump.ballistic_ac_15kev.sp3_20.4800
09:32:48  INFO       [99/142] step 4800   1.9s (sp3=18.1% disp=37)
09:32:48  INFO     Detected columns: ['id', 'type', 'x', 'y', 'z', 'vx', 'vy', 'vz', 'c_pe_atom', 'c_ke_atom', 'c_coord']
09:32:50  INFO     Loaded 473344 atoms, timestep=4920, time=4.9200 ps from dump.ballistic_ac_15kev.sp3_20.4920
09:32:50  INFO       [100/142] step 4920   1.9s (sp3=18.1% disp=91)
09:32:50  INFO     Detected columns: ['id', 'type', 'x', 'y', 'z', 'vx', 'vy', 'vz', 'c_pe_atom', 'c_ke_atom', 'c_coord']
09:32:52  INFO     Loaded 473344 atoms, timestep=5040, time=5.0400 ps from dump.ballistic_ac_15kev.sp3_20.5040
09:32:52  INFO       [101/142] step 5040   1.9s (sp3=18.1% disp=20)
09:32:52  INFO     Detected columns: ['id', 'type', 'x', 'y', 'z', 'vx', 'vy', 'vz', 'c_pe_atom', 'c_ke_atom', 'c_coord']
09:32:54  INFO     Loaded 473344 atoms, timestep=5160, time=5.1600 ps from dump.ballistic_ac_15kev.sp3_20.5160
09:32:54  INFO       [102/142] step 5160   1.6s (sp3=18.1% disp=20)
09:32:54  INFO     Detected columns: ['id', 'type', 'x', 'y', 'z', 'vx', 'vy', 'vz', 'c_pe_atom', 'c_ke_atom', 'c_coord']
09:32:55  INFO     Loaded 473344 atoms, timestep=5280, time=5.2800 ps from dump.ballistic_ac_15kev.sp3_20.5280
09:32:55  INFO       [103/142] step 5280   1.8s (sp3=18.1% disp=83)
09:32:56  INFO     Detected columns: ['id', 'type', 'x', 'y', 'z', 'vx', 'vy', 'vz', 'c_pe_atom', 'c_ke_atom', 'c_coord']
09:32:57  INFO     Loaded 473344 atoms, timestep=5400, time=5.4000 ps from dump.ballistic_ac_15kev.sp3_20.5400
09:32:57  INFO       [104/142] step 5400   1.7s (sp3=18.1% disp=38)
09:32:57  INFO     Detected columns: ['id', 'type', 'x', 'y', 'z', 'vx', 'vy', 'vz', 'c_pe_atom', 'c_ke_atom', 'c_coord']
09:32:59  INFO     Loaded 473344 atoms, timestep=5520, time=5.5200 ps from dump.ballistic_ac_15kev.sp3_20.5520
09:32:59  INFO       [105/142] step 5520   1.8s (sp3=18.1% disp=20)
09:32:59  INFO     Detected columns: ['id', 'type', 'x', 'y', 'z', 'vx', 'vy', 'vz', 'c_pe_atom', 'c_ke_atom', 'c_coord']
09:33:01  INFO     Loaded 473344 atoms, timestep=5640, time=5.6400 ps from dump.ballistic_ac_15kev.sp3_20.5640
09:33:01  INFO       [106/142] step 5640   1.7s (sp3=18.1% disp=20)
09:33:01  INFO     Detected columns: ['id', 'type', 'x', 'y', 'z', 'vx', 'vy', 'vz', 'c_pe_atom', 'c_ke_atom', 'c_coord']
09:33:02  INFO     Loaded 473344 atoms, timestep=5760, time=5.7600 ps from dump.ballistic_ac_15kev.sp3_20.5760
09:33:03  INFO       [107/142] step 5760   1.8s (sp3=18.1% disp=20)
09:33:03  INFO     Detected columns: ['id', 'type', 'x', 'y', 'z', 'vx', 'vy', 'vz', 'c_pe_atom', 'c_ke_atom', 'c_coord']
09:33:04  INFO     Loaded 473344 atoms, timestep=5880, time=5.8800 ps from dump.ballistic_ac_15kev.sp3_20.5880
09:33:05  INFO       [108/142] step 5880   2.0s (sp3=18.1% disp=20)
09:33:05  INFO     Detected columns: ['id', 'type', 'x', 'y', 'z', 'vx', 'vy', 'vz', 'c_pe_atom', 'c_ke_atom', 'c_coord']
09:33:06  INFO     Loaded 473344 atoms, timestep=6000, time=6.0000 ps from dump.ballistic_ac_15kev.sp3_20.6000
09:33:06  INFO       [109/142] step 6000   1.9s (sp3=18.1% disp=20)
09:33:07  INFO     Detected columns: ['id', 'type', 'x', 'y', 'z', 'vx', 'vy', 'vz', 'c_pe_atom', 'c_ke_atom', 'c_coord']
09:33:08  INFO     Loaded 473344 atoms, timestep=6120, time=6.1200 ps from dump.ballistic_ac_15kev.sp3_20.6120
09:33:08  INFO       [110/142] step 6120   1.9s (sp3=18.1% disp=20)
09:33:08  INFO     Detected columns: ['id', 'type', 'x', 'y', 'z', 'vx', 'vy', 'vz', 'c_pe_atom', 'c_ke_atom', 'c_coord']
09:33:10  INFO     Loaded 473344 atoms, timestep=6240, time=6.2400 ps from dump.ballistic_ac_15kev.sp3_20.6240
09:33:10  INFO       [111/142] step 6240   1.6s (sp3=18.1% disp=20)
09:33:10  INFO     Detected columns: ['id', 'type', 'x', 'y', 'z', 'vx', 'vy', 'vz', 'c_pe_atom', 'c_ke_atom', 'c_coord']
09:33:12  INFO     Loaded 473344 atoms, timestep=6360, time=6.3600 ps from dump.ballistic_ac_15kev.sp3_20.6360
09:33:12  INFO       [112/142] step 6360   1.8s (sp3=18.1% disp=20)
09:33:12  INFO     Detected columns: ['id', 'type', 'x', 'y', 'z', 'vx', 'vy', 'vz', 'c_pe_atom', 'c_ke_atom', 'c_coord']
09:33:13  INFO     Loaded 473344 atoms, timestep=6480, time=6.4800 ps from dump.ballistic_ac_15kev.sp3_20.6480
09:33:13  INFO       [113/142] step 6480   1.7s (sp3=18.1% disp=20)
09:33:14  INFO     Detected columns: ['id', 'type', 'x', 'y', 'z', 'vx', 'vy', 'vz', 'c_pe_atom', 'c_ke_atom', 'c_coord']
09:33:15  INFO     Loaded 473344 atoms, timestep=6600, time=6.6000 ps from dump.ballistic_ac_15kev.sp3_20.6600
09:33:15  INFO       [114/142] step 6600   1.8s (sp3=18.2% disp=20)
09:33:15  INFO     Detected columns: ['id', 'type', 'x', 'y', 'z', 'vx', 'vy', 'vz', 'c_pe_atom', 'c_ke_atom', 'c_coord']
09:33:17  INFO     Loaded 473344 atoms, timestep=6720, time=6.7200 ps from dump.ballistic_ac_15kev.sp3_20.6720
09:33:17  INFO       [115/142] step 6720   1.7s (sp3=18.2% disp=52)
09:33:17  INFO     Detected columns: ['id', 'type', 'x', 'y', 'z', 'vx', 'vy', 'vz', 'c_pe_atom', 'c_ke_atom', 'c_coord']
09:33:19  INFO     Loaded 473344 atoms, timestep=6840, time=6.8400 ps from dump.ballistic_ac_15kev.sp3_20.6840
09:33:19  INFO       [116/142] step 6840   1.7s (sp3=18.1% disp=40)
09:33:19  INFO     Detected columns: ['id', 'type', 'x', 'y', 'z', 'vx', 'vy', 'vz', 'c_pe_atom', 'c_ke_atom', 'c_coord']
09:33:20  INFO     Loaded 473344 atoms, timestep=6960, time=6.9600 ps from dump.ballistic_ac_15kev.sp3_20.6960
09:33:20  INFO       [117/142] step 6960   1.8s (sp3=18.2% disp=20)
09:33:21  INFO     Detected columns: ['id', 'type', 'x', 'y', 'z', 'vx', 'vy', 'vz', 'c_pe_atom', 'c_ke_atom', 'c_coord']
09:33:22  INFO     Loaded 473344 atoms, timestep=7080, time=7.0800 ps from dump.ballistic_ac_15kev.sp3_20.7080
09:33:22  INFO       [118/142] step 7080   1.7s (sp3=18.2% disp=38)
09:33:22  INFO     Detected columns: ['id', 'type', 'x', 'y', 'z', 'vx', 'vy', 'vz', 'c_pe_atom', 'c_ke_atom', 'c_coord']
09:33:24  INFO     Loaded 473344 atoms, timestep=7200, time=7.2000 ps from dump.ballistic_ac_15kev.sp3_20.7200
09:33:24  INFO       [119/142] step 7200   1.8s (sp3=18.1% disp=42)
09:33:24  INFO     Detected columns: ['id', 'type', 'x', 'y', 'z', 'vx', 'vy', 'vz', 'c_pe_atom', 'c_ke_atom', 'c_coord']
09:33:25  INFO     Loaded 473344 atoms, timestep=7320, time=7.3200 ps from dump.ballistic_ac_15kev.sp3_20.7320
09:33:26  INFO       [120/142] step 7320   1.5s (sp3=18.2% disp=20)
09:33:26  INFO     Detected columns: ['id', 'type', 'x', 'y', 'z', 'vx', 'vy', 'vz', 'c_pe_atom', 'c_ke_atom', 'c_coord']
09:33:27  INFO     Loaded 473344 atoms, timestep=7440, time=7.4400 ps from dump.ballistic_ac_15kev.sp3_20.7440
09:33:27  INFO       [121/142] step 7440   1.7s (sp3=18.2% disp=20)
09:33:27  INFO     Detected columns: ['id', 'type', 'x', 'y', 'z', 'vx', 'vy', 'vz', 'c_pe_atom', 'c_ke_atom', 'c_coord']
09:33:29  INFO     Loaded 473344 atoms, timestep=7560, time=7.5600 ps from dump.ballistic_ac_15kev.sp3_20.7560
09:33:29  INFO       [122/142] step 7560   1.5s (sp3=18.2% disp=20)
09:33:29  INFO     Detected columns: ['id', 'type', 'x', 'y', 'z', 'vx', 'vy', 'vz', 'c_pe_atom', 'c_ke_atom', 'c_coord']
09:33:30  INFO     Loaded 473344 atoms, timestep=7680, time=7.6800 ps from dump.ballistic_ac_15kev.sp3_20.7680
09:33:30  INFO       [123/142] step 7680   1.7s (sp3=18.2% disp=20)
09:33:31  INFO     Detected columns: ['id', 'type', 'x', 'y', 'z', 'vx', 'vy', 'vz', 'c_pe_atom', 'c_ke_atom', 'c_coord']
09:33:32  INFO     Loaded 473344 atoms, timestep=7800, time=7.8000 ps from dump.ballistic_ac_15kev.sp3_20.7800
09:33:32  INFO       [124/142] step 7800   1.5s (sp3=18.2% disp=20)
09:33:32  INFO     Detected columns: ['id', 'type', 'x', 'y', 'z', 'vx', 'vy', 'vz', 'c_pe_atom', 'c_ke_atom', 'c_coord']
09:33:34  INFO     Loaded 473344 atoms, timestep=7920, time=7.9200 ps from dump.ballistic_ac_15kev.sp3_20.7920
09:33:34  INFO       [125/142] step 7920   1.6s (sp3=18.2% disp=20)
09:33:34  INFO     Detected columns: ['id', 'type', 'x', 'y', 'z', 'vx', 'vy', 'vz', 'c_pe_atom', 'c_ke_atom', 'c_coord']
09:33:35  INFO     Loaded 473344 atoms, timestep=8040, time=8.0400 ps from dump.ballistic_ac_15kev.sp3_20.8040
09:33:35  INFO       [126/142] step 8040   1.8s (sp3=18.2% disp=20)
09:33:36  INFO     Detected columns: ['id', 'type', 'x', 'y', 'z', 'vx', 'vy', 'vz', 'c_pe_atom', 'c_ke_atom', 'c_coord']
09:33:37  INFO     Loaded 473344 atoms, timestep=8160, time=8.1600 ps from dump.ballistic_ac_15kev.sp3_20.8160
09:33:37  INFO       [127/142] step 8160   1.7s (sp3=18.2% disp=20)
09:33:37  INFO     Detected columns: ['id', 'type', 'x', 'y', 'z', 'vx', 'vy', 'vz', 'c_pe_atom', 'c_ke_atom', 'c_coord']
09:33:39  INFO     Loaded 473344 atoms, timestep=8280, time=8.2800 ps from dump.ballistic_ac_15kev.sp3_20.8280
09:33:39  INFO       [128/142] step 8280   1.7s (sp3=18.2% disp=20)
09:33:39  INFO     Detected columns: ['id', 'type', 'x', 'y', 'z', 'vx', 'vy', 'vz', 'c_pe_atom', 'c_ke_atom', 'c_coord']
09:33:40  INFO     Loaded 473344 atoms, timestep=8400, time=8.4000 ps from dump.ballistic_ac_15kev.sp3_20.8400
09:33:40  INFO       [129/142] step 8400   1.5s (sp3=18.2% disp=20)
09:33:41  INFO     Detected columns: ['id', 'type', 'x', 'y', 'z', 'vx', 'vy', 'vz', 'c_pe_atom', 'c_ke_atom', 'c_coord']
09:33:42  INFO     Loaded 473344 atoms, timestep=8520, time=8.5200 ps from dump.ballistic_ac_15kev.sp3_20.8520
09:33:42  INFO       [130/142] step 8520   1.6s (sp3=18.2% disp=20)
09:33:42  INFO     Detected columns: ['id', 'type', 'x', 'y', 'z', 'vx', 'vy', 'vz', 'c_pe_atom', 'c_ke_atom', 'c_coord']
09:33:44  INFO     Loaded 473344 atoms, timestep=8640, time=8.6400 ps from dump.ballistic_ac_15kev.sp3_20.8640
09:33:44  INFO       [131/142] step 8640   1.6s (sp3=18.2% disp=20)
09:33:44  INFO     Detected columns: ['id', 'type', 'x', 'y', 'z', 'vx', 'vy', 'vz', 'c_pe_atom', 'c_ke_atom', 'c_coord']
09:33:45  INFO     Loaded 473344 atoms, timestep=8760, time=8.7600 ps from dump.ballistic_ac_15kev.sp3_20.8760
09:33:45  INFO       [132/142] step 8760   1.6s (sp3=18.2% disp=20)
09:33:45  INFO     Detected columns: ['id', 'type', 'x', 'y', 'z', 'vx', 'vy', 'vz', 'c_pe_atom', 'c_ke_atom', 'c_coord']
09:33:47  INFO     Loaded 473344 atoms, timestep=8880, time=8.8800 ps from dump.ballistic_ac_15kev.sp3_20.8880
09:33:47  INFO       [133/142] step 8880   1.5s (sp3=18.2% disp=20)
09:33:47  INFO     Detected columns: ['id', 'type', 'x', 'y', 'z', 'vx', 'vy', 'vz', 'c_pe_atom', 'c_ke_atom', 'c_coord']
09:33:48  INFO     Loaded 473344 atoms, timestep=9000, time=9.0000 ps from dump.ballistic_ac_15kev.sp3_20.9000
09:33:48  INFO       [134/142] step 9000   1.7s (sp3=18.2% disp=20)
09:33:49  INFO     Detected columns: ['id', 'type', 'x', 'y', 'z', 'vx', 'vy', 'vz', 'c_pe_atom', 'c_ke_atom', 'c_coord']
09:33:50  INFO     Loaded 473344 atoms, timestep=9120, time=9.1200 ps from dump.ballistic_ac_15kev.sp3_20.9120
09:33:50  INFO       [135/142] step 9120   1.8s (sp3=18.2% disp=38)
09:33:50  INFO     Detected columns: ['id', 'type', 'x', 'y', 'z', 'vx', 'vy', 'vz', 'c_pe_atom', 'c_ke_atom', 'c_coord']
09:33:52  INFO     Loaded 473344 atoms, timestep=9240, time=9.2400 ps from dump.ballistic_ac_15kev.sp3_20.9240
09:33:52  INFO       [136/142] step 9240   1.7s (sp3=18.2% disp=85)
09:33:52  INFO     Detected columns: ['id', 'type', 'x', 'y', 'z', 'vx', 'vy', 'vz', 'c_pe_atom', 'c_ke_atom', 'c_coord']
09:33:54  INFO     Loaded 473344 atoms, timestep=9360, time=9.3600 ps from dump.ballistic_ac_15kev.sp3_20.9360
09:33:54  INFO       [137/142] step 9360   1.7s (sp3=18.2% disp=20)
09:33:54  INFO     Detected columns: ['id', 'type', 'x', 'y', 'z', 'vx', 'vy', 'vz', 'c_pe_atom', 'c_ke_atom', 'c_coord']
09:33:55  INFO     Loaded 473344 atoms, timestep=9480, time=9.4800 ps from dump.ballistic_ac_15kev.sp3_20.9480
09:33:55  INFO       [138/142] step 9480   1.4s (sp3=18.2% disp=20)
09:33:55  INFO     Detected columns: ['id', 'type', 'x', 'y', 'z', 'vx', 'vy', 'vz', 'c_pe_atom', 'c_ke_atom', 'c_coord']
09:33:57  INFO     Loaded 473344 atoms, timestep=9600, time=9.6000 ps from dump.ballistic_ac_15kev.sp3_20.9600
09:33:57  INFO       [139/142] step 9600   1.6s (sp3=18.2% disp=20)
09:33:57  INFO     Detected columns: ['id', 'type', 'x', 'y', 'z', 'vx', 'vy', 'vz', 'c_pe_atom', 'c_ke_atom', 'c_coord']
09:33:58  INFO     Loaded 473344 atoms, timestep=9720, time=9.7200 ps from dump.ballistic_ac_15kev.sp3_20.9720
09:33:58  INFO       [140/142] step 9720   1.5s (sp3=18.2% disp=43)
09:33:58  INFO     Detected columns: ['id', 'type', 'x', 'y', 'z', 'vx', 'vy', 'vz', 'c_pe_atom', 'c_ke_atom', 'c_coord']
09:34:00  INFO     Loaded 473344 atoms, timestep=9840, time=9.8400 ps from dump.ballistic_ac_15kev.sp3_20.9840
09:34:00  INFO       [141/142] step 9840   1.6s (sp3=18.2% disp=20)
09:34:00  INFO     Detected columns: ['id', 'type', 'x', 'y', 'z', 'vx', 'vy', 'vz', 'c_pe_atom', 'c_ke_atom', 'c_coord']
09:34:01  INFO     Loaded 473344 atoms, timestep=9960, time=9.9600 ps from dump.ballistic_ac_15kev.sp3_20.9960
09:34:01  INFO       [142/142] step 9960   1.5s (sp3=18.2% disp=20)
09:34:08  INFO     Detected columns: ['id', 'type', 'x', 'y', 'z', 'vx', 'vy', 'vz', 'c_pe_atom', 'c_ke_atom', 'c_coord']
09:34:10  INFO     Loaded 473344 atoms, timestep=2760, time=2.7600 ps from dump.ballistic_ac_15kev.sp3_20.2760
  Saved: /home/santi/Documentos/RDF/output/energy_sweep_18_05/E15_sp3_20/displacement_kinetics.png
  Saved: /home/santi/Documentos/RDF/output/energy_sweep_18_05/E15_sp3_20/displacement_kinetics.pdf
  Saved: /home/santi/Documentos/RDF/output/energy_sweep_18_05/E15_sp3_20/hybridization_kinetics.png
  Saved: /home/santi/Documentos/RDF/output/energy_sweep_18_05/E15_sp3_20/hybridization_kinetics.pdf
  Saved: /home/santi/Documentos/RDF/output/energy_sweep_18_05/E15_sp3_20/rdf_keyframes.png
  Saved: /home/santi/Documentos/RDF/output/energy_sweep_18_05/E15_sp3_20/rdf_keyframes.pdf
  Saved: /home/santi/Documentos/RDF/output/energy_sweep_18_05/E15_sp3_20/adf_keyframes.png
  Saved: /home/santi/Documentos/RDF/output/energy_sweep_18_05/E15_sp3_20/adf_keyframes.pdf
  Saved: /home/santi/Documentos/RDF/output/energy_sweep_18_05/E15_sp3_20/sk_keyframes.png
  Saved: /home/santi/Documentos/RDF/output/energy_sweep_18_05/E15_sp3_20/sk_keyframes.pdf
09:34:24  INFO     === 20 keV / sp3 20 : 142 frames ===
09:34:24  INFO     Detected columns: ['id', 'type', 'x', 'y', 'z', 'vx', 'vy', 'vz', 'c_pe_atom', 'c_ke_atom', 'c_coord']
09:34:26  INFO     Loaded 473344 atoms, timestep=0, time=0.0000 ps from dump.ballistic_ac_20kev.sp3_20.0
09:34:26  INFO       [ 1/142] step 0      2.0s (sp3=18.0% disp=0)
09:34:26  INFO     Detected columns: ['id', 'type', 'x', 'y', 'z', 'vx', 'vy', 'vz', 'c_pe_atom', 'c_ke_atom', 'c_coord']
09:34:27  INFO     Loaded 473344 atoms, timestep=27, time=0.0270 ps from dump.ballistic_ac_20kev.sp3_20.27
09:34:27  INFO       [ 2/142] step 27     1.7s (sp3=18.0% disp=3)
09:34:28  INFO     Detected columns: ['id', 'type', 'x', 'y', 'z', 'vx', 'vy', 'vz', 'c_pe_atom', 'c_ke_atom', 'c_coord']
09:34:29  INFO     Loaded 473344 atoms, timestep=54, time=0.0540 ps from dump.ballistic_ac_20kev.sp3_20.54
09:34:29  INFO       [ 3/142] step 54     1.7s (sp3=18.0% disp=3)
09:34:29  INFO     Detected columns: ['id', 'type', 'x', 'y', 'z', 'vx', 'vy', 'vz', 'c_pe_atom', 'c_ke_atom', 'c_coord']
09:34:31  INFO     Loaded 473344 atoms, timestep=81, time=0.0810 ps from dump.ballistic_ac_20kev.sp3_20.81
09:34:31  INFO       [ 4/142] step 81     1.9s (sp3=18.0% disp=4)
09:34:31  INFO     Detected columns: ['id', 'type', 'x', 'y', 'z', 'vx', 'vy', 'vz', 'c_pe_atom', 'c_ke_atom', 'c_coord']
09:34:32  INFO     Loaded 473344 atoms, timestep=108, time=0.1080 ps from dump.ballistic_ac_20kev.sp3_20.108
09:34:33  INFO       [ 5/142] step 108    1.5s (sp3=18.0% disp=2)
09:34:33  INFO     Detected columns: ['id', 'type', 'x', 'y', 'z', 'vx', 'vy', 'vz', 'c_pe_atom', 'c_ke_atom', 'c_coord']
09:34:34  INFO     Loaded 473344 atoms, timestep=135, time=0.1350 ps from dump.ballistic_ac_20kev.sp3_20.135
09:34:34  INFO       [ 6/142] step 135    1.7s (sp3=18.0% disp=6)
09:34:34  INFO     Detected columns: ['id', 'type', 'x', 'y', 'z', 'vx', 'vy', 'vz', 'c_pe_atom', 'c_ke_atom', 'c_coord']
09:34:36  INFO     Loaded 473344 atoms, timestep=162, time=0.1620 ps from dump.ballistic_ac_20kev.sp3_20.162
09:34:36  INFO       [ 7/142] step 162    1.6s (sp3=18.0% disp=6)
09:34:36  INFO     Detected columns: ['id', 'type', 'x', 'y', 'z', 'vx', 'vy', 'vz', 'c_pe_atom', 'c_ke_atom', 'c_coord']
09:34:37  INFO     Loaded 473344 atoms, timestep=189, time=0.1890 ps from dump.ballistic_ac_20kev.sp3_20.189
09:34:38  INFO       [ 8/142] step 189    1.7s (sp3=18.0% disp=6)
09:34:38  INFO     Detected columns: ['id', 'type', 'x', 'y', 'z', 'vx', 'vy', 'vz', 'c_pe_atom', 'c_ke_atom', 'c_coord']
09:34:39  INFO     Loaded 473344 atoms, timestep=216, time=0.2160 ps from dump.ballistic_ac_20kev.sp3_20.216
09:34:39  INFO       [ 9/142] step 216    1.6s (sp3=18.0% disp=6)
09:34:39  INFO     Detected columns: ['id', 'type', 'x', 'y', 'z', 'vx', 'vy', 'vz', 'c_pe_atom', 'c_ke_atom', 'c_coord']
09:34:41  INFO     Loaded 473344 atoms, timestep=243, time=0.2430 ps from dump.ballistic_ac_20kev.sp3_20.243
09:34:41  INFO       [10/142] step 243    1.8s (sp3=18.0% disp=6)
09:34:41  INFO     Detected columns: ['id', 'type', 'x', 'y', 'z', 'vx', 'vy', 'vz', 'c_pe_atom', 'c_ke_atom', 'c_coord']
09:34:43  INFO     Loaded 473344 atoms, timestep=270, time=0.2700 ps from dump.ballistic_ac_20kev.sp3_20.270
09:34:43  INFO       [11/142] step 270    1.7s (sp3=18.0% disp=6)
09:34:43  INFO     Detected columns: ['id', 'type', 'x', 'y', 'z', 'vx', 'vy', 'vz', 'c_pe_atom', 'c_ke_atom', 'c_coord']
09:34:44  INFO     Loaded 473344 atoms, timestep=297, time=0.2970 ps from dump.ballistic_ac_20kev.sp3_20.297
09:34:44  INFO       [12/142] step 297    1.8s (sp3=18.0% disp=6)
09:34:45  INFO     Detected columns: ['id', 'type', 'x', 'y', 'z', 'vx', 'vy', 'vz', 'c_pe_atom', 'c_ke_atom', 'c_coord']
09:34:46  INFO     Loaded 473344 atoms, timestep=324, time=0.3240 ps from dump.ballistic_ac_20kev.sp3_20.324
09:34:46  INFO       [13/142] step 324    1.7s (sp3=18.0% disp=6)
09:34:46  INFO     Detected columns: ['id', 'type', 'x', 'y', 'z', 'vx', 'vy', 'vz', 'c_pe_atom', 'c_ke_atom', 'c_coord']
09:34:48  INFO     Loaded 473344 atoms, timestep=351, time=0.3510 ps from dump.ballistic_ac_20kev.sp3_20.351
09:34:48  INFO       [14/142] step 351    1.9s (sp3=18.0% disp=6)
09:34:48  INFO     Detected columns: ['id', 'type', 'x', 'y', 'z', 'vx', 'vy', 'vz', 'c_pe_atom', 'c_ke_atom', 'c_coord']
09:34:49  INFO     Loaded 473344 atoms, timestep=378, time=0.3780 ps from dump.ballistic_ac_20kev.sp3_20.378
09:34:49  INFO       [15/142] step 378    1.5s (sp3=18.0% disp=4)
09:34:50  INFO     Detected columns: ['id', 'type', 'x', 'y', 'z', 'vx', 'vy', 'vz', 'c_pe_atom', 'c_ke_atom', 'c_coord']
09:34:51  INFO     Loaded 473344 atoms, timestep=405, time=0.4050 ps from dump.ballistic_ac_20kev.sp3_20.405
09:34:51  INFO       [16/142] step 405    1.7s (sp3=18.0% disp=7)
09:34:51  INFO     Detected columns: ['id', 'type', 'x', 'y', 'z', 'vx', 'vy', 'vz', 'c_pe_atom', 'c_ke_atom', 'c_coord']
09:34:53  INFO     Loaded 473344 atoms, timestep=432, time=0.4320 ps from dump.ballistic_ac_20kev.sp3_20.432
09:34:53  INFO       [17/142] step 432    1.6s (sp3=18.0% disp=7)
09:34:53  INFO     Detected columns: ['id', 'type', 'x', 'y', 'z', 'vx', 'vy', 'vz', 'c_pe_atom', 'c_ke_atom', 'c_coord']
09:34:54  INFO     Loaded 473344 atoms, timestep=459, time=0.4590 ps from dump.ballistic_ac_20kev.sp3_20.459
09:34:54  INFO       [18/142] step 459    1.7s (sp3=18.0% disp=8)
09:34:55  INFO     Detected columns: ['id', 'type', 'x', 'y', 'z', 'vx', 'vy', 'vz', 'c_pe_atom', 'c_ke_atom', 'c_coord']
09:34:56  INFO     Loaded 473344 atoms, timestep=486, time=0.4860 ps from dump.ballistic_ac_20kev.sp3_20.486
09:34:56  INFO       [19/142] step 486    1.6s (sp3=18.0% disp=9)
09:34:56  INFO     Detected columns: ['id', 'type', 'x', 'y', 'z', 'vx', 'vy', 'vz', 'c_pe_atom', 'c_ke_atom', 'c_coord']
09:34:58  INFO     Loaded 473344 atoms, timestep=513, time=0.5130 ps from dump.ballistic_ac_20kev.sp3_20.513
09:34:58  INFO       [20/142] step 513    1.7s (sp3=18.0% disp=7)
09:34:58  INFO     Detected columns: ['id', 'type', 'x', 'y', 'z', 'vx', 'vy', 'vz', 'c_pe_atom', 'c_ke_atom', 'c_coord']
09:35:00  INFO     Loaded 473344 atoms, timestep=540, time=0.5400 ps from dump.ballistic_ac_20kev.sp3_20.540
09:35:00  INFO       [21/142] step 540    1.9s (sp3=18.0% disp=7)
09:35:00  INFO     Detected columns: ['id', 'type', 'x', 'y', 'z', 'vx', 'vy', 'vz', 'c_pe_atom', 'c_ke_atom', 'c_coord']
09:35:01  INFO     Loaded 473344 atoms, timestep=567, time=0.5670 ps from dump.ballistic_ac_20kev.sp3_20.567
09:35:01  INFO       [22/142] step 567    1.5s (sp3=18.0% disp=10)
09:35:01  INFO     Detected columns: ['id', 'type', 'x', 'y', 'z', 'vx', 'vy', 'vz', 'c_pe_atom', 'c_ke_atom', 'c_coord']
09:35:03  INFO     Loaded 473344 atoms, timestep=594, time=0.5940 ps from dump.ballistic_ac_20kev.sp3_20.594
09:35:03  INFO       [23/142] step 594    1.7s (sp3=18.0% disp=7)
09:35:03  INFO     Detected columns: ['id', 'type', 'x', 'y', 'z', 'vx', 'vy', 'vz', 'c_pe_atom', 'c_ke_atom', 'c_coord']
09:35:04  INFO     Loaded 473344 atoms, timestep=621, time=0.6210 ps from dump.ballistic_ac_20kev.sp3_20.621
09:35:04  INFO       [24/142] step 621    1.6s (sp3=18.0% disp=8)
09:35:05  INFO     Detected columns: ['id', 'type', 'x', 'y', 'z', 'vx', 'vy', 'vz', 'c_pe_atom', 'c_ke_atom', 'c_coord']
09:35:06  INFO     Loaded 473344 atoms, timestep=648, time=0.6480 ps from dump.ballistic_ac_20kev.sp3_20.648
09:35:06  INFO       [25/142] step 648    1.8s (sp3=18.0% disp=6)
09:35:06  INFO     Detected columns: ['id', 'type', 'x', 'y', 'z', 'vx', 'vy', 'vz', 'c_pe_atom', 'c_ke_atom', 'c_coord']
09:35:08  INFO     Loaded 473344 atoms, timestep=675, time=0.6750 ps from dump.ballistic_ac_20kev.sp3_20.675
09:35:08  INFO       [26/142] step 675    1.6s (sp3=18.0% disp=13)
09:35:08  INFO     Detected columns: ['id', 'type', 'x', 'y', 'z', 'vx', 'vy', 'vz', 'c_pe_atom', 'c_ke_atom', 'c_coord']
09:35:09  INFO     Loaded 473344 atoms, timestep=702, time=0.7020 ps from dump.ballistic_ac_20kev.sp3_20.702
09:35:10  INFO       [27/142] step 702    1.7s (sp3=18.0% disp=16)
09:35:10  INFO     Detected columns: ['id', 'type', 'x', 'y', 'z', 'vx', 'vy', 'vz', 'c_pe_atom', 'c_ke_atom', 'c_coord']
09:35:11  INFO     Loaded 473344 atoms, timestep=729, time=0.7290 ps from dump.ballistic_ac_20kev.sp3_20.729
09:35:11  INFO       [28/142] step 729    1.6s (sp3=18.0% disp=15)
09:35:11  INFO     Detected columns: ['id', 'type', 'x', 'y', 'z', 'vx', 'vy', 'vz', 'c_pe_atom', 'c_ke_atom', 'c_coord']
09:35:13  INFO     Loaded 473344 atoms, timestep=756, time=0.7560 ps from dump.ballistic_ac_20kev.sp3_20.756
09:35:13  INFO       [29/142] step 756    1.8s (sp3=18.0% disp=16)
09:35:13  INFO     Detected columns: ['id', 'type', 'x', 'y', 'z', 'vx', 'vy', 'vz', 'c_pe_atom', 'c_ke_atom', 'c_coord']
09:35:15  INFO     Loaded 473344 atoms, timestep=783, time=0.7830 ps from dump.ballistic_ac_20kev.sp3_20.783
09:35:15  INFO       [30/142] step 783    1.6s (sp3=18.0% disp=15)
09:35:15  INFO     Detected columns: ['id', 'type', 'x', 'y', 'z', 'vx', 'vy', 'vz', 'c_pe_atom', 'c_ke_atom', 'c_coord']
09:35:16  INFO     Loaded 473344 atoms, timestep=810, time=0.8100 ps from dump.ballistic_ac_20kev.sp3_20.810
09:35:16  INFO       [31/142] step 810    1.9s (sp3=18.0% disp=9)
09:35:17  INFO     Detected columns: ['id', 'type', 'x', 'y', 'z', 'vx', 'vy', 'vz', 'c_pe_atom', 'c_ke_atom', 'c_coord']
09:35:18  INFO     Loaded 473344 atoms, timestep=837, time=0.8370 ps from dump.ballistic_ac_20kev.sp3_20.837
09:35:18  INFO       [32/142] step 837    1.5s (sp3=18.0% disp=9)
09:35:18  INFO     Detected columns: ['id', 'type', 'x', 'y', 'z', 'vx', 'vy', 'vz', 'c_pe_atom', 'c_ke_atom', 'c_coord']
09:35:20  INFO     Loaded 473344 atoms, timestep=864, time=0.8640 ps from dump.ballistic_ac_20kev.sp3_20.864
09:35:20  INFO       [33/142] step 864    1.7s (sp3=18.0% disp=9)
09:35:20  INFO     Detected columns: ['id', 'type', 'x', 'y', 'z', 'vx', 'vy', 'vz', 'c_pe_atom', 'c_ke_atom', 'c_coord']
09:35:21  INFO     Loaded 473344 atoms, timestep=891, time=0.8910 ps from dump.ballistic_ac_20kev.sp3_20.891
09:35:21  INFO       [34/142] step 891    1.6s (sp3=18.0% disp=9)
09:35:21  INFO     Detected columns: ['id', 'type', 'x', 'y', 'z', 'vx', 'vy', 'vz', 'c_pe_atom', 'c_ke_atom', 'c_coord']
09:35:23  INFO     Loaded 473344 atoms, timestep=918, time=0.9180 ps from dump.ballistic_ac_20kev.sp3_20.918
09:35:23  INFO       [35/142] step 918    1.7s (sp3=18.0% disp=9)
09:35:23  INFO     Detected columns: ['id', 'type', 'x', 'y', 'z', 'vx', 'vy', 'vz', 'c_pe_atom', 'c_ke_atom', 'c_coord']
09:35:24  INFO     Loaded 473344 atoms, timestep=945, time=0.9450 ps from dump.ballistic_ac_20kev.sp3_20.945
09:35:25  INFO       [36/142] step 945    1.6s (sp3=18.0% disp=6)
09:35:25  INFO     Detected columns: ['id', 'type', 'x', 'y', 'z', 'vx', 'vy', 'vz', 'c_pe_atom', 'c_ke_atom', 'c_coord']
09:35:26  INFO     Loaded 473344 atoms, timestep=972, time=0.9720 ps from dump.ballistic_ac_20kev.sp3_20.972
09:35:26  INFO       [37/142] step 972    1.7s (sp3=18.0% disp=6)
09:35:26  INFO     Detected columns: ['id', 'type', 'x', 'y', 'z', 'vx', 'vy', 'vz', 'c_pe_atom', 'c_ke_atom', 'c_coord']
09:35:28  INFO     Loaded 473344 atoms, timestep=999, time=0.9990 ps from dump.ballistic_ac_20kev.sp3_20.999
09:35:28  INFO       [38/142] step 999    1.8s (sp3=18.0% disp=9)
09:35:28  INFO     Detected columns: ['id', 'type', 'x', 'y', 'z', 'vx', 'vy', 'vz', 'c_pe_atom', 'c_ke_atom', 'c_coord']
09:35:29  INFO     Loaded 473344 atoms, timestep=1026, time=1.0260 ps from dump.ballistic_ac_20kev.sp3_20.1026
09:35:30  INFO       [39/142] step 1026   1.5s (sp3=18.0% disp=9)
09:35:30  INFO     Detected columns: ['id', 'type', 'x', 'y', 'z', 'vx', 'vy', 'vz', 'c_pe_atom', 'c_ke_atom', 'c_coord']
09:35:31  INFO     Loaded 473344 atoms, timestep=1053, time=1.0530 ps from dump.ballistic_ac_20kev.sp3_20.1053
09:35:31  INFO       [40/142] step 1053   1.7s (sp3=18.0% disp=13)
09:35:31  INFO     Detected columns: ['id', 'type', 'x', 'y', 'z', 'vx', 'vy', 'vz', 'c_pe_atom', 'c_ke_atom', 'c_coord']
09:35:33  INFO     Loaded 473344 atoms, timestep=1080, time=1.0800 ps from dump.ballistic_ac_20kev.sp3_20.1080
09:35:33  INFO       [41/142] step 1080   1.6s (sp3=18.0% disp=13)
09:35:33  INFO     Detected columns: ['id', 'type', 'x', 'y', 'z', 'vx', 'vy', 'vz', 'c_pe_atom', 'c_ke_atom', 'c_coord']
09:35:34  INFO     Loaded 473344 atoms, timestep=1107, time=1.1070 ps from dump.ballistic_ac_20kev.sp3_20.1107
09:35:35  INFO       [42/142] step 1107   1.7s (sp3=18.0% disp=13)
09:35:35  INFO     Detected columns: ['id', 'type', 'x', 'y', 'z', 'vx', 'vy', 'vz', 'c_pe_atom', 'c_ke_atom', 'c_coord']
09:35:36  INFO     Loaded 473344 atoms, timestep=1134, time=1.1340 ps from dump.ballistic_ac_20kev.sp3_20.1134
09:35:36  INFO       [43/142] step 1134   1.6s (sp3=18.0% disp=10)
09:35:36  INFO     Detected columns: ['id', 'type', 'x', 'y', 'z', 'vx', 'vy', 'vz', 'c_pe_atom', 'c_ke_atom', 'c_coord']
09:35:38  INFO     Loaded 473344 atoms, timestep=1161, time=1.1610 ps from dump.ballistic_ac_20kev.sp3_20.1161
09:35:38  INFO       [44/142] step 1161   1.7s (sp3=18.0% disp=10)
09:35:38  INFO     Detected columns: ['id', 'type', 'x', 'y', 'z', 'vx', 'vy', 'vz', 'c_pe_atom', 'c_ke_atom', 'c_coord']
09:35:39  INFO     Loaded 473344 atoms, timestep=1188, time=1.1880 ps from dump.ballistic_ac_20kev.sp3_20.1188
09:35:39  INFO       [45/142] step 1188   1.6s (sp3=18.0% disp=11)
09:35:40  INFO     Detected columns: ['id', 'type', 'x', 'y', 'z', 'vx', 'vy', 'vz', 'c_pe_atom', 'c_ke_atom', 'c_coord']
09:35:41  INFO     Loaded 473344 atoms, timestep=1215, time=1.2150 ps from dump.ballistic_ac_20kev.sp3_20.1215
09:35:41  INFO       [46/142] step 1215   1.8s (sp3=18.0% disp=10)
09:35:41  INFO     Detected columns: ['id', 'type', 'x', 'y', 'z', 'vx', 'vy', 'vz', 'c_pe_atom', 'c_ke_atom', 'c_coord']
09:35:43  INFO     Loaded 473344 atoms, timestep=1242, time=1.2420 ps from dump.ballistic_ac_20kev.sp3_20.1242
09:35:43  INFO       [47/142] step 1242   1.6s (sp3=18.0% disp=15)
09:35:43  INFO     Detected columns: ['id', 'type', 'x', 'y', 'z', 'vx', 'vy', 'vz', 'c_pe_atom', 'c_ke_atom', 'c_coord']
09:35:45  INFO     Loaded 473344 atoms, timestep=1269, time=1.2690 ps from dump.ballistic_ac_20kev.sp3_20.1269
09:35:45  INFO       [48/142] step 1269   1.9s (sp3=18.0% disp=15)
09:35:45  INFO     Detected columns: ['id', 'type', 'x', 'y', 'z', 'vx', 'vy', 'vz', 'c_pe_atom', 'c_ke_atom', 'c_coord']
09:35:46  INFO     Loaded 473344 atoms, timestep=1296, time=1.2960 ps from dump.ballistic_ac_20kev.sp3_20.1296
09:35:46  INFO       [49/142] step 1296   1.5s (sp3=18.0% disp=16)
09:35:46  INFO     Detected columns: ['id', 'type', 'x', 'y', 'z', 'vx', 'vy', 'vz', 'c_pe_atom', 'c_ke_atom', 'c_coord']
09:35:48  INFO     Loaded 473344 atoms, timestep=1323, time=1.3230 ps from dump.ballistic_ac_20kev.sp3_20.1323
09:35:48  INFO       [50/142] step 1323   1.7s (sp3=18.0% disp=16)
09:35:48  INFO     Detected columns: ['id', 'type', 'x', 'y', 'z', 'vx', 'vy', 'vz', 'c_pe_atom', 'c_ke_atom', 'c_coord']
09:35:49  INFO     Loaded 473344 atoms, timestep=1350, time=1.3500 ps from dump.ballistic_ac_20kev.sp3_20.1350
09:35:50  INFO       [51/142] step 1350   1.6s (sp3=18.0% disp=16)
09:35:50  INFO     Detected columns: ['id', 'type', 'x', 'y', 'z', 'vx', 'vy', 'vz', 'c_pe_atom', 'c_ke_atom', 'c_coord']
09:35:51  INFO     Loaded 473344 atoms, timestep=1377, time=1.3770 ps from dump.ballistic_ac_20kev.sp3_20.1377
09:35:51  INFO       [52/142] step 1377   1.7s (sp3=18.0% disp=16)
09:35:51  INFO     Detected columns: ['id', 'type', 'x', 'y', 'z', 'vx', 'vy', 'vz', 'c_pe_atom', 'c_ke_atom', 'c_coord']
09:35:53  INFO     Loaded 473344 atoms, timestep=1404, time=1.4040 ps from dump.ballistic_ac_20kev.sp3_20.1404
09:35:53  INFO       [53/142] step 1404   1.6s (sp3=18.0% disp=16)
09:35:53  INFO     Detected columns: ['id', 'type', 'x', 'y', 'z', 'vx', 'vy', 'vz', 'c_pe_atom', 'c_ke_atom', 'c_coord']
09:35:54  INFO     Loaded 473344 atoms, timestep=1431, time=1.4310 ps from dump.ballistic_ac_20kev.sp3_20.1431
09:35:55  INFO       [54/142] step 1431   1.7s (sp3=18.0% disp=16)
09:35:55  INFO     Detected columns: ['id', 'type', 'x', 'y', 'z', 'vx', 'vy', 'vz', 'c_pe_atom', 'c_ke_atom', 'c_coord']
09:35:56  INFO     Loaded 473344 atoms, timestep=1458, time=1.4580 ps from dump.ballistic_ac_20kev.sp3_20.1458
09:35:56  INFO       [55/142] step 1458   1.9s (sp3=18.0% disp=16)
09:35:56  INFO     Detected columns: ['id', 'type', 'x', 'y', 'z', 'vx', 'vy', 'vz', 'c_pe_atom', 'c_ke_atom', 'c_coord']
09:35:58  INFO     Loaded 473344 atoms, timestep=1485, time=1.4850 ps from dump.ballistic_ac_20kev.sp3_20.1485
09:35:58  INFO       [56/142] step 1485   1.5s (sp3=18.0% disp=12)
09:35:58  INFO     Detected columns: ['id', 'type', 'x', 'y', 'z', 'vx', 'vy', 'vz', 'c_pe_atom', 'c_ke_atom', 'c_coord']
09:35:59  INFO     Loaded 473344 atoms, timestep=1512, time=1.5120 ps from dump.ballistic_ac_20kev.sp3_20.1512
09:36:00  INFO       [57/142] step 1512   1.7s (sp3=18.0% disp=12)
09:36:00  INFO     Detected columns: ['id', 'type', 'x', 'y', 'z', 'vx', 'vy', 'vz', 'c_pe_atom', 'c_ke_atom', 'c_coord']
09:36:01  INFO     Loaded 473344 atoms, timestep=1539, time=1.5390 ps from dump.ballistic_ac_20kev.sp3_20.1539
09:36:01  INFO       [58/142] step 1539   1.6s (sp3=18.0% disp=12)
09:36:01  INFO     Detected columns: ['id', 'type', 'x', 'y', 'z', 'vx', 'vy', 'vz', 'c_pe_atom', 'c_ke_atom', 'c_coord']
09:36:03  INFO     Loaded 473344 atoms, timestep=1566, time=1.5660 ps from dump.ballistic_ac_20kev.sp3_20.1566
09:36:03  INFO       [59/142] step 1566   1.7s (sp3=18.0% disp=12)
09:36:03  INFO     Detected columns: ['id', 'type', 'x', 'y', 'z', 'vx', 'vy', 'vz', 'c_pe_atom', 'c_ke_atom', 'c_coord']
09:36:04  INFO     Loaded 473344 atoms, timestep=1593, time=1.5930 ps from dump.ballistic_ac_20kev.sp3_20.1593
09:36:04  INFO       [60/142] step 1593   1.6s (sp3=18.0% disp=19)
09:36:05  INFO     Detected columns: ['id', 'type', 'x', 'y', 'z', 'vx', 'vy', 'vz', 'c_pe_atom', 'c_ke_atom', 'c_coord']
09:36:06  INFO     Loaded 473344 atoms, timestep=1620, time=1.6200 ps from dump.ballistic_ac_20kev.sp3_20.1620
09:36:06  INFO       [61/142] step 1620   1.7s (sp3=18.0% disp=16)
09:36:06  INFO     Detected columns: ['id', 'type', 'x', 'y', 'z', 'vx', 'vy', 'vz', 'c_pe_atom', 'c_ke_atom', 'c_coord']
09:36:08  INFO     Loaded 473344 atoms, timestep=1647, time=1.6470 ps from dump.ballistic_ac_20kev.sp3_20.1647
09:36:08  INFO       [62/142] step 1647   1.6s (sp3=18.0% disp=16)
09:36:08  INFO     Detected columns: ['id', 'type', 'x', 'y', 'z', 'vx', 'vy', 'vz', 'c_pe_atom', 'c_ke_atom', 'c_coord']
09:36:09  INFO     Loaded 473344 atoms, timestep=1674, time=1.6740 ps from dump.ballistic_ac_20kev.sp3_20.1674
09:36:09  INFO       [63/142] step 1674   1.8s (sp3=18.0% disp=16)
09:36:10  INFO     Detected columns: ['id', 'type', 'x', 'y', 'z', 'vx', 'vy', 'vz', 'c_pe_atom', 'c_ke_atom', 'c_coord']
09:36:11  INFO     Loaded 473344 atoms, timestep=1701, time=1.7010 ps from dump.ballistic_ac_20kev.sp3_20.1701
09:36:11  INFO       [64/142] step 1701   1.6s (sp3=18.0% disp=16)
09:36:11  INFO     Detected columns: ['id', 'type', 'x', 'y', 'z', 'vx', 'vy', 'vz', 'c_pe_atom', 'c_ke_atom', 'c_coord']
09:36:13  INFO     Loaded 473344 atoms, timestep=1728, time=1.7280 ps from dump.ballistic_ac_20kev.sp3_20.1728
09:36:13  INFO       [65/142] step 1728   1.8s (sp3=18.0% disp=16)
09:36:13  INFO     Detected columns: ['id', 'type', 'x', 'y', 'z', 'vx', 'vy', 'vz', 'c_pe_atom', 'c_ke_atom', 'c_coord']
09:36:14  INFO     Loaded 473344 atoms, timestep=1755, time=1.7550 ps from dump.ballistic_ac_20kev.sp3_20.1755
09:36:14  INFO       [66/142] step 1755   1.5s (sp3=18.0% disp=21)
09:36:15  INFO     Detected columns: ['id', 'type', 'x', 'y', 'z', 'vx', 'vy', 'vz', 'c_pe_atom', 'c_ke_atom', 'c_coord']
09:36:16  INFO     Loaded 473344 atoms, timestep=1782, time=1.7820 ps from dump.ballistic_ac_20kev.sp3_20.1782
09:36:16  INFO       [67/142] step 1782   1.6s (sp3=18.0% disp=36)
09:36:16  INFO     Detected columns: ['id', 'type', 'x', 'y', 'z', 'vx', 'vy', 'vz', 'c_pe_atom', 'c_ke_atom', 'c_coord']
09:36:17  INFO     Loaded 473344 atoms, timestep=1809, time=1.8090 ps from dump.ballistic_ac_20kev.sp3_20.1809
09:36:18  INFO       [68/142] step 1809   1.5s (sp3=18.0% disp=15)
09:36:18  INFO     Detected columns: ['id', 'type', 'x', 'y', 'z', 'vx', 'vy', 'vz', 'c_pe_atom', 'c_ke_atom', 'c_coord']
09:36:19  INFO     Loaded 473344 atoms, timestep=1836, time=1.8360 ps from dump.ballistic_ac_20kev.sp3_20.1836
09:36:19  INFO       [69/142] step 1836   1.7s (sp3=18.0% disp=15)
09:36:19  INFO     Detected columns: ['id', 'type', 'x', 'y', 'z', 'vx', 'vy', 'vz', 'c_pe_atom', 'c_ke_atom', 'c_coord']
09:36:21  INFO     Loaded 473344 atoms, timestep=1863, time=1.8630 ps from dump.ballistic_ac_20kev.sp3_20.1863
09:36:21  INFO       [70/142] step 1863   1.6s (sp3=18.0% disp=15)
09:36:21  INFO     Detected columns: ['id', 'type', 'x', 'y', 'z', 'vx', 'vy', 'vz', 'c_pe_atom', 'c_ke_atom', 'c_coord']
09:36:22  INFO     Loaded 473344 atoms, timestep=1890, time=1.8900 ps from dump.ballistic_ac_20kev.sp3_20.1890
09:36:23  INFO       [71/142] step 1890   1.7s (sp3=18.0% disp=18)
09:36:23  INFO     Detected columns: ['id', 'type', 'x', 'y', 'z', 'vx', 'vy', 'vz', 'c_pe_atom', 'c_ke_atom', 'c_coord']
09:36:24  INFO     Loaded 473344 atoms, timestep=1917, time=1.9170 ps from dump.ballistic_ac_20kev.sp3_20.1917
09:36:24  INFO       [72/142] step 1917   1.8s (sp3=18.0% disp=25)
09:36:24  INFO     Detected columns: ['id', 'type', 'x', 'y', 'z', 'vx', 'vy', 'vz', 'c_pe_atom', 'c_ke_atom', 'c_coord']
09:36:26  INFO     Loaded 473344 atoms, timestep=1944, time=1.9440 ps from dump.ballistic_ac_20kev.sp3_20.1944
09:36:26  INFO       [73/142] step 1944   1.5s (sp3=18.0% disp=23)
09:36:26  INFO     Detected columns: ['id', 'type', 'x', 'y', 'z', 'vx', 'vy', 'vz', 'c_pe_atom', 'c_ke_atom', 'c_coord']
09:36:27  INFO     Loaded 473344 atoms, timestep=1971, time=1.9710 ps from dump.ballistic_ac_20kev.sp3_20.1971
09:36:27  INFO       [74/142] step 1971   1.7s (sp3=18.0% disp=47)
09:36:28  INFO     Detected columns: ['id', 'type', 'x', 'y', 'z', 'vx', 'vy', 'vz', 'c_pe_atom', 'c_ke_atom', 'c_coord']
09:36:29  INFO     Loaded 473344 atoms, timestep=1998, time=1.9980 ps from dump.ballistic_ac_20kev.sp3_20.1998
09:36:29  INFO       [75/142] step 1998   1.6s (sp3=18.0% disp=45)
09:36:29  INFO     Detected columns: ['id', 'type', 'x', 'y', 'z', 'vx', 'vy', 'vz', 'c_pe_atom', 'c_ke_atom', 'c_coord']
09:36:31  INFO     Loaded 473344 atoms, timestep=2040, time=2.0400 ps from dump.ballistic_ac_20kev.sp3_20.2040
09:36:31  INFO       [76/142] step 2040   1.7s (sp3=18.0% disp=46)
09:36:31  INFO     Detected columns: ['id', 'type', 'x', 'y', 'z', 'vx', 'vy', 'vz', 'c_pe_atom', 'c_ke_atom', 'c_coord']
09:36:32  INFO     Loaded 473344 atoms, timestep=2160, time=2.1600 ps from dump.ballistic_ac_20kev.sp3_20.2160
09:36:32  INFO       [77/142] step 2160   1.6s (sp3=18.0% disp=20)
09:36:33  INFO     Detected columns: ['id', 'type', 'x', 'y', 'z', 'vx', 'vy', 'vz', 'c_pe_atom', 'c_ke_atom', 'c_coord']
09:36:34  INFO     Loaded 473344 atoms, timestep=2280, time=2.2800 ps from dump.ballistic_ac_20kev.sp3_20.2280
09:36:34  INFO       [78/142] step 2280   1.8s (sp3=18.0% disp=18)
09:36:34  INFO     Detected columns: ['id', 'type', 'x', 'y', 'z', 'vx', 'vy', 'vz', 'c_pe_atom', 'c_ke_atom', 'c_coord']
09:36:36  INFO     Loaded 473344 atoms, timestep=2400, time=2.4000 ps from dump.ballistic_ac_20kev.sp3_20.2400
09:36:36  INFO       [79/142] step 2400   1.7s (sp3=18.0% disp=35)
09:36:36  INFO     Detected columns: ['id', 'type', 'x', 'y', 'z', 'vx', 'vy', 'vz', 'c_pe_atom', 'c_ke_atom', 'c_coord']
09:36:38  INFO     Loaded 473344 atoms, timestep=2520, time=2.5200 ps from dump.ballistic_ac_20kev.sp3_20.2520
09:36:38  INFO       [80/142] step 2520   1.9s (sp3=18.0% disp=33)
09:36:38  INFO     Detected columns: ['id', 'type', 'x', 'y', 'z', 'vx', 'vy', 'vz', 'c_pe_atom', 'c_ke_atom', 'c_coord']
09:36:39  INFO     Loaded 473344 atoms, timestep=2640, time=2.6400 ps from dump.ballistic_ac_20kev.sp3_20.2640
09:36:39  INFO       [81/142] step 2640   1.8s (sp3=18.0% disp=47)
09:36:40  INFO     Detected columns: ['id', 'type', 'x', 'y', 'z', 'vx', 'vy', 'vz', 'c_pe_atom', 'c_ke_atom', 'c_coord']
09:36:41  INFO     Loaded 473344 atoms, timestep=2760, time=2.7600 ps from dump.ballistic_ac_20kev.sp3_20.2760
09:36:41  INFO       [82/142] step 2760   1.9s (sp3=18.0% disp=29)
09:36:42  INFO     Detected columns: ['id', 'type', 'x', 'y', 'z', 'vx', 'vy', 'vz', 'c_pe_atom', 'c_ke_atom', 'c_coord']
09:36:43  INFO     Loaded 473344 atoms, timestep=2880, time=2.8800 ps from dump.ballistic_ac_20kev.sp3_20.2880
09:36:43  INFO       [83/142] step 2880   1.6s (sp3=18.0% disp=33)
09:36:43  INFO     Detected columns: ['id', 'type', 'x', 'y', 'z', 'vx', 'vy', 'vz', 'c_pe_atom', 'c_ke_atom', 'c_coord']
09:36:45  INFO     Loaded 473344 atoms, timestep=3000, time=3.0000 ps from dump.ballistic_ac_20kev.sp3_20.3000
09:36:45  INFO       [84/142] step 3000   1.7s (sp3=18.0% disp=33)
09:36:45  INFO     Detected columns: ['id', 'type', 'x', 'y', 'z', 'vx', 'vy', 'vz', 'c_pe_atom', 'c_ke_atom', 'c_coord']
09:36:46  INFO     Loaded 473344 atoms, timestep=3120, time=3.1200 ps from dump.ballistic_ac_20kev.sp3_20.3120
09:36:46  INFO       [85/142] step 3120   1.6s (sp3=18.0% disp=31)
09:36:46  INFO     Detected columns: ['id', 'type', 'x', 'y', 'z', 'vx', 'vy', 'vz', 'c_pe_atom', 'c_ke_atom', 'c_coord']
09:36:48  INFO     Loaded 473344 atoms, timestep=3240, time=3.2400 ps from dump.ballistic_ac_20kev.sp3_20.3240
09:36:48  INFO       [86/142] step 3240   1.7s (sp3=18.0% disp=26)
09:36:48  INFO     Detected columns: ['id', 'type', 'x', 'y', 'z', 'vx', 'vy', 'vz', 'c_pe_atom', 'c_ke_atom', 'c_coord']
09:36:49  INFO     Loaded 473344 atoms, timestep=3360, time=3.3600 ps from dump.ballistic_ac_20kev.sp3_20.3360
09:36:49  INFO       [87/142] step 3360   1.6s (sp3=18.0% disp=30)
09:36:50  INFO     Detected columns: ['id', 'type', 'x', 'y', 'z', 'vx', 'vy', 'vz', 'c_pe_atom', 'c_ke_atom', 'c_coord']
09:36:51  INFO     Loaded 473344 atoms, timestep=3480, time=3.4800 ps from dump.ballistic_ac_20kev.sp3_20.3480
09:36:51  INFO       [88/142] step 3480   1.7s (sp3=18.0% disp=30)
09:36:51  INFO     Detected columns: ['id', 'type', 'x', 'y', 'z', 'vx', 'vy', 'vz', 'c_pe_atom', 'c_ke_atom', 'c_coord']
09:36:53  INFO     Loaded 473344 atoms, timestep=3600, time=3.6000 ps from dump.ballistic_ac_20kev.sp3_20.3600
09:36:53  INFO       [89/142] step 3600   1.8s (sp3=18.0% disp=30)
09:36:53  INFO     Detected columns: ['id', 'type', 'x', 'y', 'z', 'vx', 'vy', 'vz', 'c_pe_atom', 'c_ke_atom', 'c_coord']
09:36:54  INFO     Loaded 473344 atoms, timestep=3720, time=3.7200 ps from dump.ballistic_ac_20kev.sp3_20.3720
09:36:54  INFO       [90/142] step 3720   1.5s (sp3=18.0% disp=79)
09:36:55  INFO     Detected columns: ['id', 'type', 'x', 'y', 'z', 'vx', 'vy', 'vz', 'c_pe_atom', 'c_ke_atom', 'c_coord']
09:36:56  INFO     Loaded 473344 atoms, timestep=3840, time=3.8400 ps from dump.ballistic_ac_20kev.sp3_20.3840
09:36:56  INFO       [91/142] step 3840   1.8s (sp3=18.0% disp=31)
09:36:56  INFO     Detected columns: ['id', 'type', 'x', 'y', 'z', 'vx', 'vy', 'vz', 'c_pe_atom', 'c_ke_atom', 'c_coord']
09:36:58  INFO     Loaded 473344 atoms, timestep=3960, time=3.9600 ps from dump.ballistic_ac_20kev.sp3_20.3960
09:36:58  INFO       [92/142] step 3960   1.7s (sp3=18.0% disp=77)
09:36:58  INFO     Detected columns: ['id', 'type', 'x', 'y', 'z', 'vx', 'vy', 'vz', 'c_pe_atom', 'c_ke_atom', 'c_coord']
09:37:00  INFO     Loaded 473344 atoms, timestep=4080, time=4.0800 ps from dump.ballistic_ac_20kev.sp3_20.4080
09:37:00  INFO       [93/142] step 4080   1.8s (sp3=18.0% disp=38)
09:37:00  INFO     Detected columns: ['id', 'type', 'x', 'y', 'z', 'vx', 'vy', 'vz', 'c_pe_atom', 'c_ke_atom', 'c_coord']
09:37:01  INFO     Loaded 473344 atoms, timestep=4200, time=4.2000 ps from dump.ballistic_ac_20kev.sp3_20.4200
09:37:01  INFO       [94/142] step 4200   1.7s (sp3=18.0% disp=107)
09:37:02  INFO     Detected columns: ['id', 'type', 'x', 'y', 'z', 'vx', 'vy', 'vz', 'c_pe_atom', 'c_ke_atom', 'c_coord']
09:37:03  INFO     Loaded 473344 atoms, timestep=4320, time=4.3200 ps from dump.ballistic_ac_20kev.sp3_20.4320
09:37:03  INFO       [95/142] step 4320   1.8s (sp3=18.0% disp=70)
09:37:03  INFO     Detected columns: ['id', 'type', 'x', 'y', 'z', 'vx', 'vy', 'vz', 'c_pe_atom', 'c_ke_atom', 'c_coord']
09:37:05  INFO     Loaded 473344 atoms, timestep=4440, time=4.4400 ps from dump.ballistic_ac_20kev.sp3_20.4440
09:37:05  INFO       [96/142] step 4440   1.7s (sp3=18.0% disp=74)
09:37:05  INFO     Detected columns: ['id', 'type', 'x', 'y', 'z', 'vx', 'vy', 'vz', 'c_pe_atom', 'c_ke_atom', 'c_coord']
09:37:07  INFO     Loaded 473344 atoms, timestep=4560, time=4.5600 ps from dump.ballistic_ac_20kev.sp3_20.4560
09:37:07  INFO       [97/142] step 4560   1.9s (sp3=18.0% disp=33)
09:37:07  INFO     Detected columns: ['id', 'type', 'x', 'y', 'z', 'vx', 'vy', 'vz', 'c_pe_atom', 'c_ke_atom', 'c_coord']
09:37:09  INFO     Loaded 473344 atoms, timestep=4680, time=4.6800 ps from dump.ballistic_ac_20kev.sp3_20.4680
09:37:09  INFO       [98/142] step 4680   1.8s (sp3=18.0% disp=31)
09:37:09  INFO     Detected columns: ['id', 'type', 'x', 'y', 'z', 'vx', 'vy', 'vz', 'c_pe_atom', 'c_ke_atom', 'c_coord']
09:37:11  INFO     Loaded 473344 atoms, timestep=4800, time=4.8000 ps from dump.ballistic_ac_20kev.sp3_20.4800
09:37:11  INFO       [99/142] step 4800   2.0s (sp3=18.0% disp=24)
09:37:11  INFO     Detected columns: ['id', 'type', 'x', 'y', 'z', 'vx', 'vy', 'vz', 'c_pe_atom', 'c_ke_atom', 'c_coord']
09:37:12  INFO     Loaded 473344 atoms, timestep=4920, time=4.9200 ps from dump.ballistic_ac_20kev.sp3_20.4920
09:37:12  INFO       [100/142] step 4920   1.6s (sp3=18.0% disp=25)
09:37:12  INFO     Detected columns: ['id', 'type', 'x', 'y', 'z', 'vx', 'vy', 'vz', 'c_pe_atom', 'c_ke_atom', 'c_coord']
09:37:14  INFO     Loaded 473344 atoms, timestep=5040, time=5.0400 ps from dump.ballistic_ac_20kev.sp3_20.5040
09:37:14  INFO       [101/142] step 5040   1.8s (sp3=18.0% disp=20)
09:37:14  INFO     Detected columns: ['id', 'type', 'x', 'y', 'z', 'vx', 'vy', 'vz', 'c_pe_atom', 'c_ke_atom', 'c_coord']
09:37:16  INFO     Loaded 473344 atoms, timestep=5160, time=5.1600 ps from dump.ballistic_ac_20kev.sp3_20.5160
09:37:16  INFO       [102/142] step 5160   1.7s (sp3=18.0% disp=39)
09:37:16  INFO     Detected columns: ['id', 'type', 'x', 'y', 'z', 'vx', 'vy', 'vz', 'c_pe_atom', 'c_ke_atom', 'c_coord']
09:37:18  INFO     Loaded 473344 atoms, timestep=5280, time=5.2800 ps from dump.ballistic_ac_20kev.sp3_20.5280
09:37:18  INFO       [103/142] step 5280   1.8s (sp3=18.1% disp=40)
09:37:18  INFO     Detected columns: ['id', 'type', 'x', 'y', 'z', 'vx', 'vy', 'vz', 'c_pe_atom', 'c_ke_atom', 'c_coord']
09:37:19  INFO     Loaded 473344 atoms, timestep=5400, time=5.4000 ps from dump.ballistic_ac_20kev.sp3_20.5400
09:37:19  INFO       [104/142] step 5400   1.5s (sp3=18.0% disp=41)
09:37:19  INFO     Detected columns: ['id', 'type', 'x', 'y', 'z', 'vx', 'vy', 'vz', 'c_pe_atom', 'c_ke_atom', 'c_coord']
09:37:21  INFO     Loaded 473344 atoms, timestep=5520, time=5.5200 ps from dump.ballistic_ac_20kev.sp3_20.5520
09:37:21  INFO       [105/142] step 5520   1.8s (sp3=18.1% disp=45)
09:37:21  INFO     Detected columns: ['id', 'type', 'x', 'y', 'z', 'vx', 'vy', 'vz', 'c_pe_atom', 'c_ke_atom', 'c_coord']
09:37:23  INFO     Loaded 473344 atoms, timestep=5640, time=5.6400 ps from dump.ballistic_ac_20kev.sp3_20.5640
09:37:23  INFO       [106/142] step 5640   1.8s (sp3=18.1% disp=6)
09:37:23  INFO     Detected columns: ['id', 'type', 'x', 'y', 'z', 'vx', 'vy', 'vz', 'c_pe_atom', 'c_ke_atom', 'c_coord']
09:37:24  INFO     Loaded 473344 atoms, timestep=5760, time=5.7600 ps from dump.ballistic_ac_20kev.sp3_20.5760
09:37:24  INFO       [107/142] step 5760   1.5s (sp3=18.1% disp=44)
09:37:24  INFO     Detected columns: ['id', 'type', 'x', 'y', 'z', 'vx', 'vy', 'vz', 'c_pe_atom', 'c_ke_atom', 'c_coord']
09:37:26  INFO     Loaded 473344 atoms, timestep=5880, time=5.8800 ps from dump.ballistic_ac_20kev.sp3_20.5880
09:37:26  INFO       [108/142] step 5880   1.7s (sp3=18.1% disp=39)
09:37:26  INFO     Detected columns: ['id', 'type', 'x', 'y', 'z', 'vx', 'vy', 'vz', 'c_pe_atom', 'c_ke_atom', 'c_coord']
09:37:27  INFO     Loaded 473344 atoms, timestep=6000, time=6.0000 ps from dump.ballistic_ac_20kev.sp3_20.6000
09:37:28  INFO       [109/142] step 6000   1.6s (sp3=18.1% disp=46)
09:37:28  INFO     Detected columns: ['id', 'type', 'x', 'y', 'z', 'vx', 'vy', 'vz', 'c_pe_atom', 'c_ke_atom', 'c_coord']
09:37:29  INFO     Loaded 473344 atoms, timestep=6120, time=6.1200 ps from dump.ballistic_ac_20kev.sp3_20.6120
09:37:29  INFO       [110/142] step 6120   1.7s (sp3=18.1% disp=11)
09:37:29  INFO     Detected columns: ['id', 'type', 'x', 'y', 'z', 'vx', 'vy', 'vz', 'c_pe_atom', 'c_ke_atom', 'c_coord']
09:37:31  INFO     Loaded 473344 atoms, timestep=6240, time=6.2400 ps from dump.ballistic_ac_20kev.sp3_20.6240
09:37:31  INFO       [111/142] step 6240   1.6s (sp3=18.1% disp=11)
09:37:31  INFO     Detected columns: ['id', 'type', 'x', 'y', 'z', 'vx', 'vy', 'vz', 'c_pe_atom', 'c_ke_atom', 'c_coord']
09:37:32  INFO     Loaded 473344 atoms, timestep=6360, time=6.3600 ps from dump.ballistic_ac_20kev.sp3_20.6360
09:37:33  INFO       [112/142] step 6360   1.7s (sp3=18.1% disp=43)
09:37:33  INFO     Detected columns: ['id', 'type', 'x', 'y', 'z', 'vx', 'vy', 'vz', 'c_pe_atom', 'c_ke_atom', 'c_coord']
09:37:34  INFO     Loaded 473344 atoms, timestep=6480, time=6.4800 ps from dump.ballistic_ac_20kev.sp3_20.6480
09:37:34  INFO       [113/142] step 6480   1.6s (sp3=18.1% disp=11)
09:37:34  INFO     Detected columns: ['id', 'type', 'x', 'y', 'z', 'vx', 'vy', 'vz', 'c_pe_atom', 'c_ke_atom', 'c_coord']
09:37:36  INFO     Loaded 473344 atoms, timestep=6600, time=6.6000 ps from dump.ballistic_ac_20kev.sp3_20.6600
09:37:36  INFO       [114/142] step 6600   1.8s (sp3=18.1% disp=11)
09:37:36  INFO     Detected columns: ['id', 'type', 'x', 'y', 'z', 'vx', 'vy', 'vz', 'c_pe_atom', 'c_ke_atom', 'c_coord']
09:37:37  INFO     Loaded 473344 atoms, timestep=6720, time=6.7200 ps from dump.ballistic_ac_20kev.sp3_20.6720
09:37:37  INFO       [115/142] step 6720   1.6s (sp3=18.1% disp=10)
09:37:38  INFO     Detected columns: ['id', 'type', 'x', 'y', 'z', 'vx', 'vy', 'vz', 'c_pe_atom', 'c_ke_atom', 'c_coord']
09:37:39  INFO     Loaded 473344 atoms, timestep=6840, time=6.8400 ps from dump.ballistic_ac_20kev.sp3_20.6840
09:37:39  INFO       [116/142] step 6840   1.8s (sp3=18.1% disp=41)
09:37:39  INFO     Detected columns: ['id', 'type', 'x', 'y', 'z', 'vx', 'vy', 'vz', 'c_pe_atom', 'c_ke_atom', 'c_coord']
09:37:41  INFO     Loaded 473344 atoms, timestep=6960, time=6.9600 ps from dump.ballistic_ac_20kev.sp3_20.6960
09:37:41  INFO       [117/142] step 6960   1.5s (sp3=18.1% disp=35)
09:37:41  INFO     Detected columns: ['id', 'type', 'x', 'y', 'z', 'vx', 'vy', 'vz', 'c_pe_atom', 'c_ke_atom', 'c_coord']
09:37:42  INFO     Loaded 473344 atoms, timestep=7080, time=7.0800 ps from dump.ballistic_ac_20kev.sp3_20.7080
09:37:42  INFO       [118/142] step 7080   1.7s (sp3=18.1% disp=10)
09:37:43  INFO     Detected columns: ['id', 'type', 'x', 'y', 'z', 'vx', 'vy', 'vz', 'c_pe_atom', 'c_ke_atom', 'c_coord']
09:37:44  INFO     Loaded 473344 atoms, timestep=7200, time=7.2000 ps from dump.ballistic_ac_20kev.sp3_20.7200
09:37:44  INFO       [119/142] step 7200   1.6s (sp3=18.1% disp=11)
09:37:44  INFO     Detected columns: ['id', 'type', 'x', 'y', 'z', 'vx', 'vy', 'vz', 'c_pe_atom', 'c_ke_atom', 'c_coord']
09:37:46  INFO     Loaded 473344 atoms, timestep=7320, time=7.3200 ps from dump.ballistic_ac_20kev.sp3_20.7320
09:37:46  INFO       [120/142] step 7320   1.7s (sp3=18.1% disp=10)
09:37:46  INFO     Detected columns: ['id', 'type', 'x', 'y', 'z', 'vx', 'vy', 'vz', 'c_pe_atom', 'c_ke_atom', 'c_coord']
09:37:47  INFO     Loaded 473344 atoms, timestep=7440, time=7.4400 ps from dump.ballistic_ac_20kev.sp3_20.7440
09:37:47  INFO       [121/142] step 7440   1.6s (sp3=18.1% disp=26)
09:37:47  INFO     Detected columns: ['id', 'type', 'x', 'y', 'z', 'vx', 'vy', 'vz', 'c_pe_atom', 'c_ke_atom', 'c_coord']
09:37:49  INFO     Loaded 473344 atoms, timestep=7560, time=7.5600 ps from dump.ballistic_ac_20kev.sp3_20.7560
09:37:49  INFO       [122/142] step 7560   1.7s (sp3=18.1% disp=41)
09:37:49  INFO     Detected columns: ['id', 'type', 'x', 'y', 'z', 'vx', 'vy', 'vz', 'c_pe_atom', 'c_ke_atom', 'c_coord']
09:37:51  INFO     Loaded 473344 atoms, timestep=7680, time=7.6800 ps from dump.ballistic_ac_20kev.sp3_20.7680
09:37:51  INFO       [123/142] step 7680   1.8s (sp3=18.2% disp=10)
09:37:51  INFO     Detected columns: ['id', 'type', 'x', 'y', 'z', 'vx', 'vy', 'vz', 'c_pe_atom', 'c_ke_atom', 'c_coord']
09:37:52  INFO     Loaded 473344 atoms, timestep=7800, time=7.8000 ps from dump.ballistic_ac_20kev.sp3_20.7800
09:37:52  INFO       [124/142] step 7800   1.5s (sp3=18.1% disp=41)
09:37:52  INFO     Detected columns: ['id', 'type', 'x', 'y', 'z', 'vx', 'vy', 'vz', 'c_pe_atom', 'c_ke_atom', 'c_coord']
09:37:54  INFO     Loaded 473344 atoms, timestep=7920, time=7.9200 ps from dump.ballistic_ac_20kev.sp3_20.7920
09:37:54  INFO       [125/142] step 7920   1.8s (sp3=18.1% disp=11)
09:37:54  INFO     Detected columns: ['id', 'type', 'x', 'y', 'z', 'vx', 'vy', 'vz', 'c_pe_atom', 'c_ke_atom', 'c_coord']
09:37:56  INFO     Loaded 473344 atoms, timestep=8040, time=8.0400 ps from dump.ballistic_ac_20kev.sp3_20.8040
09:37:56  INFO       [126/142] step 8040   1.7s (sp3=18.1% disp=43)
09:37:56  INFO     Detected columns: ['id', 'type', 'x', 'y', 'z', 'vx', 'vy', 'vz', 'c_pe_atom', 'c_ke_atom', 'c_coord']
09:37:57  INFO     Loaded 473344 atoms, timestep=8160, time=8.1600 ps from dump.ballistic_ac_20kev.sp3_20.8160
09:37:58  INFO       [127/142] step 8160   1.8s (sp3=18.1% disp=11)
09:37:58  INFO     Detected columns: ['id', 'type', 'x', 'y', 'z', 'vx', 'vy', 'vz', 'c_pe_atom', 'c_ke_atom', 'c_coord']
09:37:59  INFO     Loaded 473344 atoms, timestep=8280, time=8.2800 ps from dump.ballistic_ac_20kev.sp3_20.8280
09:37:59  INFO       [128/142] step 8280   1.7s (sp3=18.2% disp=41)
09:37:59  INFO     Detected columns: ['id', 'type', 'x', 'y', 'z', 'vx', 'vy', 'vz', 'c_pe_atom', 'c_ke_atom', 'c_coord']
09:38:01  INFO     Loaded 473344 atoms, timestep=8400, time=8.4000 ps from dump.ballistic_ac_20kev.sp3_20.8400
09:38:01  INFO       [129/142] step 8400   1.8s (sp3=18.2% disp=44)
09:38:01  INFO     Detected columns: ['id', 'type', 'x', 'y', 'z', 'vx', 'vy', 'vz', 'c_pe_atom', 'c_ke_atom', 'c_coord']
09:38:03  INFO     Loaded 473344 atoms, timestep=8520, time=8.5200 ps from dump.ballistic_ac_20kev.sp3_20.8520
09:38:03  INFO       [130/142] step 8520   1.7s (sp3=18.2% disp=44)
09:38:03  INFO     Detected columns: ['id', 'type', 'x', 'y', 'z', 'vx', 'vy', 'vz', 'c_pe_atom', 'c_ke_atom', 'c_coord']
09:38:05  INFO     Loaded 473344 atoms, timestep=8640, time=8.6400 ps from dump.ballistic_ac_20kev.sp3_20.8640
09:38:05  INFO       [131/142] step 8640   1.9s (sp3=18.2% disp=11)
09:38:05  INFO     Detected columns: ['id', 'type', 'x', 'y', 'z', 'vx', 'vy', 'vz', 'c_pe_atom', 'c_ke_atom', 'c_coord']
09:38:06  INFO     Loaded 473344 atoms, timestep=8760, time=8.7600 ps from dump.ballistic_ac_20kev.sp3_20.8760
09:38:06  INFO       [132/142] step 8760   1.7s (sp3=18.2% disp=11)
09:38:07  INFO     Detected columns: ['id', 'type', 'x', 'y', 'z', 'vx', 'vy', 'vz', 'c_pe_atom', 'c_ke_atom', 'c_coord']
09:38:08  INFO     Loaded 473344 atoms, timestep=8880, time=8.8800 ps from dump.ballistic_ac_20kev.sp3_20.8880
09:38:08  INFO       [133/142] step 8880   2.0s (sp3=18.2% disp=44)
09:38:08  INFO     Detected columns: ['id', 'type', 'x', 'y', 'z', 'vx', 'vy', 'vz', 'c_pe_atom', 'c_ke_atom', 'c_coord']
09:38:10  INFO     Loaded 473344 atoms, timestep=9000, time=9.0000 ps from dump.ballistic_ac_20kev.sp3_20.9000
09:38:10  INFO       [134/142] step 9000   1.6s (sp3=18.2% disp=44)
09:38:10  INFO     Detected columns: ['id', 'type', 'x', 'y', 'z', 'vx', 'vy', 'vz', 'c_pe_atom', 'c_ke_atom', 'c_coord']
09:38:12  INFO     Loaded 473344 atoms, timestep=9120, time=9.1200 ps from dump.ballistic_ac_20kev.sp3_20.9120
09:38:12  INFO       [135/142] step 9120   1.8s (sp3=18.2% disp=41)
09:38:12  INFO     Detected columns: ['id', 'type', 'x', 'y', 'z', 'vx', 'vy', 'vz', 'c_pe_atom', 'c_ke_atom', 'c_coord']
09:38:13  INFO     Loaded 473344 atoms, timestep=9240, time=9.2400 ps from dump.ballistic_ac_20kev.sp3_20.9240
09:38:13  INFO       [136/142] step 9240   1.7s (sp3=18.2% disp=11)
09:38:13  INFO     Detected columns: ['id', 'type', 'x', 'y', 'z', 'vx', 'vy', 'vz', 'c_pe_atom', 'c_ke_atom', 'c_coord']
09:38:15  INFO     Loaded 473344 atoms, timestep=9360, time=9.3600 ps from dump.ballistic_ac_20kev.sp3_20.9360
09:38:15  INFO       [137/142] step 9360   1.8s (sp3=18.2% disp=44)
09:38:15  INFO     Detected columns: ['id', 'type', 'x', 'y', 'z', 'vx', 'vy', 'vz', 'c_pe_atom', 'c_ke_atom', 'c_coord']
09:38:17  INFO     Loaded 473344 atoms, timestep=9480, time=9.4800 ps from dump.ballistic_ac_20kev.sp3_20.9480
09:38:17  INFO       [138/142] step 9480   1.6s (sp3=18.2% disp=44)
09:38:17  INFO     Detected columns: ['id', 'type', 'x', 'y', 'z', 'vx', 'vy', 'vz', 'c_pe_atom', 'c_ke_atom', 'c_coord']
09:38:18  INFO     Loaded 473344 atoms, timestep=9600, time=9.6000 ps from dump.ballistic_ac_20kev.sp3_20.9600
09:38:19  INFO       [139/142] step 9600   1.8s (sp3=18.2% disp=41)
09:38:19  INFO     Detected columns: ['id', 'type', 'x', 'y', 'z', 'vx', 'vy', 'vz', 'c_pe_atom', 'c_ke_atom', 'c_coord']
09:38:20  INFO     Loaded 473344 atoms, timestep=9720, time=9.7200 ps from dump.ballistic_ac_20kev.sp3_20.9720
09:38:21  INFO       [140/142] step 9720   1.9s (sp3=18.2% disp=45)
09:38:21  INFO     Detected columns: ['id', 'type', 'x', 'y', 'z', 'vx', 'vy', 'vz', 'c_pe_atom', 'c_ke_atom', 'c_coord']
09:38:22  INFO     Loaded 473344 atoms, timestep=9840, time=9.8400 ps from dump.ballistic_ac_20kev.sp3_20.9840
09:38:22  INFO       [141/142] step 9840   1.6s (sp3=18.2% disp=45)
09:38:22  INFO     Detected columns: ['id', 'type', 'x', 'y', 'z', 'vx', 'vy', 'vz', 'c_pe_atom', 'c_ke_atom', 'c_coord']
09:38:24  INFO     Loaded 473344 atoms, timestep=9960, time=9.9600 ps from dump.ballistic_ac_20kev.sp3_20.9960
09:38:24  INFO       [142/142] step 9960   1.8s (sp3=18.2% disp=41)
09:38:31  INFO     Detected columns: ['id', 'type', 'x', 'y', 'z', 'vx', 'vy', 'vz', 'c_pe_atom', 'c_ke_atom', 'c_coord']
09:38:32  INFO     Loaded 473344 atoms, timestep=4200, time=4.2000 ps from dump.ballistic_ac_20kev.sp3_20.4200
  Saved: /home/santi/Documentos/RDF/output/energy_sweep_18_05/E20_sp3_20/displacement_kinetics.png
  Saved: /home/santi/Documentos/RDF/output/energy_sweep_18_05/E20_sp3_20/displacement_kinetics.pdf
  Saved: /home/santi/Documentos/RDF/output/energy_sweep_18_05/E20_sp3_20/hybridization_kinetics.png
  Saved: /home/santi/Documentos/RDF/output/energy_sweep_18_05/E20_sp3_20/hybridization_kinetics.pdf
  Saved: /home/santi/Documentos/RDF/output/energy_sweep_18_05/E20_sp3_20/rdf_keyframes.png
  Saved: /home/santi/Documentos/RDF/output/energy_sweep_18_05/E20_sp3_20/rdf_keyframes.pdf
  Saved: /home/santi/Documentos/RDF/output/energy_sweep_18_05/E20_sp3_20/adf_keyframes.png
  Saved: /home/santi/Documentos/RDF/output/energy_sweep_18_05/E20_sp3_20/adf_keyframes.pdf
  Saved: /home/santi/Documentos/RDF/output/energy_sweep_18_05/E20_sp3_20/sk_keyframes.png
  Saved: /home/santi/Documentos/RDF/output/energy_sweep_18_05/E20_sp3_20/sk_keyframes.pdf
09:38:47  INFO     === 25 keV / sp3 20 : 142 frames ===
09:38:47  INFO     Detected columns: ['id', 'type', 'x', 'y', 'z', 'vx', 'vy', 'vz', 'c_pe_atom', 'c_ke_atom', 'c_coord']
09:38:49  INFO     Loaded 473344 atoms, timestep=0, time=0.0000 ps from dump.ballistic_ac_25kev.sp3_20.0
09:38:49  INFO       [ 1/142] step 0      1.8s (sp3=18.0% disp=0)
09:38:49  INFO     Detected columns: ['id', 'type', 'x', 'y', 'z', 'vx', 'vy', 'vz', 'c_pe_atom', 'c_ke_atom', 'c_coord']
09:38:51  INFO     Loaded 473344 atoms, timestep=27, time=0.0270 ps from dump.ballistic_ac_25kev.sp3_20.27
09:38:51  INFO       [ 2/142] step 27     1.9s (sp3=18.0% disp=3)
09:38:51  INFO     Detected columns: ['id', 'type', 'x', 'y', 'z', 'vx', 'vy', 'vz', 'c_pe_atom', 'c_ke_atom', 'c_coord']
09:38:52  INFO     Loaded 473344 atoms, timestep=54, time=0.0540 ps from dump.ballistic_ac_25kev.sp3_20.54
09:38:52  INFO       [ 3/142] step 54     1.8s (sp3=18.0% disp=3)
09:38:53  INFO     Detected columns: ['id', 'type', 'x', 'y', 'z', 'vx', 'vy', 'vz', 'c_pe_atom', 'c_ke_atom', 'c_coord']
09:38:54  INFO     Loaded 473344 atoms, timestep=81, time=0.0810 ps from dump.ballistic_ac_25kev.sp3_20.81
09:38:54  INFO       [ 4/142] step 81     1.9s (sp3=18.0% disp=4)
09:38:55  INFO     Detected columns: ['id', 'type', 'x', 'y', 'z', 'vx', 'vy', 'vz', 'c_pe_atom', 'c_ke_atom', 'c_coord']
09:38:56  INFO     Loaded 473344 atoms, timestep=108, time=0.1080 ps from dump.ballistic_ac_25kev.sp3_20.108
09:38:56  INFO       [ 5/142] step 108    1.9s (sp3=18.0% disp=4)
09:38:56  INFO     Detected columns: ['id', 'type', 'x', 'y', 'z', 'vx', 'vy', 'vz', 'c_pe_atom', 'c_ke_atom', 'c_coord']
09:38:58  INFO     Loaded 473344 atoms, timestep=135, time=0.1350 ps from dump.ballistic_ac_25kev.sp3_20.135
09:38:58  INFO       [ 6/142] step 135    1.8s (sp3=18.0% disp=6)
09:38:58  INFO     Detected columns: ['id', 'type', 'x', 'y', 'z', 'vx', 'vy', 'vz', 'c_pe_atom', 'c_ke_atom', 'c_coord']
09:39:00  INFO     Loaded 473344 atoms, timestep=162, time=0.1620 ps from dump.ballistic_ac_25kev.sp3_20.162
09:39:00  INFO       [ 7/142] step 162    1.9s (sp3=18.0% disp=6)
09:39:00  INFO     Detected columns: ['id', 'type', 'x', 'y', 'z', 'vx', 'vy', 'vz', 'c_pe_atom', 'c_ke_atom', 'c_coord']
09:39:02  INFO     Loaded 473344 atoms, timestep=189, time=0.1890 ps from dump.ballistic_ac_25kev.sp3_20.189
09:39:02  INFO       [ 8/142] step 189    1.8s (sp3=18.0% disp=6)
09:39:02  INFO     Detected columns: ['id', 'type', 'x', 'y', 'z', 'vx', 'vy', 'vz', 'c_pe_atom', 'c_ke_atom', 'c_coord']
09:39:04  INFO     Loaded 473344 atoms, timestep=216, time=0.2160 ps from dump.ballistic_ac_25kev.sp3_20.216
09:39:04  INFO       [ 9/142] step 216    1.9s (sp3=18.0% disp=6)
09:39:04  INFO     Detected columns: ['id', 'type', 'x', 'y', 'z', 'vx', 'vy', 'vz', 'c_pe_atom', 'c_ke_atom', 'c_coord']
09:39:05  INFO     Loaded 473344 atoms, timestep=243, time=0.2430 ps from dump.ballistic_ac_25kev.sp3_20.243
09:39:05  INFO       [10/142] step 243    1.8s (sp3=18.0% disp=6)
09:39:06  INFO     Detected columns: ['id', 'type', 'x', 'y', 'z', 'vx', 'vy', 'vz', 'c_pe_atom', 'c_ke_atom', 'c_coord']
09:39:07  INFO     Loaded 473344 atoms, timestep=270, time=0.2700 ps from dump.ballistic_ac_25kev.sp3_20.270
09:39:07  INFO       [11/142] step 270    1.7s (sp3=18.0% disp=6)
09:39:07  INFO     Detected columns: ['id', 'type', 'x', 'y', 'z', 'vx', 'vy', 'vz', 'c_pe_atom', 'c_ke_atom', 'c_coord']
09:39:09  INFO     Loaded 473344 atoms, timestep=297, time=0.2970 ps from dump.ballistic_ac_25kev.sp3_20.297
09:39:09  INFO       [12/142] step 297    1.8s (sp3=18.0% disp=6)
09:39:09  INFO     Detected columns: ['id', 'type', 'x', 'y', 'z', 'vx', 'vy', 'vz', 'c_pe_atom', 'c_ke_atom', 'c_coord']
09:39:11  INFO     Loaded 473344 atoms, timestep=324, time=0.3240 ps from dump.ballistic_ac_25kev.sp3_20.324
09:39:11  INFO       [13/142] step 324    1.7s (sp3=18.0% disp=6)
09:39:11  INFO     Detected columns: ['id', 'type', 'x', 'y', 'z', 'vx', 'vy', 'vz', 'c_pe_atom', 'c_ke_atom', 'c_coord']
09:39:12  INFO     Loaded 473344 atoms, timestep=351, time=0.3510 ps from dump.ballistic_ac_25kev.sp3_20.351
09:39:13  INFO       [14/142] step 351    1.9s (sp3=18.0% disp=6)
09:39:13  INFO     Detected columns: ['id', 'type', 'x', 'y', 'z', 'vx', 'vy', 'vz', 'c_pe_atom', 'c_ke_atom', 'c_coord']
09:39:14  INFO     Loaded 473344 atoms, timestep=378, time=0.3780 ps from dump.ballistic_ac_25kev.sp3_20.378
09:39:14  INFO       [15/142] step 378    1.7s (sp3=18.0% disp=6)
09:39:14  INFO     Detected columns: ['id', 'type', 'x', 'y', 'z', 'vx', 'vy', 'vz', 'c_pe_atom', 'c_ke_atom', 'c_coord']
09:39:16  INFO     Loaded 473344 atoms, timestep=405, time=0.4050 ps from dump.ballistic_ac_25kev.sp3_20.405
09:39:16  INFO       [16/142] step 405    1.9s (sp3=18.0% disp=4)
09:39:16  INFO     Detected columns: ['id', 'type', 'x', 'y', 'z', 'vx', 'vy', 'vz', 'c_pe_atom', 'c_ke_atom', 'c_coord']
09:39:18  INFO     Loaded 473344 atoms, timestep=432, time=0.4320 ps from dump.ballistic_ac_25kev.sp3_20.432
09:39:18  INFO       [17/142] step 432    1.8s (sp3=18.0% disp=4)
09:39:18  INFO     Detected columns: ['id', 'type', 'x', 'y', 'z', 'vx', 'vy', 'vz', 'c_pe_atom', 'c_ke_atom', 'c_coord']
09:39:20  INFO     Loaded 473344 atoms, timestep=459, time=0.4590 ps from dump.ballistic_ac_25kev.sp3_20.459
09:39:20  INFO       [18/142] step 459    1.9s (sp3=18.0% disp=8)
09:39:20  INFO     Detected columns: ['id', 'type', 'x', 'y', 'z', 'vx', 'vy', 'vz', 'c_pe_atom', 'c_ke_atom', 'c_coord']
09:39:21  INFO     Loaded 473344 atoms, timestep=486, time=0.4860 ps from dump.ballistic_ac_25kev.sp3_20.486
09:39:22  INFO       [19/142] step 486    1.6s (sp3=18.0% disp=8)
09:39:22  INFO     Detected columns: ['id', 'type', 'x', 'y', 'z', 'vx', 'vy', 'vz', 'c_pe_atom', 'c_ke_atom', 'c_coord']
09:39:23  INFO     Loaded 473344 atoms, timestep=513, time=0.5130 ps from dump.ballistic_ac_25kev.sp3_20.513
09:39:23  INFO       [20/142] step 513    1.8s (sp3=18.0% disp=8)
09:39:23  INFO     Detected columns: ['id', 'type', 'x', 'y', 'z', 'vx', 'vy', 'vz', 'c_pe_atom', 'c_ke_atom', 'c_coord']
09:39:25  INFO     Loaded 473344 atoms, timestep=540, time=0.5400 ps from dump.ballistic_ac_25kev.sp3_20.540
09:39:25  INFO       [21/142] step 540    1.7s (sp3=18.0% disp=9)
09:39:25  INFO     Detected columns: ['id', 'type', 'x', 'y', 'z', 'vx', 'vy', 'vz', 'c_pe_atom', 'c_ke_atom', 'c_coord']
09:39:27  INFO     Loaded 473344 atoms, timestep=567, time=0.5670 ps from dump.ballistic_ac_25kev.sp3_20.567
09:39:27  INFO       [22/142] step 567    1.8s (sp3=18.0% disp=10)
09:39:27  INFO     Detected columns: ['id', 'type', 'x', 'y', 'z', 'vx', 'vy', 'vz', 'c_pe_atom', 'c_ke_atom', 'c_coord']
09:39:29  INFO     Loaded 473344 atoms, timestep=594, time=0.5940 ps from dump.ballistic_ac_25kev.sp3_20.594
09:39:29  INFO       [23/142] step 594    1.7s (sp3=18.0% disp=11)
09:39:29  INFO     Detected columns: ['id', 'type', 'x', 'y', 'z', 'vx', 'vy', 'vz', 'c_pe_atom', 'c_ke_atom', 'c_coord']
09:39:30  INFO     Loaded 473344 atoms, timestep=621, time=0.6210 ps from dump.ballistic_ac_25kev.sp3_20.621
09:39:30  INFO       [24/142] step 621    1.9s (sp3=18.0% disp=11)
09:39:31  INFO     Detected columns: ['id', 'type', 'x', 'y', 'z', 'vx', 'vy', 'vz', 'c_pe_atom', 'c_ke_atom', 'c_coord']
09:39:32  INFO     Loaded 473344 atoms, timestep=648, time=0.6480 ps from dump.ballistic_ac_25kev.sp3_20.648
09:39:32  INFO       [25/142] step 648    1.7s (sp3=18.0% disp=11)
09:39:32  INFO     Detected columns: ['id', 'type', 'x', 'y', 'z', 'vx', 'vy', 'vz', 'c_pe_atom', 'c_ke_atom', 'c_coord']
09:39:34  INFO     Loaded 473344 atoms, timestep=675, time=0.6750 ps from dump.ballistic_ac_25kev.sp3_20.675
09:39:34  INFO       [26/142] step 675    1.9s (sp3=18.0% disp=8)
09:39:34  INFO     Detected columns: ['id', 'type', 'x', 'y', 'z', 'vx', 'vy', 'vz', 'c_pe_atom', 'c_ke_atom', 'c_coord']
09:39:36  INFO     Loaded 473344 atoms, timestep=702, time=0.7020 ps from dump.ballistic_ac_25kev.sp3_20.702
09:39:36  INFO       [27/142] step 702    1.8s (sp3=18.0% disp=8)
09:39:36  INFO     Detected columns: ['id', 'type', 'x', 'y', 'z', 'vx', 'vy', 'vz', 'c_pe_atom', 'c_ke_atom', 'c_coord']
09:39:37  INFO     Loaded 473344 atoms, timestep=729, time=0.7290 ps from dump.ballistic_ac_25kev.sp3_20.729
09:39:38  INFO       [28/142] step 729    1.7s (sp3=18.0% disp=7)
09:39:38  INFO     Detected columns: ['id', 'type', 'x', 'y', 'z', 'vx', 'vy', 'vz', 'c_pe_atom', 'c_ke_atom', 'c_coord']
09:39:39  INFO     Loaded 473344 atoms, timestep=756, time=0.7560 ps from dump.ballistic_ac_25kev.sp3_20.756
09:39:40  INFO       [29/142] step 756    1.9s (sp3=18.0% disp=15)
09:39:40  INFO     Detected columns: ['id', 'type', 'x', 'y', 'z', 'vx', 'vy', 'vz', 'c_pe_atom', 'c_ke_atom', 'c_coord']
09:39:41  INFO     Loaded 473344 atoms, timestep=783, time=0.7830 ps from dump.ballistic_ac_25kev.sp3_20.783
09:39:41  INFO       [30/142] step 783    1.7s (sp3=18.0% disp=15)
09:39:41  INFO     Detected columns: ['id', 'type', 'x', 'y', 'z', 'vx', 'vy', 'vz', 'c_pe_atom', 'c_ke_atom', 'c_coord']
09:39:43  INFO     Loaded 473344 atoms, timestep=810, time=0.8100 ps from dump.ballistic_ac_25kev.sp3_20.810
09:39:43  INFO       [31/142] step 810    1.9s (sp3=18.0% disp=17)
09:39:43  INFO     Detected columns: ['id', 'type', 'x', 'y', 'z', 'vx', 'vy', 'vz', 'c_pe_atom', 'c_ke_atom', 'c_coord']
09:39:45  INFO     Loaded 473344 atoms, timestep=837, time=0.8370 ps from dump.ballistic_ac_25kev.sp3_20.837
09:39:45  INFO       [32/142] step 837    1.7s (sp3=18.0% disp=17)
09:39:45  INFO     Detected columns: ['id', 'type', 'x', 'y', 'z', 'vx', 'vy', 'vz', 'c_pe_atom', 'c_ke_atom', 'c_coord']
09:39:47  INFO     Loaded 473344 atoms, timestep=864, time=0.8640 ps from dump.ballistic_ac_25kev.sp3_20.864
09:39:47  INFO       [33/142] step 864    1.9s (sp3=18.0% disp=18)
09:39:47  INFO     Detected columns: ['id', 'type', 'x', 'y', 'z', 'vx', 'vy', 'vz', 'c_pe_atom', 'c_ke_atom', 'c_coord']
09:39:48  INFO     Loaded 473344 atoms, timestep=891, time=0.8910 ps from dump.ballistic_ac_25kev.sp3_20.891
09:39:49  INFO       [34/142] step 891    1.8s (sp3=18.0% disp=18)
09:39:49  INFO     Detected columns: ['id', 'type', 'x', 'y', 'z', 'vx', 'vy', 'vz', 'c_pe_atom', 'c_ke_atom', 'c_coord']
09:39:50  INFO     Loaded 473344 atoms, timestep=918, time=0.9180 ps from dump.ballistic_ac_25kev.sp3_20.918
09:39:51  INFO       [35/142] step 918    2.0s (sp3=18.0% disp=18)
09:39:51  INFO     Detected columns: ['id', 'type', 'x', 'y', 'z', 'vx', 'vy', 'vz', 'c_pe_atom', 'c_ke_atom', 'c_coord']
09:39:52  INFO     Loaded 473344 atoms, timestep=945, time=0.9450 ps from dump.ballistic_ac_25kev.sp3_20.945
09:39:52  INFO       [36/142] step 945    1.7s (sp3=18.0% disp=18)
09:39:52  INFO     Detected columns: ['id', 'type', 'x', 'y', 'z', 'vx', 'vy', 'vz', 'c_pe_atom', 'c_ke_atom', 'c_coord']
09:39:54  INFO     Loaded 473344 atoms, timestep=972, time=0.9720 ps from dump.ballistic_ac_25kev.sp3_20.972
09:39:54  INFO       [37/142] step 972    1.8s (sp3=18.0% disp=15)
09:39:54  INFO     Detected columns: ['id', 'type', 'x', 'y', 'z', 'vx', 'vy', 'vz', 'c_pe_atom', 'c_ke_atom', 'c_coord']
09:39:56  INFO     Loaded 473344 atoms, timestep=999, time=0.9990 ps from dump.ballistic_ac_25kev.sp3_20.999
09:39:56  INFO       [38/142] step 999    1.7s (sp3=18.0% disp=7)
09:39:56  INFO     Detected columns: ['id', 'type', 'x', 'y', 'z', 'vx', 'vy', 'vz', 'c_pe_atom', 'c_ke_atom', 'c_coord']
09:39:58  INFO     Loaded 473344 atoms, timestep=1026, time=1.0260 ps from dump.ballistic_ac_25kev.sp3_20.1026
09:39:58  INFO       [39/142] step 1026   1.9s (sp3=18.0% disp=7)
09:39:58  INFO     Detected columns: ['id', 'type', 'x', 'y', 'z', 'vx', 'vy', 'vz', 'c_pe_atom', 'c_ke_atom', 'c_coord']
09:39:59  INFO     Loaded 473344 atoms, timestep=1053, time=1.0530 ps from dump.ballistic_ac_25kev.sp3_20.1053
09:39:59  INFO       [40/142] step 1053   1.7s (sp3=18.0% disp=8)
09:40:00  INFO     Detected columns: ['id', 'type', 'x', 'y', 'z', 'vx', 'vy', 'vz', 'c_pe_atom', 'c_ke_atom', 'c_coord']
09:40:01  INFO     Loaded 473344 atoms, timestep=1080, time=1.0800 ps from dump.ballistic_ac_25kev.sp3_20.1080
09:40:01  INFO       [41/142] step 1080   1.9s (sp3=18.0% disp=8)
09:40:01  INFO     Detected columns: ['id', 'type', 'x', 'y', 'z', 'vx', 'vy', 'vz', 'c_pe_atom', 'c_ke_atom', 'c_coord']
09:40:03  INFO     Loaded 473344 atoms, timestep=1107, time=1.1070 ps from dump.ballistic_ac_25kev.sp3_20.1107
09:40:03  INFO       [42/142] step 1107   1.8s (sp3=18.0% disp=8)
09:40:03  INFO     Detected columns: ['id', 'type', 'x', 'y', 'z', 'vx', 'vy', 'vz', 'c_pe_atom', 'c_ke_atom', 'c_coord']
09:40:05  INFO     Loaded 473344 atoms, timestep=1134, time=1.1340 ps from dump.ballistic_ac_25kev.sp3_20.1134
09:40:05  INFO       [43/142] step 1134   2.0s (sp3=18.0% disp=8)
09:40:05  INFO     Detected columns: ['id', 'type', 'x', 'y', 'z', 'vx', 'vy', 'vz', 'c_pe_atom', 'c_ke_atom', 'c_coord']
09:40:07  INFO     Loaded 473344 atoms, timestep=1161, time=1.1610 ps from dump.ballistic_ac_25kev.sp3_20.1161
09:40:07  INFO       [44/142] step 1161   1.8s (sp3=18.0% disp=8)
09:40:07  INFO     Detected columns: ['id', 'type', 'x', 'y', 'z', 'vx', 'vy', 'vz', 'c_pe_atom', 'c_ke_atom', 'c_coord']
09:40:08  INFO     Loaded 473344 atoms, timestep=1188, time=1.1880 ps from dump.ballistic_ac_25kev.sp3_20.1188
09:40:09  INFO       [45/142] step 1188   1.7s (sp3=18.0% disp=8)
09:40:09  INFO     Detected columns: ['id', 'type', 'x', 'y', 'z', 'vx', 'vy', 'vz', 'c_pe_atom', 'c_ke_atom', 'c_coord']
09:40:10  INFO     Loaded 473344 atoms, timestep=1215, time=1.2150 ps from dump.ballistic_ac_25kev.sp3_20.1215
09:40:10  INFO       [46/142] step 1215   1.8s (sp3=18.0% disp=8)
09:40:10  INFO     Detected columns: ['id', 'type', 'x', 'y', 'z', 'vx', 'vy', 'vz', 'c_pe_atom', 'c_ke_atom', 'c_coord']
09:40:12  INFO     Loaded 473344 atoms, timestep=1242, time=1.2420 ps from dump.ballistic_ac_25kev.sp3_20.1242
09:40:12  INFO       [47/142] step 1242   1.7s (sp3=18.0% disp=17)
09:40:12  INFO     Detected columns: ['id', 'type', 'x', 'y', 'z', 'vx', 'vy', 'vz', 'c_pe_atom', 'c_ke_atom', 'c_coord']
09:40:14  INFO     Loaded 473344 atoms, timestep=1269, time=1.2690 ps from dump.ballistic_ac_25kev.sp3_20.1269
09:40:14  INFO       [48/142] step 1269   1.8s (sp3=18.0% disp=8)
09:40:14  INFO     Detected columns: ['id', 'type', 'x', 'y', 'z', 'vx', 'vy', 'vz', 'c_pe_atom', 'c_ke_atom', 'c_coord']
09:40:16  INFO     Loaded 473344 atoms, timestep=1296, time=1.2960 ps from dump.ballistic_ac_25kev.sp3_20.1296
09:40:16  INFO       [49/142] step 1296   1.7s (sp3=18.0% disp=12)
09:40:16  INFO     Detected columns: ['id', 'type', 'x', 'y', 'z', 'vx', 'vy', 'vz', 'c_pe_atom', 'c_ke_atom', 'c_coord']
09:40:17  INFO     Loaded 473344 atoms, timestep=1323, time=1.3230 ps from dump.ballistic_ac_25kev.sp3_20.1323
09:40:18  INFO       [50/142] step 1323   1.9s (sp3=18.0% disp=12)
09:40:18  INFO     Detected columns: ['id', 'type', 'x', 'y', 'z', 'vx', 'vy', 'vz', 'c_pe_atom', 'c_ke_atom', 'c_coord']
09:40:19  INFO     Loaded 473344 atoms, timestep=1350, time=1.3500 ps from dump.ballistic_ac_25kev.sp3_20.1350
09:40:19  INFO       [51/142] step 1350   1.8s (sp3=18.0% disp=12)
09:40:19  INFO     Detected columns: ['id', 'type', 'x', 'y', 'z', 'vx', 'vy', 'vz', 'c_pe_atom', 'c_ke_atom', 'c_coord']
09:40:21  INFO     Loaded 473344 atoms, timestep=1377, time=1.3770 ps from dump.ballistic_ac_25kev.sp3_20.1377
09:40:21  INFO       [52/142] step 1377   2.0s (sp3=18.0% disp=12)
09:40:21  INFO     Detected columns: ['id', 'type', 'x', 'y', 'z', 'vx', 'vy', 'vz', 'c_pe_atom', 'c_ke_atom', 'c_coord']
09:40:23  INFO     Loaded 473344 atoms, timestep=1404, time=1.4040 ps from dump.ballistic_ac_25kev.sp3_20.1404
09:40:23  INFO       [53/142] step 1404   1.6s (sp3=18.0% disp=12)
09:40:23  INFO     Detected columns: ['id', 'type', 'x', 'y', 'z', 'vx', 'vy', 'vz', 'c_pe_atom', 'c_ke_atom', 'c_coord']
09:40:25  INFO     Loaded 473344 atoms, timestep=1431, time=1.4310 ps from dump.ballistic_ac_25kev.sp3_20.1431
09:40:25  INFO       [54/142] step 1431   1.8s (sp3=18.0% disp=12)
09:40:25  INFO     Detected columns: ['id', 'type', 'x', 'y', 'z', 'vx', 'vy', 'vz', 'c_pe_atom', 'c_ke_atom', 'c_coord']
09:40:26  INFO     Loaded 473344 atoms, timestep=1458, time=1.4580 ps from dump.ballistic_ac_25kev.sp3_20.1458
09:40:26  INFO       [55/142] step 1458   1.7s (sp3=18.0% disp=12)
09:40:26  INFO     Detected columns: ['id', 'type', 'x', 'y', 'z', 'vx', 'vy', 'vz', 'c_pe_atom', 'c_ke_atom', 'c_coord']
09:40:28  INFO     Loaded 473344 atoms, timestep=1485, time=1.4850 ps from dump.ballistic_ac_25kev.sp3_20.1485
09:40:28  INFO       [56/142] step 1485   1.8s (sp3=18.0% disp=12)
09:40:28  INFO     Detected columns: ['id', 'type', 'x', 'y', 'z', 'vx', 'vy', 'vz', 'c_pe_atom', 'c_ke_atom', 'c_coord']
09:40:30  INFO     Loaded 473344 atoms, timestep=1512, time=1.5120 ps from dump.ballistic_ac_25kev.sp3_20.1512
09:40:30  INFO       [57/142] step 1512   1.7s (sp3=18.0% disp=12)
09:40:30  INFO     Detected columns: ['id', 'type', 'x', 'y', 'z', 'vx', 'vy', 'vz', 'c_pe_atom', 'c_ke_atom', 'c_coord']
09:40:32  INFO     Loaded 473344 atoms, timestep=1539, time=1.5390 ps from dump.ballistic_ac_25kev.sp3_20.1539
09:40:32  INFO       [58/142] step 1539   1.9s (sp3=18.0% disp=19)
09:40:32  INFO     Detected columns: ['id', 'type', 'x', 'y', 'z', 'vx', 'vy', 'vz', 'c_pe_atom', 'c_ke_atom', 'c_coord']
09:40:33  INFO     Loaded 473344 atoms, timestep=1566, time=1.5660 ps from dump.ballistic_ac_25kev.sp3_20.1566
09:40:33  INFO       [59/142] step 1566   1.7s (sp3=18.0% disp=19)
09:40:34  INFO     Detected columns: ['id', 'type', 'x', 'y', 'z', 'vx', 'vy', 'vz', 'c_pe_atom', 'c_ke_atom', 'c_coord']
09:40:35  INFO     Loaded 473344 atoms, timestep=1593, time=1.5930 ps from dump.ballistic_ac_25kev.sp3_20.1593
09:40:35  INFO       [60/142] step 1593   1.9s (sp3=18.0% disp=19)
09:40:36  INFO     Detected columns: ['id', 'type', 'x', 'y', 'z', 'vx', 'vy', 'vz', 'c_pe_atom', 'c_ke_atom', 'c_coord']
09:40:37  INFO     Loaded 473344 atoms, timestep=1620, time=1.6200 ps from dump.ballistic_ac_25kev.sp3_20.1620
09:40:37  INFO       [61/142] step 1620   1.8s (sp3=18.0% disp=13)
09:40:37  INFO     Detected columns: ['id', 'type', 'x', 'y', 'z', 'vx', 'vy', 'vz', 'c_pe_atom', 'c_ke_atom', 'c_coord']
09:40:39  INFO     Loaded 473344 atoms, timestep=1647, time=1.6470 ps from dump.ballistic_ac_25kev.sp3_20.1647
09:40:39  INFO       [62/142] step 1647   1.7s (sp3=18.0% disp=13)
09:40:39  INFO     Detected columns: ['id', 'type', 'x', 'y', 'z', 'vx', 'vy', 'vz', 'c_pe_atom', 'c_ke_atom', 'c_coord']
09:40:40  INFO     Loaded 473344 atoms, timestep=1674, time=1.6740 ps from dump.ballistic_ac_25kev.sp3_20.1674
09:40:41  INFO       [63/142] step 1674   1.8s (sp3=18.0% disp=13)
09:40:41  INFO     Detected columns: ['id', 'type', 'x', 'y', 'z', 'vx', 'vy', 'vz', 'c_pe_atom', 'c_ke_atom', 'c_coord']
09:40:42  INFO     Loaded 473344 atoms, timestep=1701, time=1.7010 ps from dump.ballistic_ac_25kev.sp3_20.1701
09:40:42  INFO       [64/142] step 1701   1.7s (sp3=18.0% disp=13)
09:40:42  INFO     Detected columns: ['id', 'type', 'x', 'y', 'z', 'vx', 'vy', 'vz', 'c_pe_atom', 'c_ke_atom', 'c_coord']
09:40:44  INFO     Loaded 473344 atoms, timestep=1728, time=1.7280 ps from dump.ballistic_ac_25kev.sp3_20.1728
09:40:44  INFO       [65/142] step 1728   1.8s (sp3=18.0% disp=14)
09:40:44  INFO     Detected columns: ['id', 'type', 'x', 'y', 'z', 'vx', 'vy', 'vz', 'c_pe_atom', 'c_ke_atom', 'c_coord']
09:40:46  INFO     Loaded 473344 atoms, timestep=1755, time=1.7550 ps from dump.ballistic_ac_25kev.sp3_20.1755
09:40:46  INFO       [66/142] step 1755   1.7s (sp3=18.0% disp=14)
09:40:46  INFO     Detected columns: ['id', 'type', 'x', 'y', 'z', 'vx', 'vy', 'vz', 'c_pe_atom', 'c_ke_atom', 'c_coord']
09:40:48  INFO     Loaded 473344 atoms, timestep=1782, time=1.7820 ps from dump.ballistic_ac_25kev.sp3_20.1782
09:40:48  INFO       [67/142] step 1782   1.9s (sp3=18.0% disp=22)
09:40:48  INFO     Detected columns: ['id', 'type', 'x', 'y', 'z', 'vx', 'vy', 'vz', 'c_pe_atom', 'c_ke_atom', 'c_coord']
09:40:49  INFO     Loaded 473344 atoms, timestep=1809, time=1.8090 ps from dump.ballistic_ac_25kev.sp3_20.1809
09:40:50  INFO       [68/142] step 1809   1.8s (sp3=18.0% disp=14)
09:40:50  INFO     Detected columns: ['id', 'type', 'x', 'y', 'z', 'vx', 'vy', 'vz', 'c_pe_atom', 'c_ke_atom', 'c_coord']
09:40:51  INFO     Loaded 473344 atoms, timestep=1836, time=1.8360 ps from dump.ballistic_ac_25kev.sp3_20.1836
09:40:51  INFO       [69/142] step 1836   1.9s (sp3=18.0% disp=23)
09:40:52  INFO     Detected columns: ['id', 'type', 'x', 'y', 'z', 'vx', 'vy', 'vz', 'c_pe_atom', 'c_ke_atom', 'c_coord']
09:40:53  INFO     Loaded 473344 atoms, timestep=1863, time=1.8630 ps from dump.ballistic_ac_25kev.sp3_20.1863
09:40:53  INFO       [70/142] step 1863   1.6s (sp3=18.0% disp=23)
09:40:53  INFO     Detected columns: ['id', 'type', 'x', 'y', 'z', 'vx', 'vy', 'vz', 'c_pe_atom', 'c_ke_atom', 'c_coord']
09:40:55  INFO     Loaded 473344 atoms, timestep=1890, time=1.8900 ps from dump.ballistic_ac_25kev.sp3_20.1890
09:40:55  INFO       [71/142] step 1890   1.8s (sp3=18.0% disp=22)
09:40:55  INFO     Detected columns: ['id', 'type', 'x', 'y', 'z', 'vx', 'vy', 'vz', 'c_pe_atom', 'c_ke_atom', 'c_coord']
09:40:56  INFO     Loaded 473344 atoms, timestep=1917, time=1.9170 ps from dump.ballistic_ac_25kev.sp3_20.1917
09:40:57  INFO       [72/142] step 1917   1.7s (sp3=18.0% disp=14)
09:40:57  INFO     Detected columns: ['id', 'type', 'x', 'y', 'z', 'vx', 'vy', 'vz', 'c_pe_atom', 'c_ke_atom', 'c_coord']
09:40:58  INFO     Loaded 473344 atoms, timestep=1944, time=1.9440 ps from dump.ballistic_ac_25kev.sp3_20.1944
09:40:58  INFO       [73/142] step 1944   1.8s (sp3=18.0% disp=15)
09:40:59  INFO     Detected columns: ['id', 'type', 'x', 'y', 'z', 'vx', 'vy', 'vz', 'c_pe_atom', 'c_ke_atom', 'c_coord']
09:41:00  INFO     Loaded 473344 atoms, timestep=1971, time=1.9710 ps from dump.ballistic_ac_25kev.sp3_20.1971
09:41:00  INFO       [74/142] step 1971   1.7s (sp3=18.0% disp=24)
09:41:00  INFO     Detected columns: ['id', 'type', 'x', 'y', 'z', 'vx', 'vy', 'vz', 'c_pe_atom', 'c_ke_atom', 'c_coord']
09:41:02  INFO     Loaded 473344 atoms, timestep=1998, time=1.9980 ps from dump.ballistic_ac_25kev.sp3_20.1998
09:41:02  INFO       [75/142] step 1998   1.9s (sp3=18.0% disp=24)
09:41:02  INFO     Detected columns: ['id', 'type', 'x', 'y', 'z', 'vx', 'vy', 'vz', 'c_pe_atom', 'c_ke_atom', 'c_coord']
09:41:04  INFO     Loaded 473344 atoms, timestep=2040, time=2.0400 ps from dump.ballistic_ac_25kev.sp3_20.2040
09:41:04  INFO       [76/142] step 2040   1.7s (sp3=18.0% disp=20)
09:41:04  INFO     Detected columns: ['id', 'type', 'x', 'y', 'z', 'vx', 'vy', 'vz', 'c_pe_atom', 'c_ke_atom', 'c_coord']
09:41:05  INFO     Loaded 473344 atoms, timestep=2160, time=2.1600 ps from dump.ballistic_ac_25kev.sp3_20.2160
09:41:06  INFO       [77/142] step 2160   1.9s (sp3=18.0% disp=20)
09:41:06  INFO     Detected columns: ['id', 'type', 'x', 'y', 'z', 'vx', 'vy', 'vz', 'c_pe_atom', 'c_ke_atom', 'c_coord']
09:41:07  INFO     Loaded 473344 atoms, timestep=2280, time=2.2800 ps from dump.ballistic_ac_25kev.sp3_20.2280
09:41:07  INFO       [78/142] step 2280   1.8s (sp3=18.0% disp=21)
09:41:08  INFO     Detected columns: ['id', 'type', 'x', 'y', 'z', 'vx', 'vy', 'vz', 'c_pe_atom', 'c_ke_atom', 'c_coord']
09:41:09  INFO     Loaded 473344 atoms, timestep=2400, time=2.4000 ps from dump.ballistic_ac_25kev.sp3_20.2400
09:41:09  INFO       [79/142] step 2400   1.7s (sp3=18.0% disp=28)
09:41:09  INFO     Detected columns: ['id', 'type', 'x', 'y', 'z', 'vx', 'vy', 'vz', 'c_pe_atom', 'c_ke_atom', 'c_coord']
09:41:11  INFO     Loaded 473344 atoms, timestep=2520, time=2.5200 ps from dump.ballistic_ac_25kev.sp3_20.2520
09:41:11  INFO       [80/142] step 2520   1.8s (sp3=18.0% disp=27)
09:41:11  INFO     Detected columns: ['id', 'type', 'x', 'y', 'z', 'vx', 'vy', 'vz', 'c_pe_atom', 'c_ke_atom', 'c_coord']
09:41:13  INFO     Loaded 473344 atoms, timestep=2640, time=2.6400 ps from dump.ballistic_ac_25kev.sp3_20.2640
09:41:13  INFO       [81/142] step 2640   1.7s (sp3=18.0% disp=27)
09:41:13  INFO     Detected columns: ['id', 'type', 'x', 'y', 'z', 'vx', 'vy', 'vz', 'c_pe_atom', 'c_ke_atom', 'c_coord']
09:41:14  INFO     Loaded 473344 atoms, timestep=2760, time=2.7600 ps from dump.ballistic_ac_25kev.sp3_20.2760
09:41:14  INFO       [82/142] step 2760   1.8s (sp3=18.0% disp=19)
09:41:15  INFO     Detected columns: ['id', 'type', 'x', 'y', 'z', 'vx', 'vy', 'vz', 'c_pe_atom', 'c_ke_atom', 'c_coord']
09:41:16  INFO     Loaded 473344 atoms, timestep=2880, time=2.8800 ps from dump.ballistic_ac_25kev.sp3_20.2880
09:41:16  INFO       [83/142] step 2880   1.7s (sp3=18.0% disp=30)
09:41:16  INFO     Detected columns: ['id', 'type', 'x', 'y', 'z', 'vx', 'vy', 'vz', 'c_pe_atom', 'c_ke_atom', 'c_coord']
09:41:18  INFO     Loaded 473344 atoms, timestep=3000, time=3.0000 ps from dump.ballistic_ac_25kev.sp3_20.3000
09:41:18  INFO       [84/142] step 3000   1.9s (sp3=18.0% disp=84)
09:41:18  INFO     Detected columns: ['id', 'type', 'x', 'y', 'z', 'vx', 'vy', 'vz', 'c_pe_atom', 'c_ke_atom', 'c_coord']
09:41:20  INFO     Loaded 473344 atoms, timestep=3120, time=3.1200 ps from dump.ballistic_ac_25kev.sp3_20.3120
09:41:20  INFO       [85/142] step 3120   1.8s (sp3=18.0% disp=34)
09:41:20  INFO     Detected columns: ['id', 'type', 'x', 'y', 'z', 'vx', 'vy', 'vz', 'c_pe_atom', 'c_ke_atom', 'c_coord']
09:41:22  INFO     Loaded 473344 atoms, timestep=3240, time=3.2400 ps from dump.ballistic_ac_25kev.sp3_20.3240
09:41:22  INFO       [86/142] step 3240   2.0s (sp3=18.0% disp=20)
09:41:22  INFO     Detected columns: ['id', 'type', 'x', 'y', 'z', 'vx', 'vy', 'vz', 'c_pe_atom', 'c_ke_atom', 'c_coord']
09:41:23  INFO     Loaded 473344 atoms, timestep=3360, time=3.3600 ps from dump.ballistic_ac_25kev.sp3_20.3360
09:41:23  INFO       [87/142] step 3360   1.6s (sp3=18.0% disp=61)
09:41:24  INFO     Detected columns: ['id', 'type', 'x', 'y', 'z', 'vx', 'vy', 'vz', 'c_pe_atom', 'c_ke_atom', 'c_coord']
09:41:25  INFO     Loaded 473344 atoms, timestep=3480, time=3.4800 ps from dump.ballistic_ac_25kev.sp3_20.3480
09:41:25  INFO       [88/142] step 3480   1.8s (sp3=18.0% disp=58)
09:41:25  INFO     Detected columns: ['id', 'type', 'x', 'y', 'z', 'vx', 'vy', 'vz', 'c_pe_atom', 'c_ke_atom', 'c_coord']
09:41:27  INFO     Loaded 473344 atoms, timestep=3600, time=3.6000 ps from dump.ballistic_ac_25kev.sp3_20.3600
09:41:27  INFO       [89/142] step 3600   1.7s (sp3=18.0% disp=72)
09:41:27  INFO     Detected columns: ['id', 'type', 'x', 'y', 'z', 'vx', 'vy', 'vz', 'c_pe_atom', 'c_ke_atom', 'c_coord']
09:41:29  INFO     Loaded 473344 atoms, timestep=3720, time=3.7200 ps from dump.ballistic_ac_25kev.sp3_20.3720
09:41:29  INFO       [90/142] step 3720   1.8s (sp3=18.0% disp=29)
09:41:29  INFO     Detected columns: ['id', 'type', 'x', 'y', 'z', 'vx', 'vy', 'vz', 'c_pe_atom', 'c_ke_atom', 'c_coord']
09:41:30  INFO     Loaded 473344 atoms, timestep=3840, time=3.8400 ps from dump.ballistic_ac_25kev.sp3_20.3840
09:41:31  INFO       [91/142] step 3840   1.7s (sp3=18.0% disp=77)
09:41:31  INFO     Detected columns: ['id', 'type', 'x', 'y', 'z', 'vx', 'vy', 'vz', 'c_pe_atom', 'c_ke_atom', 'c_coord']
09:41:32  INFO     Loaded 473344 atoms, timestep=3960, time=3.9600 ps from dump.ballistic_ac_25kev.sp3_20.3960
09:41:32  INFO       [92/142] step 3960   1.9s (sp3=18.0% disp=73)
09:41:33  INFO     Detected columns: ['id', 'type', 'x', 'y', 'z', 'vx', 'vy', 'vz', 'c_pe_atom', 'c_ke_atom', 'c_coord']
09:41:34  INFO     Loaded 473344 atoms, timestep=4080, time=4.0800 ps from dump.ballistic_ac_25kev.sp3_20.4080
09:41:34  INFO       [93/142] step 4080   1.7s (sp3=18.0% disp=26)
09:41:34  INFO     Detected columns: ['id', 'type', 'x', 'y', 'z', 'vx', 'vy', 'vz', 'c_pe_atom', 'c_ke_atom', 'c_coord']
09:41:36  INFO     Loaded 473344 atoms, timestep=4200, time=4.2000 ps from dump.ballistic_ac_25kev.sp3_20.4200
09:41:36  INFO       [94/142] step 4200   1.9s (sp3=18.0% disp=36)
09:41:36  INFO     Detected columns: ['id', 'type', 'x', 'y', 'z', 'vx', 'vy', 'vz', 'c_pe_atom', 'c_ke_atom', 'c_coord']
09:41:38  INFO     Loaded 473344 atoms, timestep=4320, time=4.3200 ps from dump.ballistic_ac_25kev.sp3_20.4320
09:41:38  INFO       [95/142] step 4320   1.8s (sp3=18.0% disp=37)
09:41:38  INFO     Detected columns: ['id', 'type', 'x', 'y', 'z', 'vx', 'vy', 'vz', 'c_pe_atom', 'c_ke_atom', 'c_coord']
09:41:39  INFO     Loaded 473344 atoms, timestep=4440, time=4.4400 ps from dump.ballistic_ac_25kev.sp3_20.4440
09:41:39  INFO       [96/142] step 4440   1.7s (sp3=18.0% disp=40)
09:41:40  INFO     Detected columns: ['id', 'type', 'x', 'y', 'z', 'vx', 'vy', 'vz', 'c_pe_atom', 'c_ke_atom', 'c_coord']
09:41:41  INFO     Loaded 473344 atoms, timestep=4560, time=4.5600 ps from dump.ballistic_ac_25kev.sp3_20.4560
09:41:41  INFO       [97/142] step 4560   1.8s (sp3=18.0% disp=45)
09:41:42  INFO     Detected columns: ['id', 'type', 'x', 'y', 'z', 'vx', 'vy', 'vz', 'c_pe_atom', 'c_ke_atom', 'c_coord']
09:41:43  INFO     Loaded 473344 atoms, timestep=4680, time=4.6800 ps from dump.ballistic_ac_25kev.sp3_20.4680
09:41:43  INFO       [98/142] step 4680   1.8s (sp3=18.0% disp=36)
09:41:43  INFO     Detected columns: ['id', 'type', 'x', 'y', 'z', 'vx', 'vy', 'vz', 'c_pe_atom', 'c_ke_atom', 'c_coord']
09:41:45  INFO     Loaded 473344 atoms, timestep=4800, time=4.8000 ps from dump.ballistic_ac_25kev.sp3_20.4800
09:41:45  INFO       [99/142] step 4800   1.9s (sp3=18.0% disp=35)
09:41:45  INFO     Detected columns: ['id', 'type', 'x', 'y', 'z', 'vx', 'vy', 'vz', 'c_pe_atom', 'c_ke_atom', 'c_coord']
09:41:47  INFO     Loaded 473344 atoms, timestep=4920, time=4.9200 ps from dump.ballistic_ac_25kev.sp3_20.4920
09:41:47  INFO       [100/142] step 4920   1.8s (sp3=18.0% disp=34)
09:41:47  INFO     Detected columns: ['id', 'type', 'x', 'y', 'z', 'vx', 'vy', 'vz', 'c_pe_atom', 'c_ke_atom', 'c_coord']
09:41:49  INFO     Loaded 473344 atoms, timestep=5040, time=5.0400 ps from dump.ballistic_ac_25kev.sp3_20.5040
09:41:49  INFO       [101/142] step 5040   1.9s (sp3=18.0% disp=36)
09:41:49  INFO     Detected columns: ['id', 'type', 'x', 'y', 'z', 'vx', 'vy', 'vz', 'c_pe_atom', 'c_ke_atom', 'c_coord']
09:41:50  INFO     Loaded 473344 atoms, timestep=5160, time=5.1600 ps from dump.ballistic_ac_25kev.sp3_20.5160
09:41:51  INFO       [102/142] step 5160   1.8s (sp3=18.0% disp=37)
09:41:51  INFO     Detected columns: ['id', 'type', 'x', 'y', 'z', 'vx', 'vy', 'vz', 'c_pe_atom', 'c_ke_atom', 'c_coord']
09:41:52  INFO     Loaded 473344 atoms, timestep=5280, time=5.2800 ps from dump.ballistic_ac_25kev.sp3_20.5280
09:41:52  INFO       [103/142] step 5280   1.9s (sp3=18.0% disp=71)
09:41:53  INFO     Detected columns: ['id', 'type', 'x', 'y', 'z', 'vx', 'vy', 'vz', 'c_pe_atom', 'c_ke_atom', 'c_coord']
09:41:54  INFO     Loaded 473344 atoms, timestep=5400, time=5.4000 ps from dump.ballistic_ac_25kev.sp3_20.5400
09:41:54  INFO       [104/142] step 5400   1.6s (sp3=18.0% disp=22)
09:41:54  INFO     Detected columns: ['id', 'type', 'x', 'y', 'z', 'vx', 'vy', 'vz', 'c_pe_atom', 'c_ke_atom', 'c_coord']
09:41:56  INFO     Loaded 473344 atoms, timestep=5520, time=5.5200 ps from dump.ballistic_ac_25kev.sp3_20.5520
09:41:56  INFO       [105/142] step 5520   1.9s (sp3=18.0% disp=38)
09:41:56  INFO     Detected columns: ['id', 'type', 'x', 'y', 'z', 'vx', 'vy', 'vz', 'c_pe_atom', 'c_ke_atom', 'c_coord']
09:41:58  INFO     Loaded 473344 atoms, timestep=5640, time=5.6400 ps from dump.ballistic_ac_25kev.sp3_20.5640
09:41:58  INFO       [106/142] step 5640   1.9s (sp3=18.0% disp=37)
09:41:58  INFO     Detected columns: ['id', 'type', 'x', 'y', 'z', 'vx', 'vy', 'vz', 'c_pe_atom', 'c_ke_atom', 'c_coord']
09:42:00  INFO     Loaded 473344 atoms, timestep=5760, time=5.7600 ps from dump.ballistic_ac_25kev.sp3_20.5760
09:42:00  INFO       [107/142] step 5760   1.9s (sp3=18.1% disp=38)
09:42:00  INFO     Detected columns: ['id', 'type', 'x', 'y', 'z', 'vx', 'vy', 'vz', 'c_pe_atom', 'c_ke_atom', 'c_coord']
09:42:01  INFO     Loaded 473344 atoms, timestep=5880, time=5.8800 ps from dump.ballistic_ac_25kev.sp3_20.5880
09:42:02  INFO       [108/142] step 5880   1.8s (sp3=18.1% disp=37)
09:42:02  INFO     Detected columns: ['id', 'type', 'x', 'y', 'z', 'vx', 'vy', 'vz', 'c_pe_atom', 'c_ke_atom', 'c_coord']
09:42:03  INFO     Loaded 473344 atoms, timestep=6000, time=6.0000 ps from dump.ballistic_ac_25kev.sp3_20.6000
09:42:04  INFO       [109/142] step 6000   1.9s (sp3=18.1% disp=38)
09:42:04  INFO     Detected columns: ['id', 'type', 'x', 'y', 'z', 'vx', 'vy', 'vz', 'c_pe_atom', 'c_ke_atom', 'c_coord']
09:42:05  INFO     Loaded 473344 atoms, timestep=6120, time=6.1200 ps from dump.ballistic_ac_25kev.sp3_20.6120
09:42:05  INFO       [110/142] step 6120   1.8s (sp3=18.1% disp=36)
09:42:05  INFO     Detected columns: ['id', 'type', 'x', 'y', 'z', 'vx', 'vy', 'vz', 'c_pe_atom', 'c_ke_atom', 'c_coord']
09:42:07  INFO     Loaded 473344 atoms, timestep=6240, time=6.2400 ps from dump.ballistic_ac_25kev.sp3_20.6240
09:42:07  INFO       [111/142] step 6240   2.0s (sp3=18.1% disp=35)
09:42:07  INFO     Detected columns: ['id', 'type', 'x', 'y', 'z', 'vx', 'vy', 'vz', 'c_pe_atom', 'c_ke_atom', 'c_coord']
09:42:09  INFO     Loaded 473344 atoms, timestep=6360, time=6.3600 ps from dump.ballistic_ac_25kev.sp3_20.6360
09:42:09  INFO       [112/142] step 6360   1.8s (sp3=18.1% disp=38)
09:42:09  INFO     Detected columns: ['id', 'type', 'x', 'y', 'z', 'vx', 'vy', 'vz', 'c_pe_atom', 'c_ke_atom', 'c_coord']
09:42:11  INFO     Loaded 473344 atoms, timestep=6480, time=6.4800 ps from dump.ballistic_ac_25kev.sp3_20.6480
09:42:11  INFO       [113/142] step 6480   1.7s (sp3=18.1% disp=35)
09:42:11  INFO     Detected columns: ['id', 'type', 'x', 'y', 'z', 'vx', 'vy', 'vz', 'c_pe_atom', 'c_ke_atom', 'c_coord']
09:42:12  INFO     Loaded 473344 atoms, timestep=6600, time=6.6000 ps from dump.ballistic_ac_25kev.sp3_20.6600
09:42:13  INFO       [114/142] step 6600   1.8s (sp3=18.1% disp=68)
09:42:13  INFO     Detected columns: ['id', 'type', 'x', 'y', 'z', 'vx', 'vy', 'vz', 'c_pe_atom', 'c_ke_atom', 'c_coord']
09:42:14  INFO     Loaded 473344 atoms, timestep=6720, time=6.7200 ps from dump.ballistic_ac_25kev.sp3_20.6720
09:42:14  INFO       [115/142] step 6720   1.7s (sp3=18.1% disp=39)
09:42:14  INFO     Detected columns: ['id', 'type', 'x', 'y', 'z', 'vx', 'vy', 'vz', 'c_pe_atom', 'c_ke_atom', 'c_coord']
09:42:16  INFO     Loaded 473344 atoms, timestep=6840, time=6.8400 ps from dump.ballistic_ac_25kev.sp3_20.6840
09:42:16  INFO       [116/142] step 6840   1.9s (sp3=18.1% disp=38)
09:42:16  INFO     Detected columns: ['id', 'type', 'x', 'y', 'z', 'vx', 'vy', 'vz', 'c_pe_atom', 'c_ke_atom', 'c_coord']
09:42:18  INFO     Loaded 473344 atoms, timestep=6960, time=6.9600 ps from dump.ballistic_ac_25kev.sp3_20.6960
09:42:18  INFO       [117/142] step 6960   1.7s (sp3=18.1% disp=71)
09:42:18  INFO     Detected columns: ['id', 'type', 'x', 'y', 'z', 'vx', 'vy', 'vz', 'c_pe_atom', 'c_ke_atom', 'c_coord']
09:42:20  INFO     Loaded 473344 atoms, timestep=7080, time=7.0800 ps from dump.ballistic_ac_25kev.sp3_20.7080
09:42:20  INFO       [118/142] step 7080   1.9s (sp3=18.1% disp=60)
09:42:20  INFO     Detected columns: ['id', 'type', 'x', 'y', 'z', 'vx', 'vy', 'vz', 'c_pe_atom', 'c_ke_atom', 'c_coord']
09:42:21  INFO     Loaded 473344 atoms, timestep=7200, time=7.2000 ps from dump.ballistic_ac_25kev.sp3_20.7200
09:42:22  INFO       [119/142] step 7200   1.8s (sp3=18.1% disp=38)
09:42:22  INFO     Detected columns: ['id', 'type', 'x', 'y', 'z', 'vx', 'vy', 'vz', 'c_pe_atom', 'c_ke_atom', 'c_coord']
09:42:24  INFO     Loaded 473344 atoms, timestep=7320, time=7.3200 ps from dump.ballistic_ac_25kev.sp3_20.7320
09:42:24  INFO       [120/142] step 7320   2.0s (sp3=18.1% disp=63)
09:42:24  INFO     Detected columns: ['id', 'type', 'x', 'y', 'z', 'vx', 'vy', 'vz', 'c_pe_atom', 'c_ke_atom', 'c_coord']
09:42:25  INFO     Loaded 473344 atoms, timestep=7440, time=7.4400 ps from dump.ballistic_ac_25kev.sp3_20.7440
09:42:25  INFO       [121/142] step 7440   1.6s (sp3=18.1% disp=38)
09:42:25  INFO     Detected columns: ['id', 'type', 'x', 'y', 'z', 'vx', 'vy', 'vz', 'c_pe_atom', 'c_ke_atom', 'c_coord']
09:42:27  INFO     Loaded 473344 atoms, timestep=7560, time=7.5600 ps from dump.ballistic_ac_25kev.sp3_20.7560
09:42:27  INFO       [122/142] step 7560   1.8s (sp3=18.1% disp=38)
09:42:27  INFO     Detected columns: ['id', 'type', 'x', 'y', 'z', 'vx', 'vy', 'vz', 'c_pe_atom', 'c_ke_atom', 'c_coord']
09:42:29  INFO     Loaded 473344 atoms, timestep=7680, time=7.6800 ps from dump.ballistic_ac_25kev.sp3_20.7680
09:42:29  INFO       [123/142] step 7680   1.7s (sp3=18.1% disp=38)
09:42:29  INFO     Detected columns: ['id', 'type', 'x', 'y', 'z', 'vx', 'vy', 'vz', 'c_pe_atom', 'c_ke_atom', 'c_coord']
09:42:30  INFO     Loaded 473344 atoms, timestep=7800, time=7.8000 ps from dump.ballistic_ac_25kev.sp3_20.7800
09:42:31  INFO       [124/142] step 7800   1.8s (sp3=18.1% disp=38)
09:42:31  INFO     Detected columns: ['id', 'type', 'x', 'y', 'z', 'vx', 'vy', 'vz', 'c_pe_atom', 'c_ke_atom', 'c_coord']
09:42:32  INFO     Loaded 473344 atoms, timestep=7920, time=7.9200 ps from dump.ballistic_ac_25kev.sp3_20.7920
09:42:32  INFO       [125/142] step 7920   1.7s (sp3=18.2% disp=62)
09:42:32  INFO     Detected columns: ['id', 'type', 'x', 'y', 'z', 'vx', 'vy', 'vz', 'c_pe_atom', 'c_ke_atom', 'c_coord']
09:42:34  INFO     Loaded 473344 atoms, timestep=8040, time=8.0400 ps from dump.ballistic_ac_25kev.sp3_20.8040
09:42:34  INFO       [126/142] step 8040   1.8s (sp3=18.1% disp=38)
09:42:34  INFO     Detected columns: ['id', 'type', 'x', 'y', 'z', 'vx', 'vy', 'vz', 'c_pe_atom', 'c_ke_atom', 'c_coord']
09:42:36  INFO     Loaded 473344 atoms, timestep=8160, time=8.1600 ps from dump.ballistic_ac_25kev.sp3_20.8160
09:42:36  INFO       [127/142] step 8160   1.7s (sp3=18.1% disp=38)
09:42:36  INFO     Detected columns: ['id', 'type', 'x', 'y', 'z', 'vx', 'vy', 'vz', 'c_pe_atom', 'c_ke_atom', 'c_coord']
09:42:38  INFO     Loaded 473344 atoms, timestep=8280, time=8.2800 ps from dump.ballistic_ac_25kev.sp3_20.8280
09:42:38  INFO       [128/142] step 8280   1.9s (sp3=18.1% disp=38)
09:42:38  INFO     Detected columns: ['id', 'type', 'x', 'y', 'z', 'vx', 'vy', 'vz', 'c_pe_atom', 'c_ke_atom', 'c_coord']
09:42:39  INFO     Loaded 473344 atoms, timestep=8400, time=8.4000 ps from dump.ballistic_ac_25kev.sp3_20.8400
09:42:39  INFO       [129/142] step 8400   1.8s (sp3=18.1% disp=38)
09:42:40  INFO     Detected columns: ['id', 'type', 'x', 'y', 'z', 'vx', 'vy', 'vz', 'c_pe_atom', 'c_ke_atom', 'c_coord']
09:42:41  INFO     Loaded 473344 atoms, timestep=8520, time=8.5200 ps from dump.ballistic_ac_25kev.sp3_20.8520
09:42:41  INFO       [130/142] step 8520   1.7s (sp3=18.1% disp=36)
09:42:41  INFO     Detected columns: ['id', 'type', 'x', 'y', 'z', 'vx', 'vy', 'vz', 'c_pe_atom', 'c_ke_atom', 'c_coord']
09:42:43  INFO     Loaded 473344 atoms, timestep=8640, time=8.6400 ps from dump.ballistic_ac_25kev.sp3_20.8640
09:42:43  INFO       [131/142] step 8640   1.8s (sp3=18.1% disp=38)
09:42:43  INFO     Detected columns: ['id', 'type', 'x', 'y', 'z', 'vx', 'vy', 'vz', 'c_pe_atom', 'c_ke_atom', 'c_coord']
09:42:45  INFO     Loaded 473344 atoms, timestep=8760, time=8.7600 ps from dump.ballistic_ac_25kev.sp3_20.8760
09:42:45  INFO       [132/142] step 8760   1.7s (sp3=18.1% disp=36)
09:42:45  INFO     Detected columns: ['id', 'type', 'x', 'y', 'z', 'vx', 'vy', 'vz', 'c_pe_atom', 'c_ke_atom', 'c_coord']
09:42:46  INFO     Loaded 473344 atoms, timestep=8880, time=8.8800 ps from dump.ballistic_ac_25kev.sp3_20.8880
09:42:47  INFO       [133/142] step 8880   1.9s (sp3=18.1% disp=38)
09:42:47  INFO     Detected columns: ['id', 'type', 'x', 'y', 'z', 'vx', 'vy', 'vz', 'c_pe_atom', 'c_ke_atom', 'c_coord']
09:42:48  INFO     Loaded 473344 atoms, timestep=9000, time=9.0000 ps from dump.ballistic_ac_25kev.sp3_20.9000
09:42:48  INFO       [134/142] step 9000   1.7s (sp3=18.1% disp=38)
09:42:48  INFO     Detected columns: ['id', 'type', 'x', 'y', 'z', 'vx', 'vy', 'vz', 'c_pe_atom', 'c_ke_atom', 'c_coord']
09:42:50  INFO     Loaded 473344 atoms, timestep=9120, time=9.1200 ps from dump.ballistic_ac_25kev.sp3_20.9120
09:42:50  INFO       [135/142] step 9120   1.9s (sp3=18.1% disp=38)
09:42:50  INFO     Detected columns: ['id', 'type', 'x', 'y', 'z', 'vx', 'vy', 'vz', 'c_pe_atom', 'c_ke_atom', 'c_coord']
09:42:52  INFO     Loaded 473344 atoms, timestep=9240, time=9.2400 ps from dump.ballistic_ac_25kev.sp3_20.9240
09:42:52  INFO       [136/142] step 9240   1.8s (sp3=18.2% disp=38)
09:42:52  INFO     Detected columns: ['id', 'type', 'x', 'y', 'z', 'vx', 'vy', 'vz', 'c_pe_atom', 'c_ke_atom', 'c_coord']
09:42:54  INFO     Loaded 473344 atoms, timestep=9360, time=9.3600 ps from dump.ballistic_ac_25kev.sp3_20.9360
09:42:54  INFO       [137/142] step 9360   2.0s (sp3=18.1% disp=35)
09:42:54  INFO     Detected columns: ['id', 'type', 'x', 'y', 'z', 'vx', 'vy', 'vz', 'c_pe_atom', 'c_ke_atom', 'c_coord']
09:42:55  INFO     Loaded 473344 atoms, timestep=9480, time=9.4800 ps from dump.ballistic_ac_25kev.sp3_20.9480
09:42:56  INFO       [138/142] step 9480   1.6s (sp3=18.1% disp=38)
09:42:56  INFO     Detected columns: ['id', 'type', 'x', 'y', 'z', 'vx', 'vy', 'vz', 'c_pe_atom', 'c_ke_atom', 'c_coord']
09:42:57  INFO     Loaded 473344 atoms, timestep=9600, time=9.6000 ps from dump.ballistic_ac_25kev.sp3_20.9600
09:42:57  INFO       [139/142] step 9600   1.7s (sp3=18.2% disp=38)
09:42:58  INFO     Detected columns: ['id', 'type', 'x', 'y', 'z', 'vx', 'vy', 'vz', 'c_pe_atom', 'c_ke_atom', 'c_coord']
09:42:59  INFO     Loaded 473344 atoms, timestep=9720, time=9.7200 ps from dump.ballistic_ac_25kev.sp3_20.9720
09:42:59  INFO       [140/142] step 9720   1.7s (sp3=18.2% disp=38)
09:42:59  INFO     Detected columns: ['id', 'type', 'x', 'y', 'z', 'vx', 'vy', 'vz', 'c_pe_atom', 'c_ke_atom', 'c_coord']
09:43:01  INFO     Loaded 473344 atoms, timestep=9840, time=9.8400 ps from dump.ballistic_ac_25kev.sp3_20.9840
09:43:01  INFO       [141/142] step 9840   1.8s (sp3=18.1% disp=38)
09:43:01  INFO     Detected columns: ['id', 'type', 'x', 'y', 'z', 'vx', 'vy', 'vz', 'c_pe_atom', 'c_ke_atom', 'c_coord']
09:43:02  INFO     Loaded 473344 atoms, timestep=9960, time=9.9600 ps from dump.ballistic_ac_25kev.sp3_20.9960
09:43:03  INFO       [142/142] step 9960   1.7s (sp3=18.2% disp=39)
09:43:09  INFO     Detected columns: ['id', 'type', 'x', 'y', 'z', 'vx', 'vy', 'vz', 'c_pe_atom', 'c_ke_atom', 'c_coord']
09:43:11  INFO     Loaded 473344 atoms, timestep=3000, time=3.0000 ps from dump.ballistic_ac_25kev.sp3_20.3000
  Saved: /home/santi/Documentos/RDF/output/energy_sweep_18_05/E25_sp3_20/displacement_kinetics.png
  Saved: /home/santi/Documentos/RDF/output/energy_sweep_18_05/E25_sp3_20/displacement_kinetics.pdf
  Saved: /home/santi/Documentos/RDF/output/energy_sweep_18_05/E25_sp3_20/hybridization_kinetics.png
  Saved: /home/santi/Documentos/RDF/output/energy_sweep_18_05/E25_sp3_20/hybridization_kinetics.pdf
  Saved: /home/santi/Documentos/RDF/output/energy_sweep_18_05/E25_sp3_20/rdf_keyframes.png
  Saved: /home/santi/Documentos/RDF/output/energy_sweep_18_05/E25_sp3_20/rdf_keyframes.pdf
  Saved: /home/santi/Documentos/RDF/output/energy_sweep_18_05/E25_sp3_20/adf_keyframes.png
  Saved: /home/santi/Documentos/RDF/output/energy_sweep_18_05/E25_sp3_20/adf_keyframes.pdf
  Saved: /home/santi/Documentos/RDF/output/energy_sweep_18_05/E25_sp3_20/sk_keyframes.png
  Saved: /home/santi/Documentos/RDF/output/energy_sweep_18_05/E25_sp3_20/sk_keyframes.pdf
09:43:25  INFO     === 30 keV / sp3 20 : 138 frames ===
09:43:25  INFO     Detected columns: ['id', 'type', 'x', 'y', 'z', 'vx', 'vy', 'vz', 'c_pe_atom', 'c_ke_atom', 'c_coord']
09:43:26  INFO     Loaded 473344 atoms, timestep=0, time=0.0000 ps from dump.ballistic_ac_30kev.sp3_20.0
09:43:26  INFO       [ 1/138] step 0      1.6s (sp3=18.0% disp=0)
09:43:26  INFO     Detected columns: ['id', 'type', 'x', 'y', 'z', 'vx', 'vy', 'vz', 'c_pe_atom', 'c_ke_atom', 'c_coord']
09:43:28  INFO     Loaded 473344 atoms, timestep=27, time=0.0270 ps from dump.ballistic_ac_30kev.sp3_20.27
09:43:28  INFO       [ 2/138] step 27     1.7s (sp3=18.0% disp=1)
09:43:28  INFO     Detected columns: ['id', 'type', 'x', 'y', 'z', 'vx', 'vy', 'vz', 'c_pe_atom', 'c_ke_atom', 'c_coord']
09:43:29  INFO     Loaded 473344 atoms, timestep=54, time=0.0540 ps from dump.ballistic_ac_30kev.sp3_20.54
09:43:30  INFO       [ 3/138] step 54     1.6s (sp3=18.0% disp=1)
09:43:30  INFO     Detected columns: ['id', 'type', 'x', 'y', 'z', 'vx', 'vy', 'vz', 'c_pe_atom', 'c_ke_atom', 'c_coord']
09:43:31  INFO     Loaded 473344 atoms, timestep=81, time=0.0810 ps from dump.ballistic_ac_30kev.sp3_20.81
09:43:31  INFO       [ 4/138] step 81     1.7s (sp3=18.0% disp=1)
09:43:31  INFO     Detected columns: ['id', 'type', 'x', 'y', 'z', 'vx', 'vy', 'vz', 'c_pe_atom', 'c_ke_atom', 'c_coord']
09:43:33  INFO     Loaded 473344 atoms, timestep=108, time=0.1080 ps from dump.ballistic_ac_30kev.sp3_20.108
09:43:33  INFO       [ 5/138] step 108    1.9s (sp3=18.0% disp=1)
09:43:33  INFO     Detected columns: ['id', 'type', 'x', 'y', 'z', 'vx', 'vy', 'vz', 'c_pe_atom', 'c_ke_atom', 'c_coord']
09:43:35  INFO     Loaded 473344 atoms, timestep=135, time=0.1350 ps from dump.ballistic_ac_30kev.sp3_20.135
09:43:35  INFO       [ 6/138] step 135    1.5s (sp3=18.0% disp=1)
09:43:35  INFO     Detected columns: ['id', 'type', 'x', 'y', 'z', 'vx', 'vy', 'vz', 'c_pe_atom', 'c_ke_atom', 'c_coord']
09:43:36  INFO     Loaded 473344 atoms, timestep=162, time=0.1620 ps from dump.ballistic_ac_30kev.sp3_20.162
09:43:37  INFO       [ 7/138] step 162    1.8s (sp3=18.0% disp=6)
09:43:37  INFO     Detected columns: ['id', 'type', 'x', 'y', 'z', 'vx', 'vy', 'vz', 'c_pe_atom', 'c_ke_atom', 'c_coord']
09:43:38  INFO     Loaded 473344 atoms, timestep=189, time=0.1890 ps from dump.ballistic_ac_30kev.sp3_20.189
09:43:38  INFO       [ 8/138] step 189    1.7s (sp3=18.0% disp=5)
09:43:38  INFO     Detected columns: ['id', 'type', 'x', 'y', 'z', 'vx', 'vy', 'vz', 'c_pe_atom', 'c_ke_atom', 'c_coord']
09:43:40  INFO     Loaded 473344 atoms, timestep=216, time=0.2160 ps from dump.ballistic_ac_30kev.sp3_20.216
09:43:40  INFO       [ 9/138] step 216    1.8s (sp3=18.0% disp=3)
09:43:40  INFO     Detected columns: ['id', 'type', 'x', 'y', 'z', 'vx', 'vy', 'vz', 'c_pe_atom', 'c_ke_atom', 'c_coord']
09:43:42  INFO     Loaded 473344 atoms, timestep=243, time=0.2430 ps from dump.ballistic_ac_30kev.sp3_20.243
09:43:42  INFO       [10/138] step 243    1.6s (sp3=18.0% disp=3)
09:43:42  INFO     Detected columns: ['id', 'type', 'x', 'y', 'z', 'vx', 'vy', 'vz', 'c_pe_atom', 'c_ke_atom', 'c_coord']
09:43:43  INFO     Loaded 473344 atoms, timestep=270, time=0.2700 ps from dump.ballistic_ac_30kev.sp3_20.270
09:43:43  INFO       [11/138] step 270    1.8s (sp3=18.0% disp=3)
09:43:44  INFO     Detected columns: ['id', 'type', 'x', 'y', 'z', 'vx', 'vy', 'vz', 'c_pe_atom', 'c_ke_atom', 'c_coord']
09:43:45  INFO     Loaded 473344 atoms, timestep=297, time=0.2970 ps from dump.ballistic_ac_30kev.sp3_20.297
09:43:45  INFO       [12/138] step 297    1.7s (sp3=18.0% disp=4)
09:43:45  INFO     Detected columns: ['id', 'type', 'x', 'y', 'z', 'vx', 'vy', 'vz', 'c_pe_atom', 'c_ke_atom', 'c_coord']
09:43:47  INFO     Loaded 473344 atoms, timestep=324, time=0.3240 ps from dump.ballistic_ac_30kev.sp3_20.324
09:43:47  INFO       [13/138] step 324    1.6s (sp3=18.0% disp=4)
09:43:47  INFO     Detected columns: ['id', 'type', 'x', 'y', 'z', 'vx', 'vy', 'vz', 'c_pe_atom', 'c_ke_atom', 'c_coord']
09:43:48  INFO     Loaded 473344 atoms, timestep=351, time=0.3510 ps from dump.ballistic_ac_30kev.sp3_20.351
09:43:49  INFO       [14/138] step 351    1.8s (sp3=18.0% disp=4)
09:43:49  INFO     Detected columns: ['id', 'type', 'x', 'y', 'z', 'vx', 'vy', 'vz', 'c_pe_atom', 'c_ke_atom', 'c_coord']
09:43:50  INFO     Loaded 473344 atoms, timestep=378, time=0.3780 ps from dump.ballistic_ac_30kev.sp3_20.378
09:43:50  INFO       [15/138] step 378    1.7s (sp3=18.0% disp=4)
09:43:50  INFO     Detected columns: ['id', 'type', 'x', 'y', 'z', 'vx', 'vy', 'vz', 'c_pe_atom', 'c_ke_atom', 'c_coord']
09:43:52  INFO     Loaded 473344 atoms, timestep=405, time=0.4050 ps from dump.ballistic_ac_30kev.sp3_20.405
09:43:52  INFO       [16/138] step 405    1.8s (sp3=18.0% disp=4)
09:43:52  INFO     Detected columns: ['id', 'type', 'x', 'y', 'z', 'vx', 'vy', 'vz', 'c_pe_atom', 'c_ke_atom', 'c_coord']
09:43:54  INFO     Loaded 473344 atoms, timestep=432, time=0.4320 ps from dump.ballistic_ac_30kev.sp3_20.432
09:43:54  INFO       [17/138] step 432    1.7s (sp3=18.0% disp=2)
09:43:54  INFO     Detected columns: ['id', 'type', 'x', 'y', 'z', 'vx', 'vy', 'vz', 'c_pe_atom', 'c_ke_atom', 'c_coord']
09:43:55  INFO     Loaded 473344 atoms, timestep=459, time=0.4590 ps from dump.ballistic_ac_30kev.sp3_20.459
09:43:55  INFO       [18/138] step 459    1.6s (sp3=18.0% disp=6)
09:43:55  INFO     Detected columns: ['id', 'type', 'x', 'y', 'z', 'vx', 'vy', 'vz', 'c_pe_atom', 'c_ke_atom', 'c_coord']
09:43:57  INFO     Loaded 473344 atoms, timestep=486, time=0.4860 ps from dump.ballistic_ac_30kev.sp3_20.486
09:43:57  INFO       [19/138] step 486    1.7s (sp3=18.0% disp=5)
09:43:57  INFO     Detected columns: ['id', 'type', 'x', 'y', 'z', 'vx', 'vy', 'vz', 'c_pe_atom', 'c_ke_atom', 'c_coord']
09:43:59  INFO     Loaded 473344 atoms, timestep=513, time=0.5130 ps from dump.ballistic_ac_30kev.sp3_20.513
09:43:59  INFO       [20/138] step 513    1.7s (sp3=18.0% disp=5)
09:43:59  INFO     Detected columns: ['id', 'type', 'x', 'y', 'z', 'vx', 'vy', 'vz', 'c_pe_atom', 'c_ke_atom', 'c_coord']
09:44:00  INFO     Loaded 473344 atoms, timestep=540, time=0.5400 ps from dump.ballistic_ac_30kev.sp3_20.540
09:44:00  INFO       [21/138] step 540    1.8s (sp3=18.0% disp=5)
09:44:01  INFO     Detected columns: ['id', 'type', 'x', 'y', 'z', 'vx', 'vy', 'vz', 'c_pe_atom', 'c_ke_atom', 'c_coord']
09:44:02  INFO     Loaded 473344 atoms, timestep=567, time=0.5670 ps from dump.ballistic_ac_30kev.sp3_20.567
09:44:02  INFO       [22/138] step 567    1.7s (sp3=18.0% disp=6)
09:44:02  INFO     Detected columns: ['id', 'type', 'x', 'y', 'z', 'vx', 'vy', 'vz', 'c_pe_atom', 'c_ke_atom', 'c_coord']
09:44:04  INFO     Loaded 473344 atoms, timestep=594, time=0.5940 ps from dump.ballistic_ac_30kev.sp3_20.594
09:44:04  INFO       [23/138] step 594    1.6s (sp3=18.0% disp=6)
09:44:04  INFO     Detected columns: ['id', 'type', 'x', 'y', 'z', 'vx', 'vy', 'vz', 'c_pe_atom', 'c_ke_atom', 'c_coord']
09:44:05  INFO     Loaded 473344 atoms, timestep=621, time=0.6210 ps from dump.ballistic_ac_30kev.sp3_20.621
09:44:05  INFO       [24/138] step 621    1.7s (sp3=18.0% disp=3)
09:44:06  INFO     Detected columns: ['id', 'type', 'x', 'y', 'z', 'vx', 'vy', 'vz', 'c_pe_atom', 'c_ke_atom', 'c_coord']
09:44:07  INFO     Loaded 473344 atoms, timestep=648, time=0.6480 ps from dump.ballistic_ac_30kev.sp3_20.648
09:44:07  INFO       [25/138] step 648    1.6s (sp3=18.0% disp=2)
09:44:07  INFO     Detected columns: ['id', 'type', 'x', 'y', 'z', 'vx', 'vy', 'vz', 'c_pe_atom', 'c_ke_atom', 'c_coord']
09:44:09  INFO     Loaded 473344 atoms, timestep=675, time=0.6750 ps from dump.ballistic_ac_30kev.sp3_20.675
09:44:09  INFO       [26/138] step 675    1.7s (sp3=18.0% disp=5)
09:44:09  INFO     Detected columns: ['id', 'type', 'x', 'y', 'z', 'vx', 'vy', 'vz', 'c_pe_atom', 'c_ke_atom', 'c_coord']
09:44:10  INFO     Loaded 473344 atoms, timestep=702, time=0.7020 ps from dump.ballistic_ac_30kev.sp3_20.702
09:44:10  INFO       [27/138] step 702    1.6s (sp3=18.0% disp=4)
09:44:10  INFO     Detected columns: ['id', 'type', 'x', 'y', 'z', 'vx', 'vy', 'vz', 'c_pe_atom', 'c_ke_atom', 'c_coord']
09:44:12  INFO     Loaded 473344 atoms, timestep=729, time=0.7290 ps from dump.ballistic_ac_30kev.sp3_20.729
09:44:12  INFO       [28/138] step 729    1.8s (sp3=18.0% disp=5)
09:44:12  INFO     Detected columns: ['id', 'type', 'x', 'y', 'z', 'vx', 'vy', 'vz', 'c_pe_atom', 'c_ke_atom', 'c_coord']
09:44:14  INFO     Loaded 473344 atoms, timestep=756, time=0.7560 ps from dump.ballistic_ac_30kev.sp3_20.756
09:44:14  INFO       [29/138] step 756    1.6s (sp3=18.0% disp=5)
09:44:14  INFO     Detected columns: ['id', 'type', 'x', 'y', 'z', 'vx', 'vy', 'vz', 'c_pe_atom', 'c_ke_atom', 'c_coord']
09:44:15  INFO     Loaded 473344 atoms, timestep=783, time=0.7830 ps from dump.ballistic_ac_30kev.sp3_20.783
09:44:16  INFO       [30/138] step 783    1.9s (sp3=18.0% disp=5)
09:44:16  INFO     Detected columns: ['id', 'type', 'x', 'y', 'z', 'vx', 'vy', 'vz', 'c_pe_atom', 'c_ke_atom', 'c_coord']
09:44:17  INFO     Loaded 473344 atoms, timestep=810, time=0.8100 ps from dump.ballistic_ac_30kev.sp3_20.810
09:44:17  INFO       [31/138] step 810    1.7s (sp3=18.0% disp=5)
09:44:17  INFO     Detected columns: ['id', 'type', 'x', 'y', 'z', 'vx', 'vy', 'vz', 'c_pe_atom', 'c_ke_atom', 'c_coord']
09:44:19  INFO     Loaded 473344 atoms, timestep=837, time=0.8370 ps from dump.ballistic_ac_30kev.sp3_20.837
09:44:19  INFO       [32/138] step 837    1.6s (sp3=18.0% disp=5)
09:44:19  INFO     Detected columns: ['id', 'type', 'x', 'y', 'z', 'vx', 'vy', 'vz', 'c_pe_atom', 'c_ke_atom', 'c_coord']
09:44:21  INFO     Loaded 473344 atoms, timestep=864, time=0.8640 ps from dump.ballistic_ac_30kev.sp3_20.864
09:44:21  INFO       [33/138] step 864    1.7s (sp3=18.0% disp=5)
09:44:21  INFO     Detected columns: ['id', 'type', 'x', 'y', 'z', 'vx', 'vy', 'vz', 'c_pe_atom', 'c_ke_atom', 'c_coord']
09:44:22  INFO     Loaded 473344 atoms, timestep=891, time=0.8910 ps from dump.ballistic_ac_30kev.sp3_20.891
09:44:22  INFO       [34/138] step 891    1.6s (sp3=18.0% disp=5)
09:44:22  INFO     Detected columns: ['id', 'type', 'x', 'y', 'z', 'vx', 'vy', 'vz', 'c_pe_atom', 'c_ke_atom', 'c_coord']
09:44:24  INFO     Loaded 473344 atoms, timestep=918, time=0.9180 ps from dump.ballistic_ac_30kev.sp3_20.918
09:44:24  INFO       [35/138] step 918    1.8s (sp3=18.0% disp=5)
09:44:24  INFO     Detected columns: ['id', 'type', 'x', 'y', 'z', 'vx', 'vy', 'vz', 'c_pe_atom', 'c_ke_atom', 'c_coord']
09:44:26  INFO     Loaded 473344 atoms, timestep=945, time=0.9450 ps from dump.ballistic_ac_30kev.sp3_20.945
09:44:26  INFO       [36/138] step 945    1.6s (sp3=18.0% disp=5)
09:44:26  INFO     Detected columns: ['id', 'type', 'x', 'y', 'z', 'vx', 'vy', 'vz', 'c_pe_atom', 'c_ke_atom', 'c_coord']
09:44:27  INFO     Loaded 473344 atoms, timestep=972, time=0.9720 ps from dump.ballistic_ac_30kev.sp3_20.972
09:44:27  INFO       [37/138] step 972    1.8s (sp3=18.0% disp=5)
09:44:28  INFO     Detected columns: ['id', 'type', 'x', 'y', 'z', 'vx', 'vy', 'vz', 'c_pe_atom', 'c_ke_atom', 'c_coord']
09:44:29  INFO     Loaded 473344 atoms, timestep=999, time=0.9990 ps from dump.ballistic_ac_30kev.sp3_20.999
09:44:29  INFO       [38/138] step 999    1.7s (sp3=18.0% disp=5)
09:44:29  INFO     Detected columns: ['id', 'type', 'x', 'y', 'z', 'vx', 'vy', 'vz', 'c_pe_atom', 'c_ke_atom', 'c_coord']
09:44:31  INFO     Loaded 473344 atoms, timestep=1026, time=1.0260 ps from dump.ballistic_ac_30kev.sp3_20.1026
09:44:31  INFO       [39/138] step 1026   1.8s (sp3=18.0% disp=5)
09:44:31  INFO     Detected columns: ['id', 'type', 'x', 'y', 'z', 'vx', 'vy', 'vz', 'c_pe_atom', 'c_ke_atom', 'c_coord']
09:44:32  INFO     Loaded 473344 atoms, timestep=1053, time=1.0530 ps from dump.ballistic_ac_30kev.sp3_20.1053
09:44:32  INFO       [40/138] step 1053   1.5s (sp3=18.0% disp=5)
09:44:33  INFO     Detected columns: ['id', 'type', 'x', 'y', 'z', 'vx', 'vy', 'vz', 'c_pe_atom', 'c_ke_atom', 'c_coord']
09:44:34  INFO     Loaded 473344 atoms, timestep=1080, time=1.0800 ps from dump.ballistic_ac_30kev.sp3_20.1080
09:44:34  INFO       [41/138] step 1080   1.7s (sp3=18.0% disp=5)
09:44:34  INFO     Detected columns: ['id', 'type', 'x', 'y', 'z', 'vx', 'vy', 'vz', 'c_pe_atom', 'c_ke_atom', 'c_coord']
09:44:36  INFO     Loaded 473344 atoms, timestep=1107, time=1.1070 ps from dump.ballistic_ac_30kev.sp3_20.1107
09:44:36  INFO       [42/138] step 1107   1.6s (sp3=18.0% disp=5)
09:44:36  INFO     Detected columns: ['id', 'type', 'x', 'y', 'z', 'vx', 'vy', 'vz', 'c_pe_atom', 'c_ke_atom', 'c_coord']
09:44:37  INFO     Loaded 473344 atoms, timestep=1134, time=1.1340 ps from dump.ballistic_ac_30kev.sp3_20.1134
09:44:38  INFO       [43/138] step 1134   1.7s (sp3=18.0% disp=5)
09:44:38  INFO     Detected columns: ['id', 'type', 'x', 'y', 'z', 'vx', 'vy', 'vz', 'c_pe_atom', 'c_ke_atom', 'c_coord']
09:44:39  INFO     Loaded 473344 atoms, timestep=1161, time=1.1610 ps from dump.ballistic_ac_30kev.sp3_20.1161
09:44:39  INFO       [44/138] step 1161   1.6s (sp3=18.0% disp=7)
09:44:39  INFO     Detected columns: ['id', 'type', 'x', 'y', 'z', 'vx', 'vy', 'vz', 'c_pe_atom', 'c_ke_atom', 'c_coord']
09:44:41  INFO     Loaded 473344 atoms, timestep=1188, time=1.1880 ps from dump.ballistic_ac_30kev.sp3_20.1188
09:44:41  INFO       [45/138] step 1188   1.8s (sp3=18.0% disp=8)
09:44:41  INFO     Detected columns: ['id', 'type', 'x', 'y', 'z', 'vx', 'vy', 'vz', 'c_pe_atom', 'c_ke_atom', 'c_coord']
09:44:43  INFO     Loaded 473344 atoms, timestep=1215, time=1.2150 ps from dump.ballistic_ac_30kev.sp3_20.1215
09:44:43  INFO       [46/138] step 1215   1.7s (sp3=18.0% disp=8)
09:44:43  INFO     Detected columns: ['id', 'type', 'x', 'y', 'z', 'vx', 'vy', 'vz', 'c_pe_atom', 'c_ke_atom', 'c_coord']
09:44:44  INFO     Loaded 473344 atoms, timestep=1242, time=1.2420 ps from dump.ballistic_ac_30kev.sp3_20.1242
09:44:44  INFO       [47/138] step 1242   1.6s (sp3=18.0% disp=8)
09:44:44  INFO     Detected columns: ['id', 'type', 'x', 'y', 'z', 'vx', 'vy', 'vz', 'c_pe_atom', 'c_ke_atom', 'c_coord']
09:44:46  INFO     Loaded 473344 atoms, timestep=1269, time=1.2690 ps from dump.ballistic_ac_30kev.sp3_20.1269
09:44:46  INFO       [48/138] step 1269   1.8s (sp3=18.0% disp=8)
09:44:46  INFO     Detected columns: ['id', 'type', 'x', 'y', 'z', 'vx', 'vy', 'vz', 'c_pe_atom', 'c_ke_atom', 'c_coord']
09:44:48  INFO     Loaded 473344 atoms, timestep=1296, time=1.2960 ps from dump.ballistic_ac_30kev.sp3_20.1296
09:44:48  INFO       [49/138] step 1296   1.6s (sp3=18.0% disp=8)
09:44:48  INFO     Detected columns: ['id', 'type', 'x', 'y', 'z', 'vx', 'vy', 'vz', 'c_pe_atom', 'c_ke_atom', 'c_coord']
09:44:49  INFO     Loaded 473344 atoms, timestep=1323, time=1.3230 ps from dump.ballistic_ac_30kev.sp3_20.1323
09:44:49  INFO       [50/138] step 1323   1.8s (sp3=18.0% disp=8)
09:44:50  INFO     Detected columns: ['id', 'type', 'x', 'y', 'z', 'vx', 'vy', 'vz', 'c_pe_atom', 'c_ke_atom', 'c_coord']
09:44:51  INFO     Loaded 473344 atoms, timestep=1350, time=1.3500 ps from dump.ballistic_ac_30kev.sp3_20.1350
09:44:51  INFO       [51/138] step 1350   1.7s (sp3=18.0% disp=8)
09:44:51  INFO     Detected columns: ['id', 'type', 'x', 'y', 'z', 'vx', 'vy', 'vz', 'c_pe_atom', 'c_ke_atom', 'c_coord']
09:44:53  INFO     Loaded 473344 atoms, timestep=1377, time=1.3770 ps from dump.ballistic_ac_30kev.sp3_20.1377
09:44:53  INFO       [52/138] step 1377   1.6s (sp3=18.0% disp=8)
09:44:53  INFO     Detected columns: ['id', 'type', 'x', 'y', 'z', 'vx', 'vy', 'vz', 'c_pe_atom', 'c_ke_atom', 'c_coord']
09:44:54  INFO     Loaded 473344 atoms, timestep=1404, time=1.4040 ps from dump.ballistic_ac_30kev.sp3_20.1404
09:44:54  INFO       [53/138] step 1404   1.7s (sp3=18.0% disp=8)
09:44:55  INFO     Detected columns: ['id', 'type', 'x', 'y', 'z', 'vx', 'vy', 'vz', 'c_pe_atom', 'c_ke_atom', 'c_coord']
09:44:56  INFO     Loaded 473344 atoms, timestep=1431, time=1.4310 ps from dump.ballistic_ac_30kev.sp3_20.1431
09:44:56  INFO       [54/138] step 1431   1.6s (sp3=18.0% disp=8)
09:44:56  INFO     Detected columns: ['id', 'type', 'x', 'y', 'z', 'vx', 'vy', 'vz', 'c_pe_atom', 'c_ke_atom', 'c_coord']
09:44:58  INFO     Loaded 473344 atoms, timestep=1458, time=1.4580 ps from dump.ballistic_ac_30kev.sp3_20.1458
09:44:58  INFO       [55/138] step 1458   1.8s (sp3=18.0% disp=9)
09:44:58  INFO     Detected columns: ['id', 'type', 'x', 'y', 'z', 'vx', 'vy', 'vz', 'c_pe_atom', 'c_ke_atom', 'c_coord']
09:44:59  INFO     Loaded 473344 atoms, timestep=1485, time=1.4850 ps from dump.ballistic_ac_30kev.sp3_20.1485
09:45:00  INFO       [56/138] step 1485   1.7s (sp3=18.0% disp=9)
09:45:00  INFO     Detected columns: ['id', 'type', 'x', 'y', 'z', 'vx', 'vy', 'vz', 'c_pe_atom', 'c_ke_atom', 'c_coord']
09:45:01  INFO     Loaded 473344 atoms, timestep=1512, time=1.5120 ps from dump.ballistic_ac_30kev.sp3_20.1512
09:45:01  INFO       [57/138] step 1512   1.6s (sp3=18.0% disp=9)
09:45:01  INFO     Detected columns: ['id', 'type', 'x', 'y', 'z', 'vx', 'vy', 'vz', 'c_pe_atom', 'c_ke_atom', 'c_coord']
09:45:03  INFO     Loaded 473344 atoms, timestep=1539, time=1.5390 ps from dump.ballistic_ac_30kev.sp3_20.1539
09:45:03  INFO       [58/138] step 1539   1.7s (sp3=18.0% disp=9)
09:45:03  INFO     Detected columns: ['id', 'type', 'x', 'y', 'z', 'vx', 'vy', 'vz', 'c_pe_atom', 'c_ke_atom', 'c_coord']
09:45:04  INFO     Loaded 473344 atoms, timestep=1566, time=1.5660 ps from dump.ballistic_ac_30kev.sp3_20.1566
09:45:04  INFO       [59/138] step 1566   1.6s (sp3=18.0% disp=9)
09:45:04  INFO     Detected columns: ['id', 'type', 'x', 'y', 'z', 'vx', 'vy', 'vz', 'c_pe_atom', 'c_ke_atom', 'c_coord']
09:45:06  INFO     Loaded 473344 atoms, timestep=1593, time=1.5930 ps from dump.ballistic_ac_30kev.sp3_20.1593
09:45:06  INFO       [60/138] step 1593   1.7s (sp3=18.0% disp=9)
09:45:06  INFO     Detected columns: ['id', 'type', 'x', 'y', 'z', 'vx', 'vy', 'vz', 'c_pe_atom', 'c_ke_atom', 'c_coord']
09:45:08  INFO     Loaded 473344 atoms, timestep=1620, time=1.6200 ps from dump.ballistic_ac_30kev.sp3_20.1620
09:45:08  INFO       [61/138] step 1620   1.6s (sp3=18.0% disp=9)
09:45:08  INFO     Detected columns: ['id', 'type', 'x', 'y', 'z', 'vx', 'vy', 'vz', 'c_pe_atom', 'c_ke_atom', 'c_coord']
09:45:09  INFO     Loaded 473344 atoms, timestep=1647, time=1.6470 ps from dump.ballistic_ac_30kev.sp3_20.1647
09:45:09  INFO       [62/138] step 1647   1.8s (sp3=18.0% disp=9)
09:45:10  INFO     Detected columns: ['id', 'type', 'x', 'y', 'z', 'vx', 'vy', 'vz', 'c_pe_atom', 'c_ke_atom', 'c_coord']
09:45:11  INFO     Loaded 473344 atoms, timestep=1674, time=1.6740 ps from dump.ballistic_ac_30kev.sp3_20.1674
09:45:11  INFO       [63/138] step 1674   1.7s (sp3=18.0% disp=9)
09:45:11  INFO     Detected columns: ['id', 'type', 'x', 'y', 'z', 'vx', 'vy', 'vz', 'c_pe_atom', 'c_ke_atom', 'c_coord']
09:45:13  INFO     Loaded 473344 atoms, timestep=1701, time=1.7010 ps from dump.ballistic_ac_30kev.sp3_20.1701
09:45:13  INFO       [64/138] step 1701   1.8s (sp3=18.0% disp=9)
09:45:13  INFO     Detected columns: ['id', 'type', 'x', 'y', 'z', 'vx', 'vy', 'vz', 'c_pe_atom', 'c_ke_atom', 'c_coord']
09:45:14  INFO     Loaded 473344 atoms, timestep=1728, time=1.7280 ps from dump.ballistic_ac_30kev.sp3_20.1728
09:45:15  INFO       [65/138] step 1728   1.7s (sp3=18.0% disp=9)
09:45:15  INFO     Detected columns: ['id', 'type', 'x', 'y', 'z', 'vx', 'vy', 'vz', 'c_pe_atom', 'c_ke_atom', 'c_coord']
09:45:16  INFO     Loaded 473344 atoms, timestep=1755, time=1.7550 ps from dump.ballistic_ac_30kev.sp3_20.1755
09:45:16  INFO       [66/138] step 1755   1.6s (sp3=18.0% disp=12)
09:45:16  INFO     Detected columns: ['id', 'type', 'x', 'y', 'z', 'vx', 'vy', 'vz', 'c_pe_atom', 'c_ke_atom', 'c_coord']
09:45:18  INFO     Loaded 473344 atoms, timestep=1782, time=1.7820 ps from dump.ballistic_ac_30kev.sp3_20.1782
09:45:18  INFO       [67/138] step 1782   1.7s (sp3=18.0% disp=12)
09:45:18  INFO     Detected columns: ['id', 'type', 'x', 'y', 'z', 'vx', 'vy', 'vz', 'c_pe_atom', 'c_ke_atom', 'c_coord']
09:45:19  INFO     Loaded 473344 atoms, timestep=1809, time=1.8090 ps from dump.ballistic_ac_30kev.sp3_20.1809
09:45:19  INFO       [68/138] step 1809   1.6s (sp3=18.0% disp=12)
09:45:20  INFO     Detected columns: ['id', 'type', 'x', 'y', 'z', 'vx', 'vy', 'vz', 'c_pe_atom', 'c_ke_atom', 'c_coord']
09:45:21  INFO     Loaded 473344 atoms, timestep=1836, time=1.8360 ps from dump.ballistic_ac_30kev.sp3_20.1836
09:45:21  INFO       [69/138] step 1836   1.8s (sp3=18.0% disp=12)
09:45:21  INFO     Detected columns: ['id', 'type', 'x', 'y', 'z', 'vx', 'vy', 'vz', 'c_pe_atom', 'c_ke_atom', 'c_coord']
09:45:23  INFO     Loaded 473344 atoms, timestep=1863, time=1.8630 ps from dump.ballistic_ac_30kev.sp3_20.1863
09:45:23  INFO       [70/138] step 1863   1.7s (sp3=18.0% disp=12)
09:45:23  INFO     Detected columns: ['id', 'type', 'x', 'y', 'z', 'vx', 'vy', 'vz', 'c_pe_atom', 'c_ke_atom', 'c_coord']
09:45:25  INFO     Loaded 473344 atoms, timestep=1890, time=1.8900 ps from dump.ballistic_ac_30kev.sp3_20.1890
09:45:25  INFO       [71/138] step 1890   1.8s (sp3=18.0% disp=12)
09:45:25  INFO     Detected columns: ['id', 'type', 'x', 'y', 'z', 'vx', 'vy', 'vz', 'c_pe_atom', 'c_ke_atom', 'c_coord']
09:45:26  INFO     Loaded 473344 atoms, timestep=1917, time=1.9170 ps from dump.ballistic_ac_30kev.sp3_20.1917
09:45:26  INFO       [72/138] step 1917   1.6s (sp3=18.0% disp=12)
09:45:26  INFO     Detected columns: ['id', 'type', 'x', 'y', 'z', 'vx', 'vy', 'vz', 'c_pe_atom', 'c_ke_atom', 'c_coord']
09:45:28  INFO     Loaded 473344 atoms, timestep=1944, time=1.9440 ps from dump.ballistic_ac_30kev.sp3_20.1944
09:45:28  INFO       [73/138] step 1944   1.9s (sp3=18.0% disp=12)
09:45:28  INFO     Detected columns: ['id', 'type', 'x', 'y', 'z', 'vx', 'vy', 'vz', 'c_pe_atom', 'c_ke_atom', 'c_coord']
09:45:30  INFO     Loaded 473344 atoms, timestep=1971, time=1.9710 ps from dump.ballistic_ac_30kev.sp3_20.1971
09:45:30  INFO       [74/138] step 1971   1.5s (sp3=18.0% disp=12)
09:45:30  INFO     Detected columns: ['id', 'type', 'x', 'y', 'z', 'vx', 'vy', 'vz', 'c_pe_atom', 'c_ke_atom', 'c_coord']
09:45:31  INFO     Loaded 473344 atoms, timestep=1998, time=1.9980 ps from dump.ballistic_ac_30kev.sp3_20.1998
09:45:31  INFO       [75/138] step 1998   1.7s (sp3=18.0% disp=12)
09:45:32  INFO     Detected columns: ['id', 'type', 'x', 'y', 'z', 'vx', 'vy', 'vz', 'c_pe_atom', 'c_ke_atom', 'c_coord']
09:45:33  INFO     Loaded 473344 atoms, timestep=2040, time=2.0400 ps from dump.ballistic_ac_30kev.sp3_20.2040
09:45:33  INFO       [76/138] step 2040   1.6s (sp3=18.0% disp=13)
09:45:33  INFO     Detected columns: ['id', 'type', 'x', 'y', 'z', 'vx', 'vy', 'vz', 'c_pe_atom', 'c_ke_atom', 'c_coord']
09:45:35  INFO     Loaded 473344 atoms, timestep=2160, time=2.1600 ps from dump.ballistic_ac_30kev.sp3_20.2160
09:45:35  INFO       [77/138] step 2160   1.7s (sp3=18.0% disp=13)
09:45:35  INFO     Detected columns: ['id', 'type', 'x', 'y', 'z', 'vx', 'vy', 'vz', 'c_pe_atom', 'c_ke_atom', 'c_coord']
09:45:36  INFO     Loaded 473344 atoms, timestep=2280, time=2.2800 ps from dump.ballistic_ac_30kev.sp3_20.2280
09:45:36  INFO       [78/138] step 2280   1.6s (sp3=18.0% disp=13)
09:45:36  INFO     Detected columns: ['id', 'type', 'x', 'y', 'z', 'vx', 'vy', 'vz', 'c_pe_atom', 'c_ke_atom', 'c_coord']
09:45:38  INFO     Loaded 473344 atoms, timestep=2400, time=2.4000 ps from dump.ballistic_ac_30kev.sp3_20.2400
09:45:38  INFO       [79/138] step 2400   1.8s (sp3=18.0% disp=14)
09:45:38  INFO     Detected columns: ['id', 'type', 'x', 'y', 'z', 'vx', 'vy', 'vz', 'c_pe_atom', 'c_ke_atom', 'c_coord']
09:45:40  INFO     Loaded 473344 atoms, timestep=2520, time=2.5200 ps from dump.ballistic_ac_30kev.sp3_20.2520
09:45:40  INFO       [80/138] step 2520   1.7s (sp3=18.0% disp=28)
09:45:40  INFO     Detected columns: ['id', 'type', 'x', 'y', 'z', 'vx', 'vy', 'vz', 'c_pe_atom', 'c_ke_atom', 'c_coord']
09:45:41  INFO     Loaded 473344 atoms, timestep=2640, time=2.6400 ps from dump.ballistic_ac_30kev.sp3_20.2640
09:45:41  INFO       [81/138] step 2640   1.6s (sp3=18.0% disp=18)
09:45:42  INFO     Detected columns: ['id', 'type', 'x', 'y', 'z', 'vx', 'vy', 'vz', 'c_pe_atom', 'c_ke_atom', 'c_coord']
09:45:43  INFO     Loaded 473344 atoms, timestep=2760, time=2.7600 ps from dump.ballistic_ac_30kev.sp3_20.2760
09:45:43  INFO       [82/138] step 2760   1.7s (sp3=18.0% disp=18)
09:45:43  INFO     Detected columns: ['id', 'type', 'x', 'y', 'z', 'vx', 'vy', 'vz', 'c_pe_atom', 'c_ke_atom', 'c_coord']
09:45:45  INFO     Loaded 473344 atoms, timestep=2880, time=2.8800 ps from dump.ballistic_ac_30kev.sp3_20.2880
09:45:45  INFO       [83/138] step 2880   1.6s (sp3=18.0% disp=23)
09:45:45  INFO     Detected columns: ['id', 'type', 'x', 'y', 'z', 'vx', 'vy', 'vz', 'c_pe_atom', 'c_ke_atom', 'c_coord']
09:45:46  INFO     Loaded 473344 atoms, timestep=3000, time=3.0000 ps from dump.ballistic_ac_30kev.sp3_20.3000
09:45:46  INFO       [84/138] step 3000   1.8s (sp3=18.0% disp=40)
09:45:47  INFO     Detected columns: ['id', 'type', 'x', 'y', 'z', 'vx', 'vy', 'vz', 'c_pe_atom', 'c_ke_atom', 'c_coord']
09:45:48  INFO     Loaded 473344 atoms, timestep=3120, time=3.1200 ps from dump.ballistic_ac_30kev.sp3_20.3120
09:45:48  INFO       [85/138] step 3120   1.7s (sp3=18.0% disp=44)
09:45:48  INFO     Detected columns: ['id', 'type', 'x', 'y', 'z', 'vx', 'vy', 'vz', 'c_pe_atom', 'c_ke_atom', 'c_coord']
09:45:50  INFO     Loaded 473344 atoms, timestep=3240, time=3.2400 ps from dump.ballistic_ac_30kev.sp3_20.3240
09:45:50  INFO       [86/138] step 3240   1.6s (sp3=18.0% disp=44)
09:45:50  INFO     Detected columns: ['id', 'type', 'x', 'y', 'z', 'vx', 'vy', 'vz', 'c_pe_atom', 'c_ke_atom', 'c_coord']
09:45:51  INFO     Loaded 473344 atoms, timestep=3360, time=3.3600 ps from dump.ballistic_ac_30kev.sp3_20.3360
09:45:52  INFO       [87/138] step 3360   1.8s (sp3=18.0% disp=50)
09:45:52  INFO     Detected columns: ['id', 'type', 'x', 'y', 'z', 'vx', 'vy', 'vz', 'c_pe_atom', 'c_ke_atom', 'c_coord']
09:45:53  INFO     Loaded 473344 atoms, timestep=3480, time=3.4800 ps from dump.ballistic_ac_30kev.sp3_20.3480
09:45:53  INFO       [88/138] step 3480   1.7s (sp3=18.0% disp=53)
09:45:53  INFO     Detected columns: ['id', 'type', 'x', 'y', 'z', 'vx', 'vy', 'vz', 'c_pe_atom', 'c_ke_atom', 'c_coord']
09:45:55  INFO     Loaded 473344 atoms, timestep=3600, time=3.6000 ps from dump.ballistic_ac_30kev.sp3_20.3600
09:45:55  INFO       [89/138] step 3600   1.8s (sp3=18.0% disp=44)
09:45:55  INFO     Detected columns: ['id', 'type', 'x', 'y', 'z', 'vx', 'vy', 'vz', 'c_pe_atom', 'c_ke_atom', 'c_coord']
09:45:57  INFO     Loaded 473344 atoms, timestep=3720, time=3.7200 ps from dump.ballistic_ac_30kev.sp3_20.3720
09:45:57  INFO       [90/138] step 3720   1.7s (sp3=18.0% disp=41)
09:45:57  INFO     Detected columns: ['id', 'type', 'x', 'y', 'z', 'vx', 'vy', 'vz', 'c_pe_atom', 'c_ke_atom', 'c_coord']
09:45:58  INFO     Loaded 473344 atoms, timestep=3840, time=3.8400 ps from dump.ballistic_ac_30kev.sp3_20.3840
09:45:58  INFO       [91/138] step 3840   1.6s (sp3=18.0% disp=57)
09:45:58  INFO     Detected columns: ['id', 'type', 'x', 'y', 'z', 'vx', 'vy', 'vz', 'c_pe_atom', 'c_ke_atom', 'c_coord']
09:46:00  INFO     Loaded 473344 atoms, timestep=3960, time=3.9600 ps from dump.ballistic_ac_30kev.sp3_20.3960
09:46:00  INFO       [92/138] step 3960   1.7s (sp3=18.0% disp=118)
09:46:00  INFO     Detected columns: ['id', 'type', 'x', 'y', 'z', 'vx', 'vy', 'vz', 'c_pe_atom', 'c_ke_atom', 'c_coord']
09:46:01  INFO     Loaded 473344 atoms, timestep=4080, time=4.0800 ps from dump.ballistic_ac_30kev.sp3_20.4080
09:46:01  INFO       [93/138] step 4080   1.6s (sp3=18.0% disp=116)
09:46:02  INFO     Detected columns: ['id', 'type', 'x', 'y', 'z', 'vx', 'vy', 'vz', 'c_pe_atom', 'c_ke_atom', 'c_coord']
09:46:03  INFO     Loaded 473344 atoms, timestep=4200, time=4.2000 ps from dump.ballistic_ac_30kev.sp3_20.4200
09:46:03  INFO       [94/138] step 4200   1.8s (sp3=18.0% disp=24)
09:46:03  INFO     Detected columns: ['id', 'type', 'x', 'y', 'z', 'vx', 'vy', 'vz', 'c_pe_atom', 'c_ke_atom', 'c_coord']
09:46:05  INFO     Loaded 473344 atoms, timestep=4320, time=4.3200 ps from dump.ballistic_ac_30kev.sp3_20.4320
09:46:05  INFO       [95/138] step 4320   1.6s (sp3=18.0% disp=54)
09:46:05  INFO     Detected columns: ['id', 'type', 'x', 'y', 'z', 'vx', 'vy', 'vz', 'c_pe_atom', 'c_ke_atom', 'c_coord']
09:46:07  INFO     Loaded 473344 atoms, timestep=4440, time=4.4400 ps from dump.ballistic_ac_30kev.sp3_20.4440
09:46:07  INFO       [96/138] step 4440   1.7s (sp3=18.0% disp=56)
09:46:07  INFO     Detected columns: ['id', 'type', 'x', 'y', 'z', 'vx', 'vy', 'vz', 'c_pe_atom', 'c_ke_atom', 'c_coord']
09:46:08  INFO     Loaded 473344 atoms, timestep=4560, time=4.5600 ps from dump.ballistic_ac_30kev.sp3_20.4560
09:46:08  INFO       [97/138] step 4560   1.6s (sp3=18.0% disp=54)
09:46:08  INFO     Detected columns: ['id', 'type', 'x', 'y', 'z', 'vx', 'vy', 'vz', 'c_pe_atom', 'c_ke_atom', 'c_coord']
09:46:10  INFO     Loaded 473344 atoms, timestep=4680, time=4.6800 ps from dump.ballistic_ac_30kev.sp3_20.4680
09:46:10  INFO       [98/138] step 4680   1.7s (sp3=18.1% disp=49)
09:46:10  INFO     Detected columns: ['id', 'type', 'x', 'y', 'z', 'vx', 'vy', 'vz', 'c_pe_atom', 'c_ke_atom', 'c_coord']
09:46:11  INFO     Loaded 473344 atoms, timestep=4800, time=4.8000 ps from dump.ballistic_ac_30kev.sp3_20.4800
09:46:12  INFO       [99/138] step 4800   1.6s (sp3=18.0% disp=55)
09:46:12  INFO     Detected columns: ['id', 'type', 'x', 'y', 'z', 'vx', 'vy', 'vz', 'c_pe_atom', 'c_ke_atom', 'c_coord']
09:46:13  INFO     Loaded 473344 atoms, timestep=4920, time=4.9200 ps from dump.ballistic_ac_30kev.sp3_20.4920
09:46:13  INFO       [100/138] step 4920   1.6s (sp3=18.0% disp=48)
09:46:13  INFO     Detected columns: ['id', 'type', 'x', 'y', 'z', 'vx', 'vy', 'vz', 'c_pe_atom', 'c_ke_atom', 'c_coord']
09:46:15  INFO     Loaded 473344 atoms, timestep=5040, time=5.0400 ps from dump.ballistic_ac_30kev.sp3_20.5040
09:46:15  INFO       [101/138] step 5040   1.7s (sp3=18.0% disp=92)
09:46:15  INFO     Detected columns: ['id', 'type', 'x', 'y', 'z', 'vx', 'vy', 'vz', 'c_pe_atom', 'c_ke_atom', 'c_coord']
09:46:16  INFO     Loaded 473344 atoms, timestep=5160, time=5.1600 ps from dump.ballistic_ac_30kev.sp3_20.5160
09:46:16  INFO       [102/138] step 5160   1.6s (sp3=18.0% disp=22)
09:46:17  INFO     Detected columns: ['id', 'type', 'x', 'y', 'z', 'vx', 'vy', 'vz', 'c_pe_atom', 'c_ke_atom', 'c_coord']
09:46:18  INFO     Loaded 473344 atoms, timestep=5280, time=5.2800 ps from dump.ballistic_ac_30kev.sp3_20.5280
09:46:18  INFO       [103/138] step 5280   1.8s (sp3=18.1% disp=47)
09:46:18  INFO     Detected columns: ['id', 'type', 'x', 'y', 'z', 'vx', 'vy', 'vz', 'c_pe_atom', 'c_ke_atom', 'c_coord']
09:46:20  INFO     Loaded 473344 atoms, timestep=5400, time=5.4000 ps from dump.ballistic_ac_30kev.sp3_20.5400
09:46:20  INFO       [104/138] step 5400   1.7s (sp3=18.0% disp=50)
09:46:20  INFO     Detected columns: ['id', 'type', 'x', 'y', 'z', 'vx', 'vy', 'vz', 'c_pe_atom', 'c_ke_atom', 'c_coord']
09:46:22  INFO     Loaded 473344 atoms, timestep=5520, time=5.5200 ps from dump.ballistic_ac_30kev.sp3_20.5520
09:46:22  INFO       [105/138] step 5520   1.8s (sp3=18.1% disp=22)
09:46:22  INFO     Detected columns: ['id', 'type', 'x', 'y', 'z', 'vx', 'vy', 'vz', 'c_pe_atom', 'c_ke_atom', 'c_coord']
09:46:23  INFO     Loaded 473344 atoms, timestep=5640, time=5.6400 ps from dump.ballistic_ac_30kev.sp3_20.5640
09:46:24  INFO       [106/138] step 5640   1.8s (sp3=18.0% disp=47)
09:46:24  INFO     Detected columns: ['id', 'type', 'x', 'y', 'z', 'vx', 'vy', 'vz', 'c_pe_atom', 'c_ke_atom', 'c_coord']
09:46:25  INFO     Loaded 473344 atoms, timestep=5760, time=5.7600 ps from dump.ballistic_ac_30kev.sp3_20.5760
09:46:25  INFO       [107/138] step 5760   2.0s (sp3=18.1% disp=22)
09:46:26  INFO     Detected columns: ['id', 'type', 'x', 'y', 'z', 'vx', 'vy', 'vz', 'c_pe_atom', 'c_ke_atom', 'c_coord']
09:46:27  INFO     Loaded 473344 atoms, timestep=5880, time=5.8800 ps from dump.ballistic_ac_30kev.sp3_20.5880
09:46:27  INFO       [108/138] step 5880   1.6s (sp3=18.1% disp=22)
09:46:27  INFO     Detected columns: ['id', 'type', 'x', 'y', 'z', 'vx', 'vy', 'vz', 'c_pe_atom', 'c_ke_atom', 'c_coord']
09:46:29  INFO     Loaded 473344 atoms, timestep=6000, time=6.0000 ps from dump.ballistic_ac_30kev.sp3_20.6000
09:46:29  INFO       [109/138] step 6000   1.8s (sp3=18.1% disp=22)
09:46:29  INFO     Detected columns: ['id', 'type', 'x', 'y', 'z', 'vx', 'vy', 'vz', 'c_pe_atom', 'c_ke_atom', 'c_coord']
09:46:30  INFO     Loaded 473344 atoms, timestep=6120, time=6.1200 ps from dump.ballistic_ac_30kev.sp3_20.6120
09:46:31  INFO       [110/138] step 6120   1.7s (sp3=18.1% disp=22)
09:46:31  INFO     Detected columns: ['id', 'type', 'x', 'y', 'z', 'vx', 'vy', 'vz', 'c_pe_atom', 'c_ke_atom', 'c_coord']
09:46:32  INFO     Loaded 473344 atoms, timestep=6240, time=6.2400 ps from dump.ballistic_ac_30kev.sp3_20.6240
09:46:32  INFO       [111/138] step 6240   1.8s (sp3=18.1% disp=49)
09:46:33  INFO     Detected columns: ['id', 'type', 'x', 'y', 'z', 'vx', 'vy', 'vz', 'c_pe_atom', 'c_ke_atom', 'c_coord']
09:46:34  INFO     Loaded 473344 atoms, timestep=6360, time=6.3600 ps from dump.ballistic_ac_30kev.sp3_20.6360
09:46:34  INFO       [112/138] step 6360   1.7s (sp3=18.1% disp=49)
09:46:34  INFO     Detected columns: ['id', 'type', 'x', 'y', 'z', 'vx', 'vy', 'vz', 'c_pe_atom', 'c_ke_atom', 'c_coord']
09:46:36  INFO     Loaded 473344 atoms, timestep=6480, time=6.4800 ps from dump.ballistic_ac_30kev.sp3_20.6480
09:46:36  INFO       [113/138] step 6480   1.9s (sp3=18.1% disp=47)
09:46:36  INFO     Detected columns: ['id', 'type', 'x', 'y', 'z', 'vx', 'vy', 'vz', 'c_pe_atom', 'c_ke_atom', 'c_coord']
09:46:38  INFO     Loaded 473344 atoms, timestep=6600, time=6.6000 ps from dump.ballistic_ac_30kev.sp3_20.6600
09:46:38  INFO       [114/138] step 6600   1.7s (sp3=18.1% disp=52)
09:46:38  INFO     Detected columns: ['id', 'type', 'x', 'y', 'z', 'vx', 'vy', 'vz', 'c_pe_atom', 'c_ke_atom', 'c_coord']
09:46:39  INFO     Loaded 473344 atoms, timestep=6720, time=6.7200 ps from dump.ballistic_ac_30kev.sp3_20.6720
09:46:39  INFO       [115/138] step 6720   1.8s (sp3=18.1% disp=46)
09:46:40  INFO     Detected columns: ['id', 'type', 'x', 'y', 'z', 'vx', 'vy', 'vz', 'c_pe_atom', 'c_ke_atom', 'c_coord']
09:46:41  INFO     Loaded 473344 atoms, timestep=6840, time=6.8400 ps from dump.ballistic_ac_30kev.sp3_20.6840
09:46:41  INFO       [116/138] step 6840   1.9s (sp3=18.1% disp=22)
09:46:42  INFO     Detected columns: ['id', 'type', 'x', 'y', 'z', 'vx', 'vy', 'vz', 'c_pe_atom', 'c_ke_atom', 'c_coord']
09:46:43  INFO     Loaded 473344 atoms, timestep=6960, time=6.9600 ps from dump.ballistic_ac_30kev.sp3_20.6960
09:46:43  INFO       [117/138] step 6960   1.8s (sp3=18.1% disp=50)
09:46:43  INFO     Detected columns: ['id', 'type', 'x', 'y', 'z', 'vx', 'vy', 'vz', 'c_pe_atom', 'c_ke_atom', 'c_coord']
09:46:45  INFO     Loaded 473344 atoms, timestep=7080, time=7.0800 ps from dump.ballistic_ac_30kev.sp3_20.7080
09:46:45  INFO       [118/138] step 7080   1.9s (sp3=18.1% disp=49)
09:46:45  INFO     Detected columns: ['id', 'type', 'x', 'y', 'z', 'vx', 'vy', 'vz', 'c_pe_atom', 'c_ke_atom', 'c_coord']
09:46:47  INFO     Loaded 473344 atoms, timestep=7200, time=7.2000 ps from dump.ballistic_ac_30kev.sp3_20.7200
09:46:47  INFO       [119/138] step 7200   1.7s (sp3=18.1% disp=47)
09:46:47  INFO     Detected columns: ['id', 'type', 'x', 'y', 'z', 'vx', 'vy', 'vz', 'c_pe_atom', 'c_ke_atom', 'c_coord']
09:46:48  INFO     Loaded 473344 atoms, timestep=7320, time=7.3200 ps from dump.ballistic_ac_30kev.sp3_20.7320
09:46:48  INFO       [120/138] step 7320   1.7s (sp3=18.1% disp=46)
09:46:49  INFO     Detected columns: ['id', 'type', 'x', 'y', 'z', 'vx', 'vy', 'vz', 'c_pe_atom', 'c_ke_atom', 'c_coord']
09:46:50  INFO     Loaded 473344 atoms, timestep=7440, time=7.4400 ps from dump.ballistic_ac_30kev.sp3_20.7440
09:46:50  INFO       [121/138] step 7440   1.8s (sp3=18.1% disp=47)
09:46:50  INFO     Detected columns: ['id', 'type', 'x', 'y', 'z', 'vx', 'vy', 'vz', 'c_pe_atom', 'c_ke_atom', 'c_coord']
09:46:52  INFO     Loaded 473344 atoms, timestep=7560, time=7.5600 ps from dump.ballistic_ac_30kev.sp3_20.7560
09:46:52  INFO       [122/138] step 7560   1.7s (sp3=18.1% disp=46)
09:46:52  INFO     Detected columns: ['id', 'type', 'x', 'y', 'z', 'vx', 'vy', 'vz', 'c_pe_atom', 'c_ke_atom', 'c_coord']
09:46:54  INFO     Loaded 473344 atoms, timestep=7680, time=7.6800 ps from dump.ballistic_ac_30kev.sp3_20.7680
09:46:54  INFO       [123/138] step 7680   1.8s (sp3=18.1% disp=22)
09:46:54  INFO     Detected columns: ['id', 'type', 'x', 'y', 'z', 'vx', 'vy', 'vz', 'c_pe_atom', 'c_ke_atom', 'c_coord']
09:46:55  INFO     Loaded 473344 atoms, timestep=7800, time=7.8000 ps from dump.ballistic_ac_30kev.sp3_20.7800
09:46:55  INFO       [124/138] step 7800   1.7s (sp3=18.1% disp=22)
09:46:56  INFO     Detected columns: ['id', 'type', 'x', 'y', 'z', 'vx', 'vy', 'vz', 'c_pe_atom', 'c_ke_atom', 'c_coord']
09:46:57  INFO     Loaded 473344 atoms, timestep=7920, time=7.9200 ps from dump.ballistic_ac_30kev.sp3_20.7920
09:46:57  INFO       [125/138] step 7920   1.6s (sp3=18.1% disp=49)
09:46:57  INFO     Detected columns: ['id', 'type', 'x', 'y', 'z', 'vx', 'vy', 'vz', 'c_pe_atom', 'c_ke_atom', 'c_coord']
09:46:59  INFO     Loaded 473344 atoms, timestep=8040, time=8.0400 ps from dump.ballistic_ac_30kev.sp3_20.8040
09:46:59  INFO       [126/138] step 8040   1.8s (sp3=18.1% disp=49)
09:46:59  INFO     Detected columns: ['id', 'type', 'x', 'y', 'z', 'vx', 'vy', 'vz', 'c_pe_atom', 'c_ke_atom', 'c_coord']
09:47:00  INFO     Loaded 473344 atoms, timestep=8160, time=8.1600 ps from dump.ballistic_ac_30kev.sp3_20.8160
09:47:00  INFO       [127/138] step 8160   1.6s (sp3=18.1% disp=50)
09:47:01  INFO     Detected columns: ['id', 'type', 'x', 'y', 'z', 'vx', 'vy', 'vz', 'c_pe_atom', 'c_ke_atom', 'c_coord']
09:47:02  INFO     Loaded 473344 atoms, timestep=8280, time=8.2800 ps from dump.ballistic_ac_30kev.sp3_20.8280
09:47:02  INFO       [128/138] step 8280   1.9s (sp3=18.1% disp=22)
09:47:02  INFO     Detected columns: ['id', 'type', 'x', 'y', 'z', 'vx', 'vy', 'vz', 'c_pe_atom', 'c_ke_atom', 'c_coord']
09:47:04  INFO     Loaded 473344 atoms, timestep=8400, time=8.4000 ps from dump.ballistic_ac_30kev.sp3_20.8400
09:47:04  INFO       [129/138] step 8400   1.7s (sp3=18.1% disp=44)
09:47:04  INFO     Detected columns: ['id', 'type', 'x', 'y', 'z', 'vx', 'vy', 'vz', 'c_pe_atom', 'c_ke_atom', 'c_coord']
09:47:06  INFO     Loaded 473344 atoms, timestep=8520, time=8.5200 ps from dump.ballistic_ac_30kev.sp3_20.8520
09:47:06  INFO       [130/138] step 8520   1.9s (sp3=18.1% disp=22)
09:47:06  INFO     Detected columns: ['id', 'type', 'x', 'y', 'z', 'vx', 'vy', 'vz', 'c_pe_atom', 'c_ke_atom', 'c_coord']
09:47:07  INFO     Loaded 473344 atoms, timestep=8640, time=8.6400 ps from dump.ballistic_ac_30kev.sp3_20.8640
09:47:08  INFO       [131/138] step 8640   1.7s (sp3=18.1% disp=46)
09:47:08  INFO     Detected columns: ['id', 'type', 'x', 'y', 'z', 'vx', 'vy', 'vz', 'c_pe_atom', 'c_ke_atom', 'c_coord']
09:47:09  INFO     Loaded 473344 atoms, timestep=8760, time=8.7600 ps from dump.ballistic_ac_30kev.sp3_20.8760
09:47:09  INFO       [132/138] step 8760   1.9s (sp3=18.1% disp=46)
09:47:10  INFO     Detected columns: ['id', 'type', 'x', 'y', 'z', 'vx', 'vy', 'vz', 'c_pe_atom', 'c_ke_atom', 'c_coord']
09:47:11  INFO     Loaded 473344 atoms, timestep=8880, time=8.8800 ps from dump.ballistic_ac_30kev.sp3_20.8880
09:47:11  INFO       [133/138] step 8880   1.8s (sp3=18.1% disp=50)
09:47:11  INFO     Detected columns: ['id', 'type', 'x', 'y', 'z', 'vx', 'vy', 'vz', 'c_pe_atom', 'c_ke_atom', 'c_coord']
09:47:13  INFO     Loaded 473344 atoms, timestep=9000, time=9.0000 ps from dump.ballistic_ac_30kev.sp3_20.9000
09:47:13  INFO       [134/138] step 9000   1.6s (sp3=18.1% disp=47)
09:47:13  INFO     Detected columns: ['id', 'type', 'x', 'y', 'z', 'vx', 'vy', 'vz', 'c_pe_atom', 'c_ke_atom', 'c_coord']
09:47:15  INFO     Loaded 473344 atoms, timestep=9120, time=9.1200 ps from dump.ballistic_ac_30kev.sp3_20.9120
09:47:15  INFO       [135/138] step 9120   1.8s (sp3=18.1% disp=22)
09:47:15  INFO     Detected columns: ['id', 'type', 'x', 'y', 'z', 'vx', 'vy', 'vz', 'c_pe_atom', 'c_ke_atom', 'c_coord']
09:47:16  INFO     Loaded 473344 atoms, timestep=9240, time=9.2400 ps from dump.ballistic_ac_30kev.sp3_20.9240
09:47:16  INFO       [136/138] step 9240   1.7s (sp3=18.1% disp=53)
09:47:17  INFO     Detected columns: ['id', 'type', 'x', 'y', 'z', 'vx', 'vy', 'vz', 'c_pe_atom', 'c_ke_atom', 'c_coord']
09:47:18  INFO     Loaded 473344 atoms, timestep=9360, time=9.3600 ps from dump.ballistic_ac_30kev.sp3_20.9360
09:47:18  INFO       [137/138] step 9360   1.8s (sp3=18.1% disp=54)
09:47:18  INFO     Detected columns: ['id', 'type', 'x', 'y', 'z', 'vx', 'vy', 'vz', 'c_pe_atom', 'c_ke_atom', 'c_coord']
09:47:20  INFO     Loaded 473344 atoms, timestep=9480, time=9.4800 ps from dump.ballistic_ac_30kev.sp3_20.9480
09:47:20  INFO       [138/138] step 9480   1.7s (sp3=18.1% disp=50)
09:47:26  INFO     Detected columns: ['id', 'type', 'x', 'y', 'z', 'vx', 'vy', 'vz', 'c_pe_atom', 'c_ke_atom', 'c_coord']
09:47:28  INFO     Loaded 473344 atoms, timestep=3960, time=3.9600 ps from dump.ballistic_ac_30kev.sp3_20.3960
  Saved: /home/santi/Documentos/RDF/output/energy_sweep_18_05/E30_sp3_20/displacement_kinetics.png
  Saved: /home/santi/Documentos/RDF/output/energy_sweep_18_05/E30_sp3_20/displacement_kinetics.pdf
  Saved: /home/santi/Documentos/RDF/output/energy_sweep_18_05/E30_sp3_20/hybridization_kinetics.png
  Saved: /home/santi/Documentos/RDF/output/energy_sweep_18_05/E30_sp3_20/hybridization_kinetics.pdf
  Saved: /home/santi/Documentos/RDF/output/energy_sweep_18_05/E30_sp3_20/rdf_keyframes.png
  Saved: /home/santi/Documentos/RDF/output/energy_sweep_18_05/E30_sp3_20/rdf_keyframes.pdf
  Saved: /home/santi/Documentos/RDF/output/energy_sweep_18_05/E30_sp3_20/adf_keyframes.png
  Saved: /home/santi/Documentos/RDF/output/energy_sweep_18_05/E30_sp3_20/adf_keyframes.pdf
  Saved: /home/santi/Documentos/RDF/output/energy_sweep_18_05/E30_sp3_20/sk_keyframes.png
  Saved: /home/santi/Documentos/RDF/output/energy_sweep_18_05/E30_sp3_20/sk_keyframes.pdf
09:47:42  INFO     === 10 keV / sp3 40 : 96 frames ===
09:47:43  INFO     Detected columns: ['id', 'type', 'x', 'y', 'z', 'vx', 'vy', 'vz', 'c_pe_atom', 'c_ke_atom', 'c_coord']
09:47:44  INFO     Loaded 473344 atoms, timestep=0, time=0.0000 ps from dump.ballistic_ac_10kev.sp3_40.0
09:47:44  INFO       [ 1/96] step 0      1.7s (sp3=38.7% disp=0)
09:47:44  INFO     Detected columns: ['id', 'type', 'x', 'y', 'z', 'vx', 'vy', 'vz', 'c_pe_atom', 'c_ke_atom', 'c_coord']
09:47:46  INFO     Loaded 473344 atoms, timestep=27, time=0.0270 ps from dump.ballistic_ac_10kev.sp3_40.27
09:47:46  INFO       [ 2/96] step 27     1.9s (sp3=38.7% disp=1)
09:47:46  INFO     Detected columns: ['id', 'type', 'x', 'y', 'z', 'vx', 'vy', 'vz', 'c_pe_atom', 'c_ke_atom', 'c_coord']
09:47:48  INFO     Loaded 473344 atoms, timestep=54, time=0.0540 ps from dump.ballistic_ac_10kev.sp3_40.54
09:47:48  INFO       [ 3/96] step 54     1.8s (sp3=38.7% disp=2)
09:47:48  INFO     Detected columns: ['id', 'type', 'x', 'y', 'z', 'vx', 'vy', 'vz', 'c_pe_atom', 'c_ke_atom', 'c_coord']
09:47:50  INFO     Loaded 473344 atoms, timestep=81, time=0.0810 ps from dump.ballistic_ac_10kev.sp3_40.81
09:47:50  INFO       [ 4/96] step 81     1.7s (sp3=38.7% disp=2)
09:47:50  INFO     Detected columns: ['id', 'type', 'x', 'y', 'z', 'vx', 'vy', 'vz', 'c_pe_atom', 'c_ke_atom', 'c_coord']
09:47:51  INFO     Loaded 473344 atoms, timestep=108, time=0.1080 ps from dump.ballistic_ac_10kev.sp3_40.108
09:47:52  INFO       [ 5/96] step 108    1.9s (sp3=38.7% disp=2)
09:47:52  INFO     Detected columns: ['id', 'type', 'x', 'y', 'z', 'vx', 'vy', 'vz', 'c_pe_atom', 'c_ke_atom', 'c_coord']
09:47:53  INFO     Loaded 473344 atoms, timestep=270, time=0.2700 ps from dump.ballistic_ac_10kev.sp3_40.270
09:47:53  INFO       [ 6/96] step 270    1.7s (sp3=38.7% disp=7)
09:47:53  INFO     Detected columns: ['id', 'type', 'x', 'y', 'z', 'vx', 'vy', 'vz', 'c_pe_atom', 'c_ke_atom', 'c_coord']
09:47:55  INFO     Loaded 473344 atoms, timestep=351, time=0.3510 ps from dump.ballistic_ac_10kev.sp3_40.351
09:47:55  INFO       [ 7/96] step 351    1.9s (sp3=38.7% disp=7)
09:47:55  INFO     Detected columns: ['id', 'type', 'x', 'y', 'z', 'vx', 'vy', 'vz', 'c_pe_atom', 'c_ke_atom', 'c_coord']
09:47:57  INFO     Loaded 473344 atoms, timestep=432, time=0.4320 ps from dump.ballistic_ac_10kev.sp3_40.432
09:47:57  INFO       [ 8/96] step 432    1.8s (sp3=38.7% disp=7)
09:47:57  INFO     Detected columns: ['id', 'type', 'x', 'y', 'z', 'vx', 'vy', 'vz', 'c_pe_atom', 'c_ke_atom', 'c_coord']
09:47:59  INFO     Loaded 473344 atoms, timestep=459, time=0.4590 ps from dump.ballistic_ac_10kev.sp3_40.459
09:47:59  INFO       [ 9/96] step 459    1.7s (sp3=38.7% disp=9)
09:47:59  INFO     Detected columns: ['id', 'type', 'x', 'y', 'z', 'vx', 'vy', 'vz', 'c_pe_atom', 'c_ke_atom', 'c_coord']
09:48:00  INFO     Loaded 473344 atoms, timestep=486, time=0.4860 ps from dump.ballistic_ac_10kev.sp3_40.486
09:48:01  INFO       [10/96] step 486    1.9s (sp3=38.7% disp=10)
09:48:01  INFO     Detected columns: ['id', 'type', 'x', 'y', 'z', 'vx', 'vy', 'vz', 'c_pe_atom', 'c_ke_atom', 'c_coord']
09:48:02  INFO     Loaded 473344 atoms, timestep=513, time=0.5130 ps from dump.ballistic_ac_10kev.sp3_40.513
09:48:02  INFO       [11/96] step 513    1.7s (sp3=38.7% disp=11)
09:48:02  INFO     Detected columns: ['id', 'type', 'x', 'y', 'z', 'vx', 'vy', 'vz', 'c_pe_atom', 'c_ke_atom', 'c_coord']
09:48:04  INFO     Loaded 473344 atoms, timestep=540, time=0.5400 ps from dump.ballistic_ac_10kev.sp3_40.540
09:48:04  INFO       [12/96] step 540    1.9s (sp3=38.7% disp=11)
09:48:04  INFO     Detected columns: ['id', 'type', 'x', 'y', 'z', 'vx', 'vy', 'vz', 'c_pe_atom', 'c_ke_atom', 'c_coord']
09:48:06  INFO     Loaded 473344 atoms, timestep=567, time=0.5670 ps from dump.ballistic_ac_10kev.sp3_40.567
09:48:06  INFO       [13/96] step 567    1.8s (sp3=38.7% disp=13)
09:48:06  INFO     Detected columns: ['id', 'type', 'x', 'y', 'z', 'vx', 'vy', 'vz', 'c_pe_atom', 'c_ke_atom', 'c_coord']
09:48:08  INFO     Loaded 473344 atoms, timestep=594, time=0.5940 ps from dump.ballistic_ac_10kev.sp3_40.594
09:48:08  INFO       [14/96] step 594    1.7s (sp3=38.7% disp=13)
09:48:08  INFO     Detected columns: ['id', 'type', 'x', 'y', 'z', 'vx', 'vy', 'vz', 'c_pe_atom', 'c_ke_atom', 'c_coord']
09:48:09  INFO     Loaded 473344 atoms, timestep=621, time=0.6210 ps from dump.ballistic_ac_10kev.sp3_40.621
09:48:10  INFO       [15/96] step 621    1.8s (sp3=38.7% disp=11)
09:48:10  INFO     Detected columns: ['id', 'type', 'x', 'y', 'z', 'vx', 'vy', 'vz', 'c_pe_atom', 'c_ke_atom', 'c_coord']
09:48:11  INFO     Loaded 473344 atoms, timestep=729, time=0.7290 ps from dump.ballistic_ac_10kev.sp3_40.729
09:48:11  INFO       [16/96] step 729    1.7s (sp3=38.7% disp=14)
09:48:11  INFO     Detected columns: ['id', 'type', 'x', 'y', 'z', 'vx', 'vy', 'vz', 'c_pe_atom', 'c_ke_atom', 'c_coord']
09:48:13  INFO     Loaded 473344 atoms, timestep=756, time=0.7560 ps from dump.ballistic_ac_10kev.sp3_40.756
09:48:13  INFO       [17/96] step 756    1.8s (sp3=38.7% disp=14)
09:48:13  INFO     Detected columns: ['id', 'type', 'x', 'y', 'z', 'vx', 'vy', 'vz', 'c_pe_atom', 'c_ke_atom', 'c_coord']
09:48:15  INFO     Loaded 473344 atoms, timestep=810, time=0.8100 ps from dump.ballistic_ac_10kev.sp3_40.810
09:48:15  INFO       [18/96] step 810    1.7s (sp3=38.7% disp=15)
09:48:15  INFO     Detected columns: ['id', 'type', 'x', 'y', 'z', 'vx', 'vy', 'vz', 'c_pe_atom', 'c_ke_atom', 'c_coord']
09:48:16  INFO     Loaded 473344 atoms, timestep=837, time=0.8370 ps from dump.ballistic_ac_10kev.sp3_40.837
09:48:17  INFO       [19/96] step 837    1.8s (sp3=38.7% disp=12)
09:48:17  INFO     Detected columns: ['id', 'type', 'x', 'y', 'z', 'vx', 'vy', 'vz', 'c_pe_atom', 'c_ke_atom', 'c_coord']
09:48:18  INFO     Loaded 473344 atoms, timestep=864, time=0.8640 ps from dump.ballistic_ac_10kev.sp3_40.864
09:48:18  INFO       [20/96] step 864    1.7s (sp3=38.7% disp=14)
09:48:18  INFO     Detected columns: ['id', 'type', 'x', 'y', 'z', 'vx', 'vy', 'vz', 'c_pe_atom', 'c_ke_atom', 'c_coord']
09:48:20  INFO     Loaded 473344 atoms, timestep=918, time=0.9180 ps from dump.ballistic_ac_10kev.sp3_40.918
09:48:20  INFO       [21/96] step 918    1.9s (sp3=38.7% disp=48)
09:48:20  INFO     Detected columns: ['id', 'type', 'x', 'y', 'z', 'vx', 'vy', 'vz', 'c_pe_atom', 'c_ke_atom', 'c_coord']
09:48:22  INFO     Loaded 473344 atoms, timestep=945, time=0.9450 ps from dump.ballistic_ac_10kev.sp3_40.945
09:48:22  INFO       [22/96] step 945    1.7s (sp3=38.7% disp=42)
09:48:22  INFO     Detected columns: ['id', 'type', 'x', 'y', 'z', 'vx', 'vy', 'vz', 'c_pe_atom', 'c_ke_atom', 'c_coord']
09:48:23  INFO     Loaded 473344 atoms, timestep=972, time=0.9720 ps from dump.ballistic_ac_10kev.sp3_40.972
09:48:24  INFO       [23/96] step 972    1.7s (sp3=38.7% disp=42)
09:48:24  INFO     Detected columns: ['id', 'type', 'x', 'y', 'z', 'vx', 'vy', 'vz', 'c_pe_atom', 'c_ke_atom', 'c_coord']
09:48:25  INFO     Loaded 473344 atoms, timestep=999, time=0.9990 ps from dump.ballistic_ac_10kev.sp3_40.999
09:48:25  INFO       [24/96] step 999    1.8s (sp3=38.7% disp=40)
09:48:26  INFO     Detected columns: ['id', 'type', 'x', 'y', 'z', 'vx', 'vy', 'vz', 'c_pe_atom', 'c_ke_atom', 'c_coord']
09:48:27  INFO     Loaded 473344 atoms, timestep=1053, time=1.0530 ps from dump.ballistic_ac_10kev.sp3_40.1053
09:48:27  INFO       [25/96] step 1053   1.7s (sp3=38.7% disp=40)
09:48:27  INFO     Detected columns: ['id', 'type', 'x', 'y', 'z', 'vx', 'vy', 'vz', 'c_pe_atom', 'c_ke_atom', 'c_coord']
09:48:29  INFO     Loaded 473344 atoms, timestep=1080, time=1.0800 ps from dump.ballistic_ac_10kev.sp3_40.1080
09:48:29  INFO       [26/96] step 1080   1.8s (sp3=38.7% disp=40)
09:48:29  INFO     Detected columns: ['id', 'type', 'x', 'y', 'z', 'vx', 'vy', 'vz', 'c_pe_atom', 'c_ke_atom', 'c_coord']
09:48:31  INFO     Loaded 473344 atoms, timestep=1134, time=1.1340 ps from dump.ballistic_ac_10kev.sp3_40.1134
09:48:31  INFO       [27/96] step 1134   1.7s (sp3=38.7% disp=29)
09:48:31  INFO     Detected columns: ['id', 'type', 'x', 'y', 'z', 'vx', 'vy', 'vz', 'c_pe_atom', 'c_ke_atom', 'c_coord']
09:48:32  INFO     Loaded 473344 atoms, timestep=1161, time=1.1610 ps from dump.ballistic_ac_10kev.sp3_40.1161
09:48:33  INFO       [28/96] step 1161   1.9s (sp3=38.7% disp=31)
09:48:33  INFO     Detected columns: ['id', 'type', 'x', 'y', 'z', 'vx', 'vy', 'vz', 'c_pe_atom', 'c_ke_atom', 'c_coord']
09:48:34  INFO     Loaded 473344 atoms, timestep=1188, time=1.1880 ps from dump.ballistic_ac_10kev.sp3_40.1188
09:48:34  INFO       [29/96] step 1188   1.8s (sp3=38.7% disp=28)
09:48:34  INFO     Detected columns: ['id', 'type', 'x', 'y', 'z', 'vx', 'vy', 'vz', 'c_pe_atom', 'c_ke_atom', 'c_coord']
09:48:36  INFO     Loaded 473344 atoms, timestep=1242, time=1.2420 ps from dump.ballistic_ac_10kev.sp3_40.1242
09:48:36  INFO       [30/96] step 1242   1.7s (sp3=38.7% disp=75)
09:48:36  INFO     Detected columns: ['id', 'type', 'x', 'y', 'z', 'vx', 'vy', 'vz', 'c_pe_atom', 'c_ke_atom', 'c_coord']
09:48:38  INFO     Loaded 473344 atoms, timestep=1269, time=1.2690 ps from dump.ballistic_ac_10kev.sp3_40.1269
09:48:38  INFO       [31/96] step 1269   1.9s (sp3=38.7% disp=30)
09:48:38  INFO     Detected columns: ['id', 'type', 'x', 'y', 'z', 'vx', 'vy', 'vz', 'c_pe_atom', 'c_ke_atom', 'c_coord']
09:48:40  INFO     Loaded 473344 atoms, timestep=1296, time=1.2960 ps from dump.ballistic_ac_10kev.sp3_40.1296
09:48:40  INFO       [32/96] step 1296   1.7s (sp3=38.7% disp=54)
09:48:40  INFO     Detected columns: ['id', 'type', 'x', 'y', 'z', 'vx', 'vy', 'vz', 'c_pe_atom', 'c_ke_atom', 'c_coord']
09:48:41  INFO     Loaded 473344 atoms, timestep=1323, time=1.3230 ps from dump.ballistic_ac_10kev.sp3_40.1323
09:48:42  INFO       [33/96] step 1323   1.9s (sp3=38.6% disp=11)
09:48:42  INFO     Detected columns: ['id', 'type', 'x', 'y', 'z', 'vx', 'vy', 'vz', 'c_pe_atom', 'c_ke_atom', 'c_coord']
09:48:43  INFO     Loaded 473344 atoms, timestep=1350, time=1.3500 ps from dump.ballistic_ac_10kev.sp3_40.1350
09:48:43  INFO       [34/96] step 1350   1.6s (sp3=38.7% disp=55)
09:48:43  INFO     Detected columns: ['id', 'type', 'x', 'y', 'z', 'vx', 'vy', 'vz', 'c_pe_atom', 'c_ke_atom', 'c_coord']
09:48:45  INFO     Loaded 473344 atoms, timestep=1377, time=1.3770 ps from dump.ballistic_ac_10kev.sp3_40.1377
09:48:45  INFO       [35/96] step 1377   1.9s (sp3=38.7% disp=66)
09:48:45  INFO     Detected columns: ['id', 'type', 'x', 'y', 'z', 'vx', 'vy', 'vz', 'c_pe_atom', 'c_ke_atom', 'c_coord']
09:48:47  INFO     Loaded 473344 atoms, timestep=1404, time=1.4040 ps from dump.ballistic_ac_10kev.sp3_40.1404
09:48:47  INFO       [36/96] step 1404   1.7s (sp3=38.7% disp=64)
09:48:47  INFO     Detected columns: ['id', 'type', 'x', 'y', 'z', 'vx', 'vy', 'vz', 'c_pe_atom', 'c_ke_atom', 'c_coord']
09:48:48  INFO     Loaded 473344 atoms, timestep=1431, time=1.4310 ps from dump.ballistic_ac_10kev.sp3_40.1431
09:48:49  INFO       [37/96] step 1431   1.9s (sp3=38.7% disp=21)
09:48:49  INFO     Detected columns: ['id', 'type', 'x', 'y', 'z', 'vx', 'vy', 'vz', 'c_pe_atom', 'c_ke_atom', 'c_coord']
09:48:50  INFO     Loaded 473344 atoms, timestep=1485, time=1.4850 ps from dump.ballistic_ac_10kev.sp3_40.1485
09:48:50  INFO       [38/96] step 1485   1.7s (sp3=38.7% disp=17)
09:48:50  INFO     Detected columns: ['id', 'type', 'x', 'y', 'z', 'vx', 'vy', 'vz', 'c_pe_atom', 'c_ke_atom', 'c_coord']
09:48:52  INFO     Loaded 473344 atoms, timestep=1539, time=1.5390 ps from dump.ballistic_ac_10kev.sp3_40.1539
09:48:52  INFO       [39/96] step 1539   1.9s (sp3=38.6% disp=30)
09:48:52  INFO     Detected columns: ['id', 'type', 'x', 'y', 'z', 'vx', 'vy', 'vz', 'c_pe_atom', 'c_ke_atom', 'c_coord']
09:48:54  INFO     Loaded 473344 atoms, timestep=1593, time=1.5930 ps from dump.ballistic_ac_10kev.sp3_40.1593
09:48:54  INFO       [40/96] step 1593   1.8s (sp3=38.7% disp=17)
09:48:54  INFO     Detected columns: ['id', 'type', 'x', 'y', 'z', 'vx', 'vy', 'vz', 'c_pe_atom', 'c_ke_atom', 'c_coord']
09:48:56  INFO     Loaded 473344 atoms, timestep=1620, time=1.6200 ps from dump.ballistic_ac_10kev.sp3_40.1620
09:48:56  INFO       [41/96] step 1620   1.8s (sp3=38.6% disp=15)
09:48:56  INFO     Detected columns: ['id', 'type', 'x', 'y', 'z', 'vx', 'vy', 'vz', 'c_pe_atom', 'c_ke_atom', 'c_coord']
09:48:57  INFO     Loaded 473344 atoms, timestep=1674, time=1.6740 ps from dump.ballistic_ac_10kev.sp3_40.1674
09:48:57  INFO       [42/96] step 1674   1.7s (sp3=38.7% disp=29)
09:48:58  INFO     Detected columns: ['id', 'type', 'x', 'y', 'z', 'vx', 'vy', 'vz', 'c_pe_atom', 'c_ke_atom', 'c_coord']
09:48:59  INFO     Loaded 473344 atoms, timestep=1701, time=1.7010 ps from dump.ballistic_ac_10kev.sp3_40.1701
09:48:59  INFO       [43/96] step 1701   1.9s (sp3=38.7% disp=17)
09:48:59  INFO     Detected columns: ['id', 'type', 'x', 'y', 'z', 'vx', 'vy', 'vz', 'c_pe_atom', 'c_ke_atom', 'c_coord']
09:49:01  INFO     Loaded 473344 atoms, timestep=1728, time=1.7280 ps from dump.ballistic_ac_10kev.sp3_40.1728
09:49:01  INFO       [44/96] step 1728   1.7s (sp3=38.7% disp=23)
09:49:01  INFO     Detected columns: ['id', 'type', 'x', 'y', 'z', 'vx', 'vy', 'vz', 'c_pe_atom', 'c_ke_atom', 'c_coord']
09:49:03  INFO     Loaded 473344 atoms, timestep=1755, time=1.7550 ps from dump.ballistic_ac_10kev.sp3_40.1755
09:49:03  INFO       [45/96] step 1755   1.9s (sp3=38.7% disp=32)
09:49:03  INFO     Detected columns: ['id', 'type', 'x', 'y', 'z', 'vx', 'vy', 'vz', 'c_pe_atom', 'c_ke_atom', 'c_coord']
09:49:05  INFO     Loaded 473344 atoms, timestep=1809, time=1.8090 ps from dump.ballistic_ac_10kev.sp3_40.1809
09:49:05  INFO       [46/96] step 1809   1.8s (sp3=38.7% disp=15)
09:49:05  INFO     Detected columns: ['id', 'type', 'x', 'y', 'z', 'vx', 'vy', 'vz', 'c_pe_atom', 'c_ke_atom', 'c_coord']
09:49:06  INFO     Loaded 473344 atoms, timestep=1863, time=1.8630 ps from dump.ballistic_ac_10kev.sp3_40.1863
09:49:06  INFO       [47/96] step 1863   1.7s (sp3=38.7% disp=17)
09:49:07  INFO     Detected columns: ['id', 'type', 'x', 'y', 'z', 'vx', 'vy', 'vz', 'c_pe_atom', 'c_ke_atom', 'c_coord']
09:49:08  INFO     Loaded 473344 atoms, timestep=1890, time=1.8900 ps from dump.ballistic_ac_10kev.sp3_40.1890
09:49:08  INFO       [48/96] step 1890   1.8s (sp3=38.7% disp=33)
09:49:08  INFO     Detected columns: ['id', 'type', 'x', 'y', 'z', 'vx', 'vy', 'vz', 'c_pe_atom', 'c_ke_atom', 'c_coord']
09:49:10  INFO     Loaded 473344 atoms, timestep=1998, time=1.9980 ps from dump.ballistic_ac_10kev.sp3_40.1998
09:49:10  INFO       [49/96] step 1998   1.7s (sp3=38.7% disp=16)
09:49:10  INFO     Detected columns: ['id', 'type', 'x', 'y', 'z', 'vx', 'vy', 'vz', 'c_pe_atom', 'c_ke_atom', 'c_coord']
09:49:12  INFO     Loaded 473344 atoms, timestep=2040, time=2.0400 ps from dump.ballistic_ac_10kev.sp3_40.2040
09:49:12  INFO       [50/96] step 2040   1.9s (sp3=38.7% disp=33)
09:49:12  INFO     Detected columns: ['id', 'type', 'x', 'y', 'z', 'vx', 'vy', 'vz', 'c_pe_atom', 'c_ke_atom', 'c_coord']
09:49:14  INFO     Loaded 473344 atoms, timestep=2160, time=2.1600 ps from dump.ballistic_ac_10kev.sp3_40.2160
09:49:14  INFO       [51/96] step 2160   1.8s (sp3=38.7% disp=31)
09:49:14  INFO     Detected columns: ['id', 'type', 'x', 'y', 'z', 'vx', 'vy', 'vz', 'c_pe_atom', 'c_ke_atom', 'c_coord']
09:49:15  INFO     Loaded 473344 atoms, timestep=2520, time=2.5200 ps from dump.ballistic_ac_10kev.sp3_40.2520
09:49:15  INFO       [52/96] step 2520   1.7s (sp3=38.7% disp=18)
09:49:15  INFO     Detected columns: ['id', 'type', 'x', 'y', 'z', 'vx', 'vy', 'vz', 'c_pe_atom', 'c_ke_atom', 'c_coord']
09:49:17  INFO     Loaded 473344 atoms, timestep=2640, time=2.6400 ps from dump.ballistic_ac_10kev.sp3_40.2640
09:49:17  INFO       [53/96] step 2640   1.8s (sp3=38.8% disp=17)
09:49:17  INFO     Detected columns: ['id', 'type', 'x', 'y', 'z', 'vx', 'vy', 'vz', 'c_pe_atom', 'c_ke_atom', 'c_coord']
09:49:19  INFO     Loaded 473344 atoms, timestep=2760, time=2.7600 ps from dump.ballistic_ac_10kev.sp3_40.2760
09:49:19  INFO       [54/96] step 2760   1.7s (sp3=38.7% disp=20)
09:49:19  INFO     Detected columns: ['id', 'type', 'x', 'y', 'z', 'vx', 'vy', 'vz', 'c_pe_atom', 'c_ke_atom', 'c_coord']
09:49:21  INFO     Loaded 473344 atoms, timestep=3120, time=3.1200 ps from dump.ballistic_ac_10kev.sp3_40.3120
09:49:21  INFO       [55/96] step 3120   1.9s (sp3=38.7% disp=64)
09:49:21  INFO     Detected columns: ['id', 'type', 'x', 'y', 'z', 'vx', 'vy', 'vz', 'c_pe_atom', 'c_ke_atom', 'c_coord']
09:49:22  INFO     Loaded 473344 atoms, timestep=3240, time=3.2400 ps from dump.ballistic_ac_10kev.sp3_40.3240
09:49:23  INFO       [56/96] step 3240   1.8s (sp3=38.8% disp=17)
09:49:23  INFO     Detected columns: ['id', 'type', 'x', 'y', 'z', 'vx', 'vy', 'vz', 'c_pe_atom', 'c_ke_atom', 'c_coord']
09:49:24  INFO     Loaded 473344 atoms, timestep=3360, time=3.3600 ps from dump.ballistic_ac_10kev.sp3_40.3360
09:49:24  INFO       [57/96] step 3360   1.7s (sp3=38.8% disp=65)
09:49:24  INFO     Detected columns: ['id', 'type', 'x', 'y', 'z', 'vx', 'vy', 'vz', 'c_pe_atom', 'c_ke_atom', 'c_coord']
09:49:26  INFO     Loaded 473344 atoms, timestep=3600, time=3.6000 ps from dump.ballistic_ac_10kev.sp3_40.3600
09:49:26  INFO       [58/96] step 3600   1.8s (sp3=38.8% disp=18)
09:49:26  INFO     Detected columns: ['id', 'type', 'x', 'y', 'z', 'vx', 'vy', 'vz', 'c_pe_atom', 'c_ke_atom', 'c_coord']
09:49:28  INFO     Loaded 473344 atoms, timestep=3840, time=3.8400 ps from dump.ballistic_ac_10kev.sp3_40.3840
09:49:28  INFO       [59/96] step 3840   1.7s (sp3=38.8% disp=64)
09:49:28  INFO     Detected columns: ['id', 'type', 'x', 'y', 'z', 'vx', 'vy', 'vz', 'c_pe_atom', 'c_ke_atom', 'c_coord']
09:49:29  INFO     Loaded 473344 atoms, timestep=3960, time=3.9600 ps from dump.ballistic_ac_10kev.sp3_40.3960
09:49:29  INFO       [60/96] step 3960   1.8s (sp3=38.8% disp=17)
09:49:30  INFO     Detected columns: ['id', 'type', 'x', 'y', 'z', 'vx', 'vy', 'vz', 'c_pe_atom', 'c_ke_atom', 'c_coord']
09:49:31  INFO     Loaded 473344 atoms, timestep=4080, time=4.0800 ps from dump.ballistic_ac_10kev.sp3_40.4080
09:49:31  INFO       [61/96] step 4080   1.7s (sp3=38.8% disp=32)
09:49:31  INFO     Detected columns: ['id', 'type', 'x', 'y', 'z', 'vx', 'vy', 'vz', 'c_pe_atom', 'c_ke_atom', 'c_coord']
09:49:33  INFO     Loaded 473344 atoms, timestep=4200, time=4.2000 ps from dump.ballistic_ac_10kev.sp3_40.4200
09:49:33  INFO       [62/96] step 4200   1.8s (sp3=38.8% disp=35)
09:49:33  INFO     Detected columns: ['id', 'type', 'x', 'y', 'z', 'vx', 'vy', 'vz', 'c_pe_atom', 'c_ke_atom', 'c_coord']
09:49:35  INFO     Loaded 473344 atoms, timestep=4320, time=4.3200 ps from dump.ballistic_ac_10kev.sp3_40.4320
09:49:35  INFO       [63/96] step 4320   1.7s (sp3=38.8% disp=64)
09:49:35  INFO     Detected columns: ['id', 'type', 'x', 'y', 'z', 'vx', 'vy', 'vz', 'c_pe_atom', 'c_ke_atom', 'c_coord']
09:49:36  INFO     Loaded 473344 atoms, timestep=4440, time=4.4400 ps from dump.ballistic_ac_10kev.sp3_40.4440
09:49:37  INFO       [64/96] step 4440   1.9s (sp3=38.8% disp=18)
09:49:37  INFO     Detected columns: ['id', 'type', 'x', 'y', 'z', 'vx', 'vy', 'vz', 'c_pe_atom', 'c_ke_atom', 'c_coord']
09:49:38  INFO     Loaded 473344 atoms, timestep=4560, time=4.5600 ps from dump.ballistic_ac_10kev.sp3_40.4560
09:49:38  INFO       [65/96] step 4560   1.7s (sp3=38.8% disp=19)
09:49:38  INFO     Detected columns: ['id', 'type', 'x', 'y', 'z', 'vx', 'vy', 'vz', 'c_pe_atom', 'c_ke_atom', 'c_coord']
09:49:40  INFO     Loaded 473344 atoms, timestep=4680, time=4.6800 ps from dump.ballistic_ac_10kev.sp3_40.4680
09:49:40  INFO       [66/96] step 4680   1.7s (sp3=38.8% disp=19)
09:49:40  INFO     Detected columns: ['id', 'type', 'x', 'y', 'z', 'vx', 'vy', 'vz', 'c_pe_atom', 'c_ke_atom', 'c_coord']
09:49:42  INFO     Loaded 473344 atoms, timestep=5040, time=5.0400 ps from dump.ballistic_ac_10kev.sp3_40.5040
09:49:42  INFO       [67/96] step 5040   1.8s (sp3=38.8% disp=8)
09:49:42  INFO     Detected columns: ['id', 'type', 'x', 'y', 'z', 'vx', 'vy', 'vz', 'c_pe_atom', 'c_ke_atom', 'c_coord']
09:49:43  INFO     Loaded 473344 atoms, timestep=5160, time=5.1600 ps from dump.ballistic_ac_10kev.sp3_40.5160
09:49:43  INFO       [68/96] step 5160   1.7s (sp3=38.8% disp=33)
09:49:44  INFO     Detected columns: ['id', 'type', 'x', 'y', 'z', 'vx', 'vy', 'vz', 'c_pe_atom', 'c_ke_atom', 'c_coord']
09:49:45  INFO     Loaded 473344 atoms, timestep=5520, time=5.5200 ps from dump.ballistic_ac_10kev.sp3_40.5520
09:49:45  INFO       [69/96] step 5520   1.9s (sp3=38.9% disp=33)
09:49:45  INFO     Detected columns: ['id', 'type', 'x', 'y', 'z', 'vx', 'vy', 'vz', 'c_pe_atom', 'c_ke_atom', 'c_coord']
09:49:47  INFO     Loaded 473344 atoms, timestep=5760, time=5.7600 ps from dump.ballistic_ac_10kev.sp3_40.5760
09:49:47  INFO       [70/96] step 5760   1.7s (sp3=38.9% disp=34)
09:49:47  INFO     Detected columns: ['id', 'type', 'x', 'y', 'z', 'vx', 'vy', 'vz', 'c_pe_atom', 'c_ke_atom', 'c_coord']
09:49:49  INFO     Loaded 473344 atoms, timestep=5880, time=5.8800 ps from dump.ballistic_ac_10kev.sp3_40.5880
09:49:49  INFO       [71/96] step 5880   1.9s (sp3=38.9% disp=19)
09:49:49  INFO     Detected columns: ['id', 'type', 'x', 'y', 'z', 'vx', 'vy', 'vz', 'c_pe_atom', 'c_ke_atom', 'c_coord']
09:49:51  INFO     Loaded 473344 atoms, timestep=6000, time=6.0000 ps from dump.ballistic_ac_10kev.sp3_40.6000
09:49:51  INFO       [72/96] step 6000   1.7s (sp3=38.8% disp=18)
09:49:51  INFO     Detected columns: ['id', 'type', 'x', 'y', 'z', 'vx', 'vy', 'vz', 'c_pe_atom', 'c_ke_atom', 'c_coord']
09:49:52  INFO     Loaded 473344 atoms, timestep=6120, time=6.1200 ps from dump.ballistic_ac_10kev.sp3_40.6120
09:49:52  INFO       [73/96] step 6120   1.7s (sp3=38.8% disp=19)
09:49:53  INFO     Detected columns: ['id', 'type', 'x', 'y', 'z', 'vx', 'vy', 'vz', 'c_pe_atom', 'c_ke_atom', 'c_coord']
09:49:54  INFO     Loaded 473344 atoms, timestep=6240, time=6.2400 ps from dump.ballistic_ac_10kev.sp3_40.6240
09:49:54  INFO       [74/96] step 6240   1.8s (sp3=38.9% disp=19)
09:49:54  INFO     Detected columns: ['id', 'type', 'x', 'y', 'z', 'vx', 'vy', 'vz', 'c_pe_atom', 'c_ke_atom', 'c_coord']
09:49:56  INFO     Loaded 473344 atoms, timestep=6360, time=6.3600 ps from dump.ballistic_ac_10kev.sp3_40.6360
09:49:56  INFO       [75/96] step 6360   1.7s (sp3=38.9% disp=19)
09:49:56  INFO     Detected columns: ['id', 'type', 'x', 'y', 'z', 'vx', 'vy', 'vz', 'c_pe_atom', 'c_ke_atom', 'c_coord']
09:49:58  INFO     Loaded 473344 atoms, timestep=6480, time=6.4800 ps from dump.ballistic_ac_10kev.sp3_40.6480
09:49:58  INFO       [76/96] step 6480   1.9s (sp3=38.8% disp=19)
09:49:58  INFO     Detected columns: ['id', 'type', 'x', 'y', 'z', 'vx', 'vy', 'vz', 'c_pe_atom', 'c_ke_atom', 'c_coord']
09:49:59  INFO     Loaded 473344 atoms, timestep=6600, time=6.6000 ps from dump.ballistic_ac_10kev.sp3_40.6600
09:49:59  INFO       [77/96] step 6600   1.5s (sp3=38.9% disp=18)
09:50:00  INFO     Detected columns: ['id', 'type', 'x', 'y', 'z', 'vx', 'vy', 'vz', 'c_pe_atom', 'c_ke_atom', 'c_coord']
09:50:01  INFO     Loaded 473344 atoms, timestep=6720, time=6.7200 ps from dump.ballistic_ac_10kev.sp3_40.6720
09:50:01  INFO       [78/96] step 6720   1.8s (sp3=38.9% disp=18)
09:50:01  INFO     Detected columns: ['id', 'type', 'x', 'y', 'z', 'vx', 'vy', 'vz', 'c_pe_atom', 'c_ke_atom', 'c_coord']
09:50:03  INFO     Loaded 473344 atoms, timestep=6840, time=6.8400 ps from dump.ballistic_ac_10kev.sp3_40.6840
09:50:03  INFO       [79/96] step 6840   1.7s (sp3=38.8% disp=18)
09:50:03  INFO     Detected columns: ['id', 'type', 'x', 'y', 'z', 'vx', 'vy', 'vz', 'c_pe_atom', 'c_ke_atom', 'c_coord']
09:50:05  INFO     Loaded 473344 atoms, timestep=7080, time=7.0800 ps from dump.ballistic_ac_10kev.sp3_40.7080
09:50:05  INFO       [80/96] step 7080   1.8s (sp3=38.9% disp=32)
09:50:05  INFO     Detected columns: ['id', 'type', 'x', 'y', 'z', 'vx', 'vy', 'vz', 'c_pe_atom', 'c_ke_atom', 'c_coord']
09:50:06  INFO     Loaded 473344 atoms, timestep=7200, time=7.2000 ps from dump.ballistic_ac_10kev.sp3_40.7200
09:50:06  INFO       [81/96] step 7200   1.7s (sp3=38.9% disp=19)
09:50:07  INFO     Detected columns: ['id', 'type', 'x', 'y', 'z', 'vx', 'vy', 'vz', 'c_pe_atom', 'c_ke_atom', 'c_coord']
09:50:08  INFO     Loaded 473344 atoms, timestep=7440, time=7.4400 ps from dump.ballistic_ac_10kev.sp3_40.7440
09:50:08  INFO       [82/96] step 7440   1.9s (sp3=38.9% disp=20)
09:50:08  INFO     Detected columns: ['id', 'type', 'x', 'y', 'z', 'vx', 'vy', 'vz', 'c_pe_atom', 'c_ke_atom', 'c_coord']
09:50:10  INFO     Loaded 473344 atoms, timestep=7680, time=7.6800 ps from dump.ballistic_ac_10kev.sp3_40.7680
09:50:10  INFO       [83/96] step 7680   1.8s (sp3=38.9% disp=19)
09:50:10  INFO     Detected columns: ['id', 'type', 'x', 'y', 'z', 'vx', 'vy', 'vz', 'c_pe_atom', 'c_ke_atom', 'c_coord']
09:50:12  INFO     Loaded 473344 atoms, timestep=7800, time=7.8000 ps from dump.ballistic_ac_10kev.sp3_40.7800
09:50:12  INFO       [84/96] step 7800   1.7s (sp3=38.9% disp=19)
09:50:12  INFO     Detected columns: ['id', 'type', 'x', 'y', 'z', 'vx', 'vy', 'vz', 'c_pe_atom', 'c_ke_atom', 'c_coord']
09:50:13  INFO     Loaded 473344 atoms, timestep=8040, time=8.0400 ps from dump.ballistic_ac_10kev.sp3_40.8040
09:50:13  INFO       [85/96] step 8040   1.7s (sp3=38.9% disp=19)
09:50:14  INFO     Detected columns: ['id', 'type', 'x', 'y', 'z', 'vx', 'vy', 'vz', 'c_pe_atom', 'c_ke_atom', 'c_coord']
09:50:15  INFO     Loaded 473344 atoms, timestep=8160, time=8.1600 ps from dump.ballistic_ac_10kev.sp3_40.8160
09:50:15  INFO       [86/96] step 8160   1.8s (sp3=38.9% disp=18)
09:50:15  INFO     Detected columns: ['id', 'type', 'x', 'y', 'z', 'vx', 'vy', 'vz', 'c_pe_atom', 'c_ke_atom', 'c_coord']
09:50:17  INFO     Loaded 473344 atoms, timestep=8280, time=8.2800 ps from dump.ballistic_ac_10kev.sp3_40.8280
09:50:17  INFO       [87/96] step 8280   1.7s (sp3=38.9% disp=19)
09:50:17  INFO     Detected columns: ['id', 'type', 'x', 'y', 'z', 'vx', 'vy', 'vz', 'c_pe_atom', 'c_ke_atom', 'c_coord']
09:50:19  INFO     Loaded 473344 atoms, timestep=8400, time=8.4000 ps from dump.ballistic_ac_10kev.sp3_40.8400
09:50:19  INFO       [88/96] step 8400   1.9s (sp3=38.9% disp=19)
09:50:19  INFO     Detected columns: ['id', 'type', 'x', 'y', 'z', 'vx', 'vy', 'vz', 'c_pe_atom', 'c_ke_atom', 'c_coord']
09:50:20  INFO     Loaded 473344 atoms, timestep=8520, time=8.5200 ps from dump.ballistic_ac_10kev.sp3_40.8520
09:50:21  INFO       [89/96] step 8520   1.8s (sp3=38.9% disp=17)
09:50:21  INFO     Detected columns: ['id', 'type', 'x', 'y', 'z', 'vx', 'vy', 'vz', 'c_pe_atom', 'c_ke_atom', 'c_coord']
09:50:22  INFO     Loaded 473344 atoms, timestep=9000, time=9.0000 ps from dump.ballistic_ac_10kev.sp3_40.9000
09:50:22  INFO       [90/96] step 9000   1.7s (sp3=38.9% disp=19)
09:50:22  INFO     Detected columns: ['id', 'type', 'x', 'y', 'z', 'vx', 'vy', 'vz', 'c_pe_atom', 'c_ke_atom', 'c_coord']
09:50:24  INFO     Loaded 473344 atoms, timestep=9120, time=9.1200 ps from dump.ballistic_ac_10kev.sp3_40.9120
09:50:24  INFO       [91/96] step 9120   1.8s (sp3=39.0% disp=19)
09:50:24  INFO     Detected columns: ['id', 'type', 'x', 'y', 'z', 'vx', 'vy', 'vz', 'c_pe_atom', 'c_ke_atom', 'c_coord']
09:50:26  INFO     Loaded 473344 atoms, timestep=9240, time=9.2400 ps from dump.ballistic_ac_10kev.sp3_40.9240
09:50:26  INFO       [92/96] step 9240   1.7s (sp3=38.9% disp=18)
09:50:26  INFO     Detected columns: ['id', 'type', 'x', 'y', 'z', 'vx', 'vy', 'vz', 'c_pe_atom', 'c_ke_atom', 'c_coord']
09:50:27  INFO     Loaded 473344 atoms, timestep=9480, time=9.4800 ps from dump.ballistic_ac_10kev.sp3_40.9480
09:50:27  INFO       [93/96] step 9480   1.8s (sp3=38.9% disp=18)
09:50:28  INFO     Detected columns: ['id', 'type', 'x', 'y', 'z', 'vx', 'vy', 'vz', 'c_pe_atom', 'c_ke_atom', 'c_coord']
09:50:29  INFO     Loaded 473344 atoms, timestep=9600, time=9.6000 ps from dump.ballistic_ac_10kev.sp3_40.9600
09:50:29  INFO       [94/96] step 9600   1.7s (sp3=39.0% disp=20)
09:50:29  INFO     Detected columns: ['id', 'type', 'x', 'y', 'z', 'vx', 'vy', 'vz', 'c_pe_atom', 'c_ke_atom', 'c_coord']
09:50:31  INFO     Loaded 473344 atoms, timestep=9720, time=9.7200 ps from dump.ballistic_ac_10kev.sp3_40.9720
09:50:31  INFO       [95/96] step 9720   1.7s (sp3=38.9% disp=18)
09:50:31  INFO     Detected columns: ['id', 'type', 'x', 'y', 'z', 'vx', 'vy', 'vz', 'c_pe_atom', 'c_ke_atom', 'c_coord']
09:50:33  INFO     Loaded 473344 atoms, timestep=9840, time=9.8400 ps from dump.ballistic_ac_10kev.sp3_40.9840
09:50:33  INFO       [96/96] step 9840   1.8s (sp3=39.0% disp=19)
09:50:40  INFO     Detected columns: ['id', 'type', 'x', 'y', 'z', 'vx', 'vy', 'vz', 'c_pe_atom', 'c_ke_atom', 'c_coord']
09:50:42  INFO     Loaded 473344 atoms, timestep=1242, time=1.2420 ps from dump.ballistic_ac_10kev.sp3_40.1242
  Saved: /home/santi/Documentos/RDF/output/energy_sweep_18_05/E10_sp3_40/displacement_kinetics.png
  Saved: /home/santi/Documentos/RDF/output/energy_sweep_18_05/E10_sp3_40/displacement_kinetics.pdf
  Saved: /home/santi/Documentos/RDF/output/energy_sweep_18_05/E10_sp3_40/hybridization_kinetics.png
  Saved: /home/santi/Documentos/RDF/output/energy_sweep_18_05/E10_sp3_40/hybridization_kinetics.pdf
  Saved: /home/santi/Documentos/RDF/output/energy_sweep_18_05/E10_sp3_40/rdf_keyframes.png
  Saved: /home/santi/Documentos/RDF/output/energy_sweep_18_05/E10_sp3_40/rdf_keyframes.pdf
  Saved: /home/santi/Documentos/RDF/output/energy_sweep_18_05/E10_sp3_40/adf_keyframes.png
  Saved: /home/santi/Documentos/RDF/output/energy_sweep_18_05/E10_sp3_40/adf_keyframes.pdf
  Saved: /home/santi/Documentos/RDF/output/energy_sweep_18_05/E10_sp3_40/sk_keyframes.png
  Saved: /home/santi/Documentos/RDF/output/energy_sweep_18_05/E10_sp3_40/sk_keyframes.pdf
09:50:58  INFO     === 15 keV / sp3 40 : 78 frames ===
09:50:58  INFO     Detected columns: ['id', 'type', 'x', 'y', 'z', 'vx', 'vy', 'vz', 'c_pe_atom', 'c_ke_atom', 'c_coord']
09:51:00  INFO     Loaded 473344 atoms, timestep=0, time=0.0000 ps from dump.ballistic_ac_15kev.sp3_40.0
09:51:00  INFO       [ 1/78] step 0      1.8s (sp3=38.7% disp=0)
09:51:00  INFO     Detected columns: ['id', 'type', 'x', 'y', 'z', 'vx', 'vy', 'vz', 'c_pe_atom', 'c_ke_atom', 'c_coord']
09:51:02  INFO     Loaded 473344 atoms, timestep=27, time=0.0270 ps from dump.ballistic_ac_15kev.sp3_40.27
09:51:02  INFO       [ 2/78] step 27     1.8s (sp3=38.7% disp=1)
09:51:02  INFO     Detected columns: ['id', 'type', 'x', 'y', 'z', 'vx', 'vy', 'vz', 'c_pe_atom', 'c_ke_atom', 'c_coord']
09:51:04  INFO     Loaded 473344 atoms, timestep=54, time=0.0540 ps from dump.ballistic_ac_15kev.sp3_40.54
09:51:04  INFO       [ 3/78] step 54     1.9s (sp3=38.7% disp=2)
09:51:04  INFO     Detected columns: ['id', 'type', 'x', 'y', 'z', 'vx', 'vy', 'vz', 'c_pe_atom', 'c_ke_atom', 'c_coord']
09:51:05  INFO     Loaded 473344 atoms, timestep=81, time=0.0810 ps from dump.ballistic_ac_15kev.sp3_40.81
09:51:06  INFO       [ 4/78] step 81     1.8s (sp3=38.7% disp=2)
09:51:06  INFO     Detected columns: ['id', 'type', 'x', 'y', 'z', 'vx', 'vy', 'vz', 'c_pe_atom', 'c_ke_atom', 'c_coord']
09:51:07  INFO     Loaded 473344 atoms, timestep=108, time=0.1080 ps from dump.ballistic_ac_15kev.sp3_40.108
09:51:08  INFO       [ 5/78] step 108    2.0s (sp3=38.7% disp=2)
09:51:08  INFO     Detected columns: ['id', 'type', 'x', 'y', 'z', 'vx', 'vy', 'vz', 'c_pe_atom', 'c_ke_atom', 'c_coord']
09:51:09  INFO     Loaded 473344 atoms, timestep=135, time=0.1350 ps from dump.ballistic_ac_15kev.sp3_40.135
09:51:09  INFO       [ 6/78] step 135    1.9s (sp3=38.7% disp=2)
09:51:10  INFO     Detected columns: ['id', 'type', 'x', 'y', 'z', 'vx', 'vy', 'vz', 'c_pe_atom', 'c_ke_atom', 'c_coord']
09:51:11  INFO     Loaded 473344 atoms, timestep=162, time=0.1620 ps from dump.ballistic_ac_15kev.sp3_40.162
09:51:11  INFO       [ 7/78] step 162    1.6s (sp3=38.7% disp=4)
09:51:11  INFO     Detected columns: ['id', 'type', 'x', 'y', 'z', 'vx', 'vy', 'vz', 'c_pe_atom', 'c_ke_atom', 'c_coord']
09:51:13  INFO     Loaded 473344 atoms, timestep=189, time=0.1890 ps from dump.ballistic_ac_15kev.sp3_40.189
09:51:13  INFO       [ 8/78] step 189    1.8s (sp3=38.7% disp=4)
09:51:13  INFO     Detected columns: ['id', 'type', 'x', 'y', 'z', 'vx', 'vy', 'vz', 'c_pe_atom', 'c_ke_atom', 'c_coord']
09:51:14  INFO     Loaded 473344 atoms, timestep=216, time=0.2160 ps from dump.ballistic_ac_15kev.sp3_40.216
09:51:15  INFO       [ 9/78] step 216    1.7s (sp3=38.7% disp=4)
09:51:15  INFO     Detected columns: ['id', 'type', 'x', 'y', 'z', 'vx', 'vy', 'vz', 'c_pe_atom', 'c_ke_atom', 'c_coord']
09:51:16  INFO     Loaded 473344 atoms, timestep=243, time=0.2430 ps from dump.ballistic_ac_15kev.sp3_40.243
09:51:16  INFO       [10/78] step 243    1.8s (sp3=38.7% disp=5)
09:51:17  INFO     Detected columns: ['id', 'type', 'x', 'y', 'z', 'vx', 'vy', 'vz', 'c_pe_atom', 'c_ke_atom', 'c_coord']
09:51:18  INFO     Loaded 473344 atoms, timestep=270, time=0.2700 ps from dump.ballistic_ac_15kev.sp3_40.270
09:51:18  INFO       [11/78] step 270    1.7s (sp3=38.7% disp=6)
09:51:18  INFO     Detected columns: ['id', 'type', 'x', 'y', 'z', 'vx', 'vy', 'vz', 'c_pe_atom', 'c_ke_atom', 'c_coord']
09:51:20  INFO     Loaded 473344 atoms, timestep=297, time=0.2970 ps from dump.ballistic_ac_15kev.sp3_40.297
09:51:20  INFO       [12/78] step 297    1.9s (sp3=38.7% disp=6)
09:51:20  INFO     Detected columns: ['id', 'type', 'x', 'y', 'z', 'vx', 'vy', 'vz', 'c_pe_atom', 'c_ke_atom', 'c_coord']
09:51:22  INFO     Loaded 473344 atoms, timestep=324, time=0.3240 ps from dump.ballistic_ac_15kev.sp3_40.324
09:51:22  INFO       [13/78] step 324    1.8s (sp3=38.7% disp=6)
09:51:22  INFO     Detected columns: ['id', 'type', 'x', 'y', 'z', 'vx', 'vy', 'vz', 'c_pe_atom', 'c_ke_atom', 'c_coord']
09:51:23  INFO     Loaded 473344 atoms, timestep=351, time=0.3510 ps from dump.ballistic_ac_15kev.sp3_40.351
09:51:23  INFO       [14/78] step 351    1.8s (sp3=38.7% disp=6)
09:51:24  INFO     Detected columns: ['id', 'type', 'x', 'y', 'z', 'vx', 'vy', 'vz', 'c_pe_atom', 'c_ke_atom', 'c_coord']
09:51:25  INFO     Loaded 473344 atoms, timestep=378, time=0.3780 ps from dump.ballistic_ac_15kev.sp3_40.378
09:51:25  INFO       [15/78] step 378    1.9s (sp3=38.7% disp=5)
09:51:26  INFO     Detected columns: ['id', 'type', 'x', 'y', 'z', 'vx', 'vy', 'vz', 'c_pe_atom', 'c_ke_atom', 'c_coord']
09:51:27  INFO     Loaded 473344 atoms, timestep=405, time=0.4050 ps from dump.ballistic_ac_15kev.sp3_40.405
09:51:27  INFO       [16/78] step 405    1.7s (sp3=38.7% disp=6)
09:51:27  INFO     Detected columns: ['id', 'type', 'x', 'y', 'z', 'vx', 'vy', 'vz', 'c_pe_atom', 'c_ke_atom', 'c_coord']
09:51:29  INFO     Loaded 473344 atoms, timestep=432, time=0.4320 ps from dump.ballistic_ac_15kev.sp3_40.432
09:51:29  INFO       [17/78] step 432    2.0s (sp3=38.7% disp=6)
09:51:29  INFO     Detected columns: ['id', 'type', 'x', 'y', 'z', 'vx', 'vy', 'vz', 'c_pe_atom', 'c_ke_atom', 'c_coord']
09:51:31  INFO     Loaded 473344 atoms, timestep=459, time=0.4590 ps from dump.ballistic_ac_15kev.sp3_40.459
09:51:31  INFO       [18/78] step 459    1.6s (sp3=38.7% disp=7)
09:51:31  INFO     Detected columns: ['id', 'type', 'x', 'y', 'z', 'vx', 'vy', 'vz', 'c_pe_atom', 'c_ke_atom', 'c_coord']
09:51:32  INFO     Loaded 473344 atoms, timestep=486, time=0.4860 ps from dump.ballistic_ac_15kev.sp3_40.486
09:51:32  INFO       [19/78] step 486    1.9s (sp3=38.7% disp=7)
09:51:33  INFO     Detected columns: ['id', 'type', 'x', 'y', 'z', 'vx', 'vy', 'vz', 'c_pe_atom', 'c_ke_atom', 'c_coord']
09:51:34  INFO     Loaded 473344 atoms, timestep=513, time=0.5130 ps from dump.ballistic_ac_15kev.sp3_40.513
09:51:34  INFO       [20/78] step 513    1.7s (sp3=38.7% disp=8)
09:51:34  INFO     Detected columns: ['id', 'type', 'x', 'y', 'z', 'vx', 'vy', 'vz', 'c_pe_atom', 'c_ke_atom', 'c_coord']
09:51:36  INFO     Loaded 473344 atoms, timestep=540, time=0.5400 ps from dump.ballistic_ac_15kev.sp3_40.540
09:51:36  INFO       [21/78] step 540    1.9s (sp3=38.7% disp=8)
09:51:36  INFO     Detected columns: ['id', 'type', 'x', 'y', 'z', 'vx', 'vy', 'vz', 'c_pe_atom', 'c_ke_atom', 'c_coord']
09:51:38  INFO     Loaded 473344 atoms, timestep=567, time=0.5670 ps from dump.ballistic_ac_15kev.sp3_40.567
09:51:38  INFO       [22/78] step 567    1.8s (sp3=38.7% disp=8)
09:51:38  INFO     Detected columns: ['id', 'type', 'x', 'y', 'z', 'vx', 'vy', 'vz', 'c_pe_atom', 'c_ke_atom', 'c_coord']
09:51:40  INFO     Loaded 473344 atoms, timestep=594, time=0.5940 ps from dump.ballistic_ac_15kev.sp3_40.594
09:51:40  INFO       [23/78] step 594    1.9s (sp3=38.7% disp=8)
09:51:40  INFO     Detected columns: ['id', 'type', 'x', 'y', 'z', 'vx', 'vy', 'vz', 'c_pe_atom', 'c_ke_atom', 'c_coord']
09:51:42  INFO     Loaded 473344 atoms, timestep=621, time=0.6210 ps from dump.ballistic_ac_15kev.sp3_40.621
09:51:42  INFO       [24/78] step 621    1.8s (sp3=38.7% disp=9)
09:51:42  INFO     Detected columns: ['id', 'type', 'x', 'y', 'z', 'vx', 'vy', 'vz', 'c_pe_atom', 'c_ke_atom', 'c_coord']
09:51:43  INFO     Loaded 473344 atoms, timestep=648, time=0.6480 ps from dump.ballistic_ac_15kev.sp3_40.648
09:51:43  INFO       [25/78] step 648    1.6s (sp3=38.7% disp=10)
09:51:43  INFO     Detected columns: ['id', 'type', 'x', 'y', 'z', 'vx', 'vy', 'vz', 'c_pe_atom', 'c_ke_atom', 'c_coord']
09:51:45  INFO     Loaded 473344 atoms, timestep=675, time=0.6750 ps from dump.ballistic_ac_15kev.sp3_40.675
09:51:45  INFO       [26/78] step 675    1.8s (sp3=38.7% disp=11)
09:51:45  INFO     Detected columns: ['id', 'type', 'x', 'y', 'z', 'vx', 'vy', 'vz', 'c_pe_atom', 'c_ke_atom', 'c_coord']
09:51:47  INFO     Loaded 473344 atoms, timestep=702, time=0.7020 ps from dump.ballistic_ac_15kev.sp3_40.702
09:51:47  INFO       [27/78] step 702    1.7s (sp3=38.7% disp=13)
09:51:47  INFO     Detected columns: ['id', 'type', 'x', 'y', 'z', 'vx', 'vy', 'vz', 'c_pe_atom', 'c_ke_atom', 'c_coord']
09:51:48  INFO     Loaded 473344 atoms, timestep=729, time=0.7290 ps from dump.ballistic_ac_15kev.sp3_40.729
09:51:49  INFO       [28/78] step 729    1.9s (sp3=38.7% disp=14)
09:51:49  INFO     Detected columns: ['id', 'type', 'x', 'y', 'z', 'vx', 'vy', 'vz', 'c_pe_atom', 'c_ke_atom', 'c_coord']
09:51:50  INFO     Loaded 473344 atoms, timestep=756, time=0.7560 ps from dump.ballistic_ac_15kev.sp3_40.756
09:51:50  INFO       [29/78] step 756    1.7s (sp3=38.7% disp=18)
09:51:50  INFO     Detected columns: ['id', 'type', 'x', 'y', 'z', 'vx', 'vy', 'vz', 'c_pe_atom', 'c_ke_atom', 'c_coord']
09:51:52  INFO     Loaded 473344 atoms, timestep=783, time=0.7830 ps from dump.ballistic_ac_15kev.sp3_40.783
09:51:52  INFO       [30/78] step 783    1.9s (sp3=38.7% disp=24)
09:51:52  INFO     Detected columns: ['id', 'type', 'x', 'y', 'z', 'vx', 'vy', 'vz', 'c_pe_atom', 'c_ke_atom', 'c_coord']
09:51:54  INFO     Loaded 473344 atoms, timestep=810, time=0.8100 ps from dump.ballistic_ac_15kev.sp3_40.810
09:51:54  INFO       [31/78] step 810    1.8s (sp3=38.7% disp=23)
09:51:54  INFO     Detected columns: ['id', 'type', 'x', 'y', 'z', 'vx', 'vy', 'vz', 'c_pe_atom', 'c_ke_atom', 'c_coord']
09:51:56  INFO     Loaded 473344 atoms, timestep=837, time=0.8370 ps from dump.ballistic_ac_15kev.sp3_40.837
09:51:56  INFO       [32/78] step 837    1.7s (sp3=38.7% disp=24)
09:51:56  INFO     Detected columns: ['id', 'type', 'x', 'y', 'z', 'vx', 'vy', 'vz', 'c_pe_atom', 'c_ke_atom', 'c_coord']
09:51:57  INFO     Loaded 473344 atoms, timestep=864, time=0.8640 ps from dump.ballistic_ac_15kev.sp3_40.864
09:51:58  INFO       [33/78] step 864    1.9s (sp3=38.7% disp=26)
09:51:58  INFO     Detected columns: ['id', 'type', 'x', 'y', 'z', 'vx', 'vy', 'vz', 'c_pe_atom', 'c_ke_atom', 'c_coord']
09:51:59  INFO     Loaded 473344 atoms, timestep=891, time=0.8910 ps from dump.ballistic_ac_15kev.sp3_40.891
09:51:59  INFO       [34/78] step 891    1.7s (sp3=38.7% disp=29)
09:51:59  INFO     Detected columns: ['id', 'type', 'x', 'y', 'z', 'vx', 'vy', 'vz', 'c_pe_atom', 'c_ke_atom', 'c_coord']
09:52:01  INFO     Loaded 473344 atoms, timestep=918, time=0.9180 ps from dump.ballistic_ac_15kev.sp3_40.918
09:52:01  INFO       [35/78] step 918    1.9s (sp3=38.7% disp=14)
09:52:01  INFO     Detected columns: ['id', 'type', 'x', 'y', 'z', 'vx', 'vy', 'vz', 'c_pe_atom', 'c_ke_atom', 'c_coord']
09:52:03  INFO     Loaded 473344 atoms, timestep=945, time=0.9450 ps from dump.ballistic_ac_15kev.sp3_40.945
09:52:03  INFO       [36/78] step 945    1.6s (sp3=38.7% disp=40)
09:52:03  INFO     Detected columns: ['id', 'type', 'x', 'y', 'z', 'vx', 'vy', 'vz', 'c_pe_atom', 'c_ke_atom', 'c_coord']
09:52:04  INFO     Loaded 473344 atoms, timestep=972, time=0.9720 ps from dump.ballistic_ac_15kev.sp3_40.972
09:52:05  INFO       [37/78] step 972    1.8s (sp3=38.7% disp=41)
09:52:05  INFO     Detected columns: ['id', 'type', 'x', 'y', 'z', 'vx', 'vy', 'vz', 'c_pe_atom', 'c_ke_atom', 'c_coord']
09:52:06  INFO     Loaded 473344 atoms, timestep=999, time=0.9990 ps from dump.ballistic_ac_15kev.sp3_40.999
09:52:06  INFO       [38/78] step 999    1.7s (sp3=38.7% disp=44)
09:52:06  INFO     Detected columns: ['id', 'type', 'x', 'y', 'z', 'vx', 'vy', 'vz', 'c_pe_atom', 'c_ke_atom', 'c_coord']
09:52:08  INFO     Loaded 473344 atoms, timestep=1026, time=1.0260 ps from dump.ballistic_ac_15kev.sp3_40.1026
09:52:08  INFO       [39/78] step 1026   1.9s (sp3=38.7% disp=53)
09:52:08  INFO     Detected columns: ['id', 'type', 'x', 'y', 'z', 'vx', 'vy', 'vz', 'c_pe_atom', 'c_ke_atom', 'c_coord']
09:52:10  INFO     Loaded 473344 atoms, timestep=1053, time=1.0530 ps from dump.ballistic_ac_15kev.sp3_40.1053
09:52:10  INFO       [40/78] step 1053   1.8s (sp3=38.7% disp=57)
09:52:10  INFO     Detected columns: ['id', 'type', 'x', 'y', 'z', 'vx', 'vy', 'vz', 'c_pe_atom', 'c_ke_atom', 'c_coord']
09:52:12  INFO     Loaded 473344 atoms, timestep=1080, time=1.0800 ps from dump.ballistic_ac_15kev.sp3_40.1080
09:52:12  INFO       [41/78] step 1080   1.9s (sp3=38.7% disp=57)
09:52:12  INFO     Detected columns: ['id', 'type', 'x', 'y', 'z', 'vx', 'vy', 'vz', 'c_pe_atom', 'c_ke_atom', 'c_coord']
09:52:14  INFO     Loaded 473344 atoms, timestep=1107, time=1.1070 ps from dump.ballistic_ac_15kev.sp3_40.1107
09:52:14  INFO       [42/78] step 1107   1.8s (sp3=38.7% disp=22)
09:52:14  INFO     Detected columns: ['id', 'type', 'x', 'y', 'z', 'vx', 'vy', 'vz', 'c_pe_atom', 'c_ke_atom', 'c_coord']
09:52:15  INFO     Loaded 473344 atoms, timestep=1134, time=1.1340 ps from dump.ballistic_ac_15kev.sp3_40.1134
09:52:15  INFO       [43/78] step 1134   1.6s (sp3=38.7% disp=22)
09:52:15  INFO     Detected columns: ['id', 'type', 'x', 'y', 'z', 'vx', 'vy', 'vz', 'c_pe_atom', 'c_ke_atom', 'c_coord']
09:52:17  INFO     Loaded 473344 atoms, timestep=1161, time=1.1610 ps from dump.ballistic_ac_15kev.sp3_40.1161
09:52:17  INFO       [44/78] step 1161   1.9s (sp3=38.7% disp=41)
09:52:17  INFO     Detected columns: ['id', 'type', 'x', 'y', 'z', 'vx', 'vy', 'vz', 'c_pe_atom', 'c_ke_atom', 'c_coord']
09:52:19  INFO     Loaded 473344 atoms, timestep=1188, time=1.1880 ps from dump.ballistic_ac_15kev.sp3_40.1188
09:52:19  INFO       [45/78] step 1188   1.7s (sp3=38.7% disp=44)
09:52:19  INFO     Detected columns: ['id', 'type', 'x', 'y', 'z', 'vx', 'vy', 'vz', 'c_pe_atom', 'c_ke_atom', 'c_coord']
09:52:21  INFO     Loaded 473344 atoms, timestep=1215, time=1.2150 ps from dump.ballistic_ac_15kev.sp3_40.1215
09:52:21  INFO       [46/78] step 1215   1.9s (sp3=38.7% disp=48)
09:52:21  INFO     Detected columns: ['id', 'type', 'x', 'y', 'z', 'vx', 'vy', 'vz', 'c_pe_atom', 'c_ke_atom', 'c_coord']
09:52:22  INFO     Loaded 473344 atoms, timestep=1242, time=1.2420 ps from dump.ballistic_ac_15kev.sp3_40.1242
09:52:22  INFO       [47/78] step 1242   1.8s (sp3=38.7% disp=99)
09:52:23  INFO     Detected columns: ['id', 'type', 'x', 'y', 'z', 'vx', 'vy', 'vz', 'c_pe_atom', 'c_ke_atom', 'c_coord']
09:52:24  INFO     Loaded 473344 atoms, timestep=1269, time=1.2690 ps from dump.ballistic_ac_15kev.sp3_40.1269
09:52:24  INFO       [48/78] step 1269   2.0s (sp3=38.7% disp=116)
09:52:25  INFO     Detected columns: ['id', 'type', 'x', 'y', 'z', 'vx', 'vy', 'vz', 'c_pe_atom', 'c_ke_atom', 'c_coord']
09:52:26  INFO     Loaded 473344 atoms, timestep=1296, time=1.2960 ps from dump.ballistic_ac_15kev.sp3_40.1296
09:52:26  INFO       [49/78] step 1296   1.8s (sp3=38.7% disp=27)
09:52:26  INFO     Detected columns: ['id', 'type', 'x', 'y', 'z', 'vx', 'vy', 'vz', 'c_pe_atom', 'c_ke_atom', 'c_coord']
09:52:28  INFO     Loaded 473344 atoms, timestep=1323, time=1.3230 ps from dump.ballistic_ac_15kev.sp3_40.1323
09:52:28  INFO       [50/78] step 1323   1.7s (sp3=38.7% disp=28)
09:52:28  INFO     Detected columns: ['id', 'type', 'x', 'y', 'z', 'vx', 'vy', 'vz', 'c_pe_atom', 'c_ke_atom', 'c_coord']
09:52:30  INFO     Loaded 473344 atoms, timestep=1350, time=1.3500 ps from dump.ballistic_ac_15kev.sp3_40.1350
09:52:30  INFO       [51/78] step 1350   1.9s (sp3=38.7% disp=30)
09:52:30  INFO     Detected columns: ['id', 'type', 'x', 'y', 'z', 'vx', 'vy', 'vz', 'c_pe_atom', 'c_ke_atom', 'c_coord']
09:52:31  INFO     Loaded 473344 atoms, timestep=1377, time=1.3770 ps from dump.ballistic_ac_15kev.sp3_40.1377
09:52:32  INFO       [52/78] step 1377   1.7s (sp3=38.7% disp=32)
09:52:32  INFO     Detected columns: ['id', 'type', 'x', 'y', 'z', 'vx', 'vy', 'vz', 'c_pe_atom', 'c_ke_atom', 'c_coord']
09:52:33  INFO     Loaded 473344 atoms, timestep=1404, time=1.4040 ps from dump.ballistic_ac_15kev.sp3_40.1404
09:52:33  INFO       [53/78] step 1404   1.9s (sp3=38.7% disp=32)
09:52:34  INFO     Detected columns: ['id', 'type', 'x', 'y', 'z', 'vx', 'vy', 'vz', 'c_pe_atom', 'c_ke_atom', 'c_coord']
09:52:35  INFO     Loaded 473344 atoms, timestep=1431, time=1.4310 ps from dump.ballistic_ac_15kev.sp3_40.1431
09:52:35  INFO       [54/78] step 1431   1.6s (sp3=38.7% disp=33)
09:52:35  INFO     Detected columns: ['id', 'type', 'x', 'y', 'z', 'vx', 'vy', 'vz', 'c_pe_atom', 'c_ke_atom', 'c_coord']
09:52:37  INFO     Loaded 473344 atoms, timestep=1458, time=1.4580 ps from dump.ballistic_ac_15kev.sp3_40.1458
09:52:37  INFO       [55/78] step 1458   1.8s (sp3=38.7% disp=35)
09:52:37  INFO     Detected columns: ['id', 'type', 'x', 'y', 'z', 'vx', 'vy', 'vz', 'c_pe_atom', 'c_ke_atom', 'c_coord']
09:52:38  INFO     Loaded 473344 atoms, timestep=1485, time=1.4850 ps from dump.ballistic_ac_15kev.sp3_40.1485
09:52:39  INFO       [56/78] step 1485   1.7s (sp3=38.7% disp=155)
09:52:39  INFO     Detected columns: ['id', 'type', 'x', 'y', 'z', 'vx', 'vy', 'vz', 'c_pe_atom', 'c_ke_atom', 'c_coord']
09:52:40  INFO     Loaded 473344 atoms, timestep=1512, time=1.5120 ps from dump.ballistic_ac_15kev.sp3_40.1512
09:52:40  INFO       [57/78] step 1512   1.9s (sp3=38.7% disp=147)
09:52:41  INFO     Detected columns: ['id', 'type', 'x', 'y', 'z', 'vx', 'vy', 'vz', 'c_pe_atom', 'c_ke_atom', 'c_coord']
09:52:42  INFO     Loaded 473344 atoms, timestep=1539, time=1.5390 ps from dump.ballistic_ac_15kev.sp3_40.1539
09:52:42  INFO       [58/78] step 1539   1.7s (sp3=38.7% disp=43)
09:52:42  INFO     Detected columns: ['id', 'type', 'x', 'y', 'z', 'vx', 'vy', 'vz', 'c_pe_atom', 'c_ke_atom', 'c_coord']
09:52:44  INFO     Loaded 473344 atoms, timestep=1566, time=1.5660 ps from dump.ballistic_ac_15kev.sp3_40.1566
09:52:44  INFO       [59/78] step 1566   1.9s (sp3=38.7% disp=36)
09:52:44  INFO     Detected columns: ['id', 'type', 'x', 'y', 'z', 'vx', 'vy', 'vz', 'c_pe_atom', 'c_ke_atom', 'c_coord']
09:52:46  INFO     Loaded 473344 atoms, timestep=1593, time=1.5930 ps from dump.ballistic_ac_15kev.sp3_40.1593
09:52:46  INFO       [60/78] step 1593   1.8s (sp3=38.7% disp=37)
09:52:46  INFO     Detected columns: ['id', 'type', 'x', 'y', 'z', 'vx', 'vy', 'vz', 'c_pe_atom', 'c_ke_atom', 'c_coord']
09:52:47  INFO     Loaded 473344 atoms, timestep=1620, time=1.6200 ps from dump.ballistic_ac_15kev.sp3_40.1620
09:52:48  INFO       [61/78] step 1620   1.6s (sp3=38.7% disp=127)
09:52:48  INFO     Detected columns: ['id', 'type', 'x', 'y', 'z', 'vx', 'vy', 'vz', 'c_pe_atom', 'c_ke_atom', 'c_coord']
09:52:49  INFO     Loaded 473344 atoms, timestep=1647, time=1.6470 ps from dump.ballistic_ac_15kev.sp3_40.1647
09:52:49  INFO       [62/78] step 1647   1.8s (sp3=38.7% disp=30)
09:52:50  INFO     Detected columns: ['id', 'type', 'x', 'y', 'z', 'vx', 'vy', 'vz', 'c_pe_atom', 'c_ke_atom', 'c_coord']
09:52:51  INFO     Loaded 473344 atoms, timestep=1674, time=1.6740 ps from dump.ballistic_ac_15kev.sp3_40.1674
09:52:51  INFO       [63/78] step 1674   1.7s (sp3=38.7% disp=96)
09:52:51  INFO     Detected columns: ['id', 'type', 'x', 'y', 'z', 'vx', 'vy', 'vz', 'c_pe_atom', 'c_ke_atom', 'c_coord']
09:52:53  INFO     Loaded 473344 atoms, timestep=1701, time=1.7010 ps from dump.ballistic_ac_15kev.sp3_40.1701
09:52:53  INFO       [64/78] step 1701   1.9s (sp3=38.7% disp=92)
09:52:53  INFO     Detected columns: ['id', 'type', 'x', 'y', 'z', 'vx', 'vy', 'vz', 'c_pe_atom', 'c_ke_atom', 'c_coord']
09:52:55  INFO     Loaded 473344 atoms, timestep=1728, time=1.7280 ps from dump.ballistic_ac_15kev.sp3_40.1728
09:52:55  INFO       [65/78] step 1728   1.8s (sp3=38.7% disp=166)
09:52:55  INFO     Detected columns: ['id', 'type', 'x', 'y', 'z', 'vx', 'vy', 'vz', 'c_pe_atom', 'c_ke_atom', 'c_coord']
09:52:56  INFO     Loaded 473344 atoms, timestep=1755, time=1.7550 ps from dump.ballistic_ac_15kev.sp3_40.1755
09:52:57  INFO       [66/78] step 1755   1.9s (sp3=38.6% disp=71)
09:52:57  INFO     Detected columns: ['id', 'type', 'x', 'y', 'z', 'vx', 'vy', 'vz', 'c_pe_atom', 'c_ke_atom', 'c_coord']
09:52:58  INFO     Loaded 473344 atoms, timestep=1782, time=1.7820 ps from dump.ballistic_ac_15kev.sp3_40.1782
09:52:58  INFO       [67/78] step 1782   1.8s (sp3=38.7% disp=81)
09:52:59  INFO     Detected columns: ['id', 'type', 'x', 'y', 'z', 'vx', 'vy', 'vz', 'c_pe_atom', 'c_ke_atom', 'c_coord']
09:53:00  INFO     Loaded 473344 atoms, timestep=1809, time=1.8090 ps from dump.ballistic_ac_15kev.sp3_40.1809
09:53:00  INFO       [68/78] step 1809   1.7s (sp3=38.7% disp=6)
09:53:00  INFO     Detected columns: ['id', 'type', 'x', 'y', 'z', 'vx', 'vy', 'vz', 'c_pe_atom', 'c_ke_atom', 'c_coord']
09:53:02  INFO     Loaded 473344 atoms, timestep=1836, time=1.8360 ps from dump.ballistic_ac_15kev.sp3_40.1836
09:53:02  INFO       [69/78] step 1836   1.8s (sp3=38.6% disp=6)
09:53:02  INFO     Detected columns: ['id', 'type', 'x', 'y', 'z', 'vx', 'vy', 'vz', 'c_pe_atom', 'c_ke_atom', 'c_coord']
09:53:04  INFO     Loaded 473344 atoms, timestep=1863, time=1.8630 ps from dump.ballistic_ac_15kev.sp3_40.1863
09:53:04  INFO       [70/78] step 1863   1.7s (sp3=38.7% disp=32)
09:53:04  INFO     Detected columns: ['id', 'type', 'x', 'y', 'z', 'vx', 'vy', 'vz', 'c_pe_atom', 'c_ke_atom', 'c_coord']
09:53:05  INFO     Loaded 473344 atoms, timestep=1890, time=1.8900 ps from dump.ballistic_ac_15kev.sp3_40.1890
09:53:06  INFO       [71/78] step 1890   1.9s (sp3=38.7% disp=33)
09:53:06  INFO     Detected columns: ['id', 'type', 'x', 'y', 'z', 'vx', 'vy', 'vz', 'c_pe_atom', 'c_ke_atom', 'c_coord']
09:53:07  INFO     Loaded 473344 atoms, timestep=1917, time=1.9170 ps from dump.ballistic_ac_15kev.sp3_40.1917
09:53:07  INFO       [72/78] step 1917   1.6s (sp3=38.7% disp=32)
09:53:07  INFO     Detected columns: ['id', 'type', 'x', 'y', 'z', 'vx', 'vy', 'vz', 'c_pe_atom', 'c_ke_atom', 'c_coord']
09:53:09  INFO     Loaded 473344 atoms, timestep=1944, time=1.9440 ps from dump.ballistic_ac_15kev.sp3_40.1944
09:53:09  INFO       [73/78] step 1944   1.8s (sp3=38.7% disp=30)
09:53:09  INFO     Detected columns: ['id', 'type', 'x', 'y', 'z', 'vx', 'vy', 'vz', 'c_pe_atom', 'c_ke_atom', 'c_coord']
09:53:11  INFO     Loaded 473344 atoms, timestep=1971, time=1.9710 ps from dump.ballistic_ac_15kev.sp3_40.1971
09:53:11  INFO       [74/78] step 1971   1.7s (sp3=38.7% disp=31)
09:53:11  INFO     Detected columns: ['id', 'type', 'x', 'y', 'z', 'vx', 'vy', 'vz', 'c_pe_atom', 'c_ke_atom', 'c_coord']
09:53:12  INFO     Loaded 473344 atoms, timestep=1998, time=1.9980 ps from dump.ballistic_ac_15kev.sp3_40.1998
09:53:12  INFO       [75/78] step 1998   1.8s (sp3=38.7% disp=33)
09:53:13  INFO     Detected columns: ['id', 'type', 'x', 'y', 'z', 'vx', 'vy', 'vz', 'c_pe_atom', 'c_ke_atom', 'c_coord']
09:53:14  INFO     Loaded 473344 atoms, timestep=2040, time=2.0400 ps from dump.ballistic_ac_15kev.sp3_40.2040
09:53:14  INFO       [76/78] step 2040   1.7s (sp3=38.7% disp=33)
09:53:14  INFO     Detected columns: ['id', 'type', 'x', 'y', 'z', 'vx', 'vy', 'vz', 'c_pe_atom', 'c_ke_atom', 'c_coord']
09:53:16  INFO     Loaded 473344 atoms, timestep=2160, time=2.1600 ps from dump.ballistic_ac_15kev.sp3_40.2160
09:53:16  INFO       [77/78] step 2160   1.9s (sp3=38.7% disp=31)
09:53:16  INFO     Detected columns: ['id', 'type', 'x', 'y', 'z', 'vx', 'vy', 'vz', 'c_pe_atom', 'c_ke_atom', 'c_coord']
09:53:18  INFO     Loaded 473344 atoms, timestep=2280, time=2.2800 ps from dump.ballistic_ac_15kev.sp3_40.2280
09:53:18  INFO       [78/78] step 2280   1.8s (sp3=38.7% disp=30)
09:53:26  INFO     Detected columns: ['id', 'type', 'x', 'y', 'z', 'vx', 'vy', 'vz', 'c_pe_atom', 'c_ke_atom', 'c_coord']
09:53:27  INFO     Loaded 473344 atoms, timestep=1728, time=1.7280 ps from dump.ballistic_ac_15kev.sp3_40.1728
  Saved: /home/santi/Documentos/RDF/output/energy_sweep_18_05/E15_sp3_40/displacement_kinetics.png
  Saved: /home/santi/Documentos/RDF/output/energy_sweep_18_05/E15_sp3_40/displacement_kinetics.pdf
  Saved: /home/santi/Documentos/RDF/output/energy_sweep_18_05/E15_sp3_40/hybridization_kinetics.png
  Saved: /home/santi/Documentos/RDF/output/energy_sweep_18_05/E15_sp3_40/hybridization_kinetics.pdf
  Saved: /home/santi/Documentos/RDF/output/energy_sweep_18_05/E15_sp3_40/rdf_keyframes.png
  Saved: /home/santi/Documentos/RDF/output/energy_sweep_18_05/E15_sp3_40/rdf_keyframes.pdf
  Saved: /home/santi/Documentos/RDF/output/energy_sweep_18_05/E15_sp3_40/adf_keyframes.png
  Saved: /home/santi/Documentos/RDF/output/energy_sweep_18_05/E15_sp3_40/adf_keyframes.pdf
  Saved: /home/santi/Documentos/RDF/output/energy_sweep_18_05/E15_sp3_40/sk_keyframes.png
  Saved: /home/santi/Documentos/RDF/output/energy_sweep_18_05/E15_sp3_40/sk_keyframes.pdf
09:53:44  INFO     === 20 keV / sp3 40 : 80 frames ===
09:53:44  INFO     Detected columns: ['id', 'type', 'x', 'y', 'z', 'vx', 'vy', 'vz', 'c_pe_atom', 'c_ke_atom', 'c_coord']
09:53:45  INFO     Loaded 473344 atoms, timestep=0, time=0.0000 ps from dump.ballistic_ac_20kev.sp3_40.0
09:53:46  INFO       [ 1/80] step 0      1.7s (sp3=38.7% disp=0)
09:53:46  INFO     Detected columns: ['id', 'type', 'x', 'y', 'z', 'vx', 'vy', 'vz', 'c_pe_atom', 'c_ke_atom', 'c_coord']
09:53:47  INFO     Loaded 473344 atoms, timestep=27, time=0.0270 ps from dump.ballistic_ac_20kev.sp3_40.27
09:53:47  INFO       [ 2/80] step 27     1.9s (sp3=38.7% disp=1)
09:53:48  INFO     Detected columns: ['id', 'type', 'x', 'y', 'z', 'vx', 'vy', 'vz', 'c_pe_atom', 'c_ke_atom', 'c_coord']
09:53:49  INFO     Loaded 473344 atoms, timestep=54, time=0.0540 ps from dump.ballistic_ac_20kev.sp3_40.54
09:53:49  INFO       [ 3/80] step 54     1.8s (sp3=38.7% disp=2)
09:53:49  INFO     Detected columns: ['id', 'type', 'x', 'y', 'z', 'vx', 'vy', 'vz', 'c_pe_atom', 'c_ke_atom', 'c_coord']
09:53:51  INFO     Loaded 473344 atoms, timestep=81, time=0.0810 ps from dump.ballistic_ac_20kev.sp3_40.81
09:53:51  INFO       [ 4/80] step 81     2.0s (sp3=38.7% disp=2)
09:53:51  INFO     Detected columns: ['id', 'type', 'x', 'y', 'z', 'vx', 'vy', 'vz', 'c_pe_atom', 'c_ke_atom', 'c_coord']
09:53:53  INFO     Loaded 473344 atoms, timestep=108, time=0.1080 ps from dump.ballistic_ac_20kev.sp3_40.108
09:53:53  INFO       [ 5/80] step 108    1.6s (sp3=38.7% disp=2)
09:53:53  INFO     Detected columns: ['id', 'type', 'x', 'y', 'z', 'vx', 'vy', 'vz', 'c_pe_atom', 'c_ke_atom', 'c_coord']
09:53:55  INFO     Loaded 473344 atoms, timestep=135, time=0.1350 ps from dump.ballistic_ac_20kev.sp3_40.135
09:53:55  INFO       [ 6/80] step 135    1.9s (sp3=38.7% disp=2)
09:53:55  INFO     Detected columns: ['id', 'type', 'x', 'y', 'z', 'vx', 'vy', 'vz', 'c_pe_atom', 'c_ke_atom', 'c_coord']
09:53:56  INFO     Loaded 473344 atoms, timestep=162, time=0.1620 ps from dump.ballistic_ac_20kev.sp3_40.162
09:53:56  INFO       [ 7/80] step 162    1.7s (sp3=38.7% disp=2)
09:53:57  INFO     Detected columns: ['id', 'type', 'x', 'y', 'z', 'vx', 'vy', 'vz', 'c_pe_atom', 'c_ke_atom', 'c_coord']
09:53:58  INFO     Loaded 473344 atoms, timestep=189, time=0.1890 ps from dump.ballistic_ac_20kev.sp3_40.189
09:53:58  INFO       [ 8/80] step 189    1.9s (sp3=38.7% disp=2)
09:53:58  INFO     Detected columns: ['id', 'type', 'x', 'y', 'z', 'vx', 'vy', 'vz', 'c_pe_atom', 'c_ke_atom', 'c_coord']
09:54:00  INFO     Loaded 473344 atoms, timestep=216, time=0.2160 ps from dump.ballistic_ac_20kev.sp3_40.216
09:54:00  INFO       [ 9/80] step 216    1.8s (sp3=38.7% disp=2)
09:54:00  INFO     Detected columns: ['id', 'type', 'x', 'y', 'z', 'vx', 'vy', 'vz', 'c_pe_atom', 'c_ke_atom', 'c_coord']
09:54:02  INFO     Loaded 473344 atoms, timestep=243, time=0.2430 ps from dump.ballistic_ac_20kev.sp3_40.243
09:54:02  INFO       [10/80] step 243    2.0s (sp3=38.7% disp=2)
09:54:02  INFO     Detected columns: ['id', 'type', 'x', 'y', 'z', 'vx', 'vy', 'vz', 'c_pe_atom', 'c_ke_atom', 'c_coord']
09:54:04  INFO     Loaded 473344 atoms, timestep=270, time=0.2700 ps from dump.ballistic_ac_20kev.sp3_40.270
09:54:04  INFO       [11/80] step 270    1.6s (sp3=38.7% disp=2)
09:54:04  INFO     Detected columns: ['id', 'type', 'x', 'y', 'z', 'vx', 'vy', 'vz', 'c_pe_atom', 'c_ke_atom', 'c_coord']
09:54:05  INFO     Loaded 473344 atoms, timestep=297, time=0.2970 ps from dump.ballistic_ac_20kev.sp3_40.297
09:54:05  INFO       [12/80] step 297    1.8s (sp3=38.7% disp=2)
09:54:06  INFO     Detected columns: ['id', 'type', 'x', 'y', 'z', 'vx', 'vy', 'vz', 'c_pe_atom', 'c_ke_atom', 'c_coord']
09:54:07  INFO     Loaded 473344 atoms, timestep=324, time=0.3240 ps from dump.ballistic_ac_20kev.sp3_40.324
09:54:07  INFO       [13/80] step 324    1.7s (sp3=38.7% disp=5)
09:54:07  INFO     Detected columns: ['id', 'type', 'x', 'y', 'z', 'vx', 'vy', 'vz', 'c_pe_atom', 'c_ke_atom', 'c_coord']
09:54:09  INFO     Loaded 473344 atoms, timestep=351, time=0.3510 ps from dump.ballistic_ac_20kev.sp3_40.351
09:54:09  INFO       [14/80] step 351    1.9s (sp3=38.7% disp=5)
09:54:09  INFO     Detected columns: ['id', 'type', 'x', 'y', 'z', 'vx', 'vy', 'vz', 'c_pe_atom', 'c_ke_atom', 'c_coord']
09:54:11  INFO     Loaded 473344 atoms, timestep=378, time=0.3780 ps from dump.ballistic_ac_20kev.sp3_40.378
09:54:11  INFO       [15/80] step 378    1.8s (sp3=38.7% disp=6)
09:54:11  INFO     Detected columns: ['id', 'type', 'x', 'y', 'z', 'vx', 'vy', 'vz', 'c_pe_atom', 'c_ke_atom', 'c_coord']
09:54:12  INFO     Loaded 473344 atoms, timestep=405, time=0.4050 ps from dump.ballistic_ac_20kev.sp3_40.405
09:54:13  INFO       [16/80] step 405    1.7s (sp3=38.7% disp=6)
09:54:13  INFO     Detected columns: ['id', 'type', 'x', 'y', 'z', 'vx', 'vy', 'vz', 'c_pe_atom', 'c_ke_atom', 'c_coord']
09:54:14  INFO     Loaded 473344 atoms, timestep=432, time=0.4320 ps from dump.ballistic_ac_20kev.sp3_40.432
09:54:14  INFO       [17/80] step 432    1.8s (sp3=38.7% disp=6)
09:54:14  INFO     Detected columns: ['id', 'type', 'x', 'y', 'z', 'vx', 'vy', 'vz', 'c_pe_atom', 'c_ke_atom', 'c_coord']
09:54:16  INFO     Loaded 473344 atoms, timestep=459, time=0.4590 ps from dump.ballistic_ac_20kev.sp3_40.459
09:54:16  INFO       [18/80] step 459    1.7s (sp3=38.7% disp=7)
09:54:16  INFO     Detected columns: ['id', 'type', 'x', 'y', 'z', 'vx', 'vy', 'vz', 'c_pe_atom', 'c_ke_atom', 'c_coord']
09:54:18  INFO     Loaded 473344 atoms, timestep=486, time=0.4860 ps from dump.ballistic_ac_20kev.sp3_40.486
09:54:18  INFO       [19/80] step 486    1.8s (sp3=38.7% disp=8)
09:54:18  INFO     Detected columns: ['id', 'type', 'x', 'y', 'z', 'vx', 'vy', 'vz', 'c_pe_atom', 'c_ke_atom', 'c_coord']
09:54:19  INFO     Loaded 473344 atoms, timestep=513, time=0.5130 ps from dump.ballistic_ac_20kev.sp3_40.513
09:54:20  INFO       [20/80] step 513    1.7s (sp3=38.7% disp=8)
09:54:20  INFO     Detected columns: ['id', 'type', 'x', 'y', 'z', 'vx', 'vy', 'vz', 'c_pe_atom', 'c_ke_atom', 'c_coord']
09:54:21  INFO     Loaded 473344 atoms, timestep=540, time=0.5400 ps from dump.ballistic_ac_20kev.sp3_40.540
09:54:21  INFO       [21/80] step 540    1.8s (sp3=38.7% disp=9)
09:54:22  INFO     Detected columns: ['id', 'type', 'x', 'y', 'z', 'vx', 'vy', 'vz', 'c_pe_atom', 'c_ke_atom', 'c_coord']
09:54:23  INFO     Loaded 473344 atoms, timestep=567, time=0.5670 ps from dump.ballistic_ac_20kev.sp3_40.567
09:54:23  INFO       [22/80] step 567    1.7s (sp3=38.7% disp=9)
09:54:23  INFO     Detected columns: ['id', 'type', 'x', 'y', 'z', 'vx', 'vy', 'vz', 'c_pe_atom', 'c_ke_atom', 'c_coord']
09:54:25  INFO     Loaded 473344 atoms, timestep=594, time=0.5940 ps from dump.ballistic_ac_20kev.sp3_40.594
09:54:25  INFO       [23/80] step 594    1.9s (sp3=38.7% disp=9)
09:54:25  INFO     Detected columns: ['id', 'type', 'x', 'y', 'z', 'vx', 'vy', 'vz', 'c_pe_atom', 'c_ke_atom', 'c_coord']
09:54:27  INFO     Loaded 473344 atoms, timestep=621, time=0.6210 ps from dump.ballistic_ac_20kev.sp3_40.621
09:54:27  INFO       [24/80] step 621    1.8s (sp3=38.7% disp=9)
09:54:27  INFO     Detected columns: ['id', 'type', 'x', 'y', 'z', 'vx', 'vy', 'vz', 'c_pe_atom', 'c_ke_atom', 'c_coord']
09:54:28  INFO     Loaded 473344 atoms, timestep=648, time=0.6480 ps from dump.ballistic_ac_20kev.sp3_40.648
09:54:29  INFO       [25/80] step 648    1.7s (sp3=38.7% disp=10)
09:54:29  INFO     Detected columns: ['id', 'type', 'x', 'y', 'z', 'vx', 'vy', 'vz', 'c_pe_atom', 'c_ke_atom', 'c_coord']
09:54:30  INFO     Loaded 473344 atoms, timestep=675, time=0.6750 ps from dump.ballistic_ac_20kev.sp3_40.675
09:54:30  INFO       [26/80] step 675    1.9s (sp3=38.7% disp=10)
09:54:31  INFO     Detected columns: ['id', 'type', 'x', 'y', 'z', 'vx', 'vy', 'vz', 'c_pe_atom', 'c_ke_atom', 'c_coord']
09:54:32  INFO     Loaded 473344 atoms, timestep=702, time=0.7020 ps from dump.ballistic_ac_20kev.sp3_40.702
09:54:32  INFO       [27/80] step 702    1.9s (sp3=38.7% disp=9)
09:54:33  INFO     Detected columns: ['id', 'type', 'x', 'y', 'z', 'vx', 'vy', 'vz', 'c_pe_atom', 'c_ke_atom', 'c_coord']
09:54:34  INFO     Loaded 473344 atoms, timestep=729, time=0.7290 ps from dump.ballistic_ac_20kev.sp3_40.729
09:54:34  INFO       [28/80] step 729    1.8s (sp3=38.7% disp=7)
09:54:34  INFO     Detected columns: ['id', 'type', 'x', 'y', 'z', 'vx', 'vy', 'vz', 'c_pe_atom', 'c_ke_atom', 'c_coord']
09:54:36  INFO     Loaded 473344 atoms, timestep=756, time=0.7560 ps from dump.ballistic_ac_20kev.sp3_40.756
09:54:36  INFO       [29/80] step 756    1.6s (sp3=38.7% disp=11)
09:54:36  INFO     Detected columns: ['id', 'type', 'x', 'y', 'z', 'vx', 'vy', 'vz', 'c_pe_atom', 'c_ke_atom', 'c_coord']
09:54:37  INFO     Loaded 473344 atoms, timestep=783, time=0.7830 ps from dump.ballistic_ac_20kev.sp3_40.783
09:54:38  INFO       [30/80] step 783    1.8s (sp3=38.7% disp=11)
09:54:38  INFO     Detected columns: ['id', 'type', 'x', 'y', 'z', 'vx', 'vy', 'vz', 'c_pe_atom', 'c_ke_atom', 'c_coord']
09:54:39  INFO     Loaded 473344 atoms, timestep=810, time=0.8100 ps from dump.ballistic_ac_20kev.sp3_40.810
09:54:39  INFO       [31/80] step 810    1.7s (sp3=38.7% disp=9)
09:54:39  INFO     Detected columns: ['id', 'type', 'x', 'y', 'z', 'vx', 'vy', 'vz', 'c_pe_atom', 'c_ke_atom', 'c_coord']
09:54:41  INFO     Loaded 473344 atoms, timestep=837, time=0.8370 ps from dump.ballistic_ac_20kev.sp3_40.837
09:54:41  INFO       [32/80] step 837    1.8s (sp3=38.7% disp=9)
09:54:41  INFO     Detected columns: ['id', 'type', 'x', 'y', 'z', 'vx', 'vy', 'vz', 'c_pe_atom', 'c_ke_atom', 'c_coord']
09:54:43  INFO     Loaded 473344 atoms, timestep=864, time=0.8640 ps from dump.ballistic_ac_20kev.sp3_40.864
09:54:43  INFO       [33/80] step 864    1.8s (sp3=38.7% disp=9)
09:54:43  INFO     Detected columns: ['id', 'type', 'x', 'y', 'z', 'vx', 'vy', 'vz', 'c_pe_atom', 'c_ke_atom', 'c_coord']
09:54:44  INFO     Loaded 473344 atoms, timestep=891, time=0.8910 ps from dump.ballistic_ac_20kev.sp3_40.891
09:54:45  INFO       [34/80] step 891    1.7s (sp3=38.7% disp=10)
09:54:45  INFO     Detected columns: ['id', 'type', 'x', 'y', 'z', 'vx', 'vy', 'vz', 'c_pe_atom', 'c_ke_atom', 'c_coord']
09:54:46  INFO     Loaded 473344 atoms, timestep=918, time=0.9180 ps from dump.ballistic_ac_20kev.sp3_40.918
09:54:46  INFO       [35/80] step 918    1.9s (sp3=38.7% disp=10)
09:54:47  INFO     Detected columns: ['id', 'type', 'x', 'y', 'z', 'vx', 'vy', 'vz', 'c_pe_atom', 'c_ke_atom', 'c_coord']
09:54:48  INFO     Loaded 473344 atoms, timestep=945, time=0.9450 ps from dump.ballistic_ac_20kev.sp3_40.945
09:54:49  INFO       [36/80] step 945    2.1s (sp3=38.7% disp=10)
09:54:49  INFO     Detected columns: ['id', 'type', 'x', 'y', 'z', 'vx', 'vy', 'vz', 'c_pe_atom', 'c_ke_atom', 'c_coord']
09:54:50  INFO     Loaded 473344 atoms, timestep=972, time=0.9720 ps from dump.ballistic_ac_20kev.sp3_40.972
09:54:50  INFO       [37/80] step 972    1.8s (sp3=38.7% disp=10)
09:54:50  INFO     Detected columns: ['id', 'type', 'x', 'y', 'z', 'vx', 'vy', 'vz', 'c_pe_atom', 'c_ke_atom', 'c_coord']
09:54:52  INFO     Loaded 473344 atoms, timestep=999, time=0.9990 ps from dump.ballistic_ac_20kev.sp3_40.999
09:54:52  INFO       [38/80] step 999    1.7s (sp3=38.7% disp=10)
09:54:52  INFO     Detected columns: ['id', 'type', 'x', 'y', 'z', 'vx', 'vy', 'vz', 'c_pe_atom', 'c_ke_atom', 'c_coord']
09:54:54  INFO     Loaded 473344 atoms, timestep=1026, time=1.0260 ps from dump.ballistic_ac_20kev.sp3_40.1026
09:54:54  INFO       [39/80] step 1026   1.8s (sp3=38.7% disp=10)
09:54:54  INFO     Detected columns: ['id', 'type', 'x', 'y', 'z', 'vx', 'vy', 'vz', 'c_pe_atom', 'c_ke_atom', 'c_coord']
09:54:55  INFO     Loaded 473344 atoms, timestep=1053, time=1.0530 ps from dump.ballistic_ac_20kev.sp3_40.1053
09:54:56  INFO       [40/80] step 1053   1.7s (sp3=38.7% disp=10)
09:54:56  INFO     Detected columns: ['id', 'type', 'x', 'y', 'z', 'vx', 'vy', 'vz', 'c_pe_atom', 'c_ke_atom', 'c_coord']
09:54:57  INFO     Loaded 473344 atoms, timestep=1080, time=1.0800 ps from dump.ballistic_ac_20kev.sp3_40.1080
09:54:58  INFO       [41/80] step 1080   1.9s (sp3=38.7% disp=10)
09:54:58  INFO     Detected columns: ['id', 'type', 'x', 'y', 'z', 'vx', 'vy', 'vz', 'c_pe_atom', 'c_ke_atom', 'c_coord']
09:54:59  INFO     Loaded 473344 atoms, timestep=1107, time=1.1070 ps from dump.ballistic_ac_20kev.sp3_40.1107
09:54:59  INFO       [42/80] step 1107   1.8s (sp3=38.7% disp=10)
09:54:59  INFO     Detected columns: ['id', 'type', 'x', 'y', 'z', 'vx', 'vy', 'vz', 'c_pe_atom', 'c_ke_atom', 'c_coord']
09:55:01  INFO     Loaded 473344 atoms, timestep=1134, time=1.1340 ps from dump.ballistic_ac_20kev.sp3_40.1134
09:55:01  INFO       [43/80] step 1134   1.7s (sp3=38.7% disp=10)
09:55:01  INFO     Detected columns: ['id', 'type', 'x', 'y', 'z', 'vx', 'vy', 'vz', 'c_pe_atom', 'c_ke_atom', 'c_coord']
09:55:03  INFO     Loaded 473344 atoms, timestep=1161, time=1.1610 ps from dump.ballistic_ac_20kev.sp3_40.1161
09:55:03  INFO       [44/80] step 1161   1.9s (sp3=38.7% disp=11)
09:55:03  INFO     Detected columns: ['id', 'type', 'x', 'y', 'z', 'vx', 'vy', 'vz', 'c_pe_atom', 'c_ke_atom', 'c_coord']
09:55:05  INFO     Loaded 473344 atoms, timestep=1188, time=1.1880 ps from dump.ballistic_ac_20kev.sp3_40.1188
09:55:05  INFO       [45/80] step 1188   1.8s (sp3=38.7% disp=12)
09:55:05  INFO     Detected columns: ['id', 'type', 'x', 'y', 'z', 'vx', 'vy', 'vz', 'c_pe_atom', 'c_ke_atom', 'c_coord']
09:55:07  INFO     Loaded 473344 atoms, timestep=1215, time=1.2150 ps from dump.ballistic_ac_20kev.sp3_40.1215
09:55:07  INFO       [46/80] step 1215   1.9s (sp3=38.7% disp=12)
09:55:07  INFO     Detected columns: ['id', 'type', 'x', 'y', 'z', 'vx', 'vy', 'vz', 'c_pe_atom', 'c_ke_atom', 'c_coord']
09:55:08  INFO     Loaded 473344 atoms, timestep=1242, time=1.2420 ps from dump.ballistic_ac_20kev.sp3_40.1242
09:55:08  INFO       [47/80] step 1242   1.5s (sp3=38.7% disp=12)
09:55:08  INFO     Detected columns: ['id', 'type', 'x', 'y', 'z', 'vx', 'vy', 'vz', 'c_pe_atom', 'c_ke_atom', 'c_coord']
09:55:10  INFO     Loaded 473344 atoms, timestep=1269, time=1.2690 ps from dump.ballistic_ac_20kev.sp3_40.1269
09:55:10  INFO       [48/80] step 1269   1.8s (sp3=38.7% disp=16)
09:55:10  INFO     Detected columns: ['id', 'type', 'x', 'y', 'z', 'vx', 'vy', 'vz', 'c_pe_atom', 'c_ke_atom', 'c_coord']
09:55:12  INFO     Loaded 473344 atoms, timestep=1296, time=1.2960 ps from dump.ballistic_ac_20kev.sp3_40.1296
09:55:12  INFO       [49/80] step 1296   1.7s (sp3=38.7% disp=15)
09:55:12  INFO     Detected columns: ['id', 'type', 'x', 'y', 'z', 'vx', 'vy', 'vz', 'c_pe_atom', 'c_ke_atom', 'c_coord']
09:55:13  INFO     Loaded 473344 atoms, timestep=1323, time=1.3230 ps from dump.ballistic_ac_20kev.sp3_40.1323
09:55:14  INFO       [50/80] step 1323   1.9s (sp3=38.7% disp=14)
09:55:14  INFO     Detected columns: ['id', 'type', 'x', 'y', 'z', 'vx', 'vy', 'vz', 'c_pe_atom', 'c_ke_atom', 'c_coord']
09:55:15  INFO     Loaded 473344 atoms, timestep=1350, time=1.3500 ps from dump.ballistic_ac_20kev.sp3_40.1350
09:55:15  INFO       [51/80] step 1350   1.7s (sp3=38.7% disp=19)
09:55:15  INFO     Detected columns: ['id', 'type', 'x', 'y', 'z', 'vx', 'vy', 'vz', 'c_pe_atom', 'c_ke_atom', 'c_coord']
09:55:17  INFO     Loaded 473344 atoms, timestep=1377, time=1.3770 ps from dump.ballistic_ac_20kev.sp3_40.1377
09:55:17  INFO       [52/80] step 1377   1.7s (sp3=38.7% disp=30)
09:55:17  INFO     Detected columns: ['id', 'type', 'x', 'y', 'z', 'vx', 'vy', 'vz', 'c_pe_atom', 'c_ke_atom', 'c_coord']
09:55:19  INFO     Loaded 473344 atoms, timestep=1404, time=1.4040 ps from dump.ballistic_ac_20kev.sp3_40.1404
09:55:19  INFO       [53/80] step 1404   1.8s (sp3=38.7% disp=22)
09:55:19  INFO     Detected columns: ['id', 'type', 'x', 'y', 'z', 'vx', 'vy', 'vz', 'c_pe_atom', 'c_ke_atom', 'c_coord']
09:55:20  INFO     Loaded 473344 atoms, timestep=1431, time=1.4310 ps from dump.ballistic_ac_20kev.sp3_40.1431
09:55:20  INFO       [54/80] step 1431   1.7s (sp3=38.7% disp=34)
09:55:21  INFO     Detected columns: ['id', 'type', 'x', 'y', 'z', 'vx', 'vy', 'vz', 'c_pe_atom', 'c_ke_atom', 'c_coord']
09:55:22  INFO     Loaded 473344 atoms, timestep=1458, time=1.4580 ps from dump.ballistic_ac_20kev.sp3_40.1458
09:55:22  INFO       [55/80] step 1458   1.8s (sp3=38.7% disp=17)
09:55:22  INFO     Detected columns: ['id', 'type', 'x', 'y', 'z', 'vx', 'vy', 'vz', 'c_pe_atom', 'c_ke_atom', 'c_coord']
09:55:24  INFO     Loaded 473344 atoms, timestep=1485, time=1.4850 ps from dump.ballistic_ac_20kev.sp3_40.1485
09:55:24  INFO       [56/80] step 1485   1.7s (sp3=38.7% disp=27)
09:55:24  INFO     Detected columns: ['id', 'type', 'x', 'y', 'z', 'vx', 'vy', 'vz', 'c_pe_atom', 'c_ke_atom', 'c_coord']
09:55:26  INFO     Loaded 473344 atoms, timestep=1512, time=1.5120 ps from dump.ballistic_ac_20kev.sp3_40.1512
09:55:26  INFO       [57/80] step 1512   1.8s (sp3=38.7% disp=22)
09:55:26  INFO     Detected columns: ['id', 'type', 'x', 'y', 'z', 'vx', 'vy', 'vz', 'c_pe_atom', 'c_ke_atom', 'c_coord']
09:55:27  INFO     Loaded 473344 atoms, timestep=1539, time=1.5390 ps from dump.ballistic_ac_20kev.sp3_40.1539
09:55:27  INFO       [58/80] step 1539   1.7s (sp3=38.7% disp=26)
09:55:28  INFO     Detected columns: ['id', 'type', 'x', 'y', 'z', 'vx', 'vy', 'vz', 'c_pe_atom', 'c_ke_atom', 'c_coord']
09:55:29  INFO     Loaded 473344 atoms, timestep=1566, time=1.5660 ps from dump.ballistic_ac_20kev.sp3_40.1566
09:55:29  INFO       [59/80] step 1566   1.9s (sp3=38.7% disp=21)
09:55:30  INFO     Detected columns: ['id', 'type', 'x', 'y', 'z', 'vx', 'vy', 'vz', 'c_pe_atom', 'c_ke_atom', 'c_coord']
09:55:31  INFO     Loaded 473344 atoms, timestep=1593, time=1.5930 ps from dump.ballistic_ac_20kev.sp3_40.1593
09:55:31  INFO       [60/80] step 1593   1.8s (sp3=38.7% disp=30)
09:55:31  INFO     Detected columns: ['id', 'type', 'x', 'y', 'z', 'vx', 'vy', 'vz', 'c_pe_atom', 'c_ke_atom', 'c_coord']
09:55:33  INFO     Loaded 473344 atoms, timestep=1620, time=1.6200 ps from dump.ballistic_ac_20kev.sp3_40.1620
09:55:33  INFO       [61/80] step 1620   1.7s (sp3=38.7% disp=30)
09:55:33  INFO     Detected columns: ['id', 'type', 'x', 'y', 'z', 'vx', 'vy', 'vz', 'c_pe_atom', 'c_ke_atom', 'c_coord']
09:55:35  INFO     Loaded 473344 atoms, timestep=1647, time=1.6470 ps from dump.ballistic_ac_20kev.sp3_40.1647
09:55:35  INFO       [62/80] step 1647   1.9s (sp3=38.7% disp=30)
09:55:35  INFO     Detected columns: ['id', 'type', 'x', 'y', 'z', 'vx', 'vy', 'vz', 'c_pe_atom', 'c_ke_atom', 'c_coord']
09:55:37  INFO     Loaded 473344 atoms, timestep=1674, time=1.6740 ps from dump.ballistic_ac_20kev.sp3_40.1674
09:55:37  INFO       [63/80] step 1674   1.8s (sp3=38.7% disp=24)
09:55:37  INFO     Detected columns: ['id', 'type', 'x', 'y', 'z', 'vx', 'vy', 'vz', 'c_pe_atom', 'c_ke_atom', 'c_coord']
09:55:38  INFO     Loaded 473344 atoms, timestep=1701, time=1.7010 ps from dump.ballistic_ac_20kev.sp3_40.1701
09:55:38  INFO       [64/80] step 1701   1.8s (sp3=38.7% disp=24)
09:55:39  INFO     Detected columns: ['id', 'type', 'x', 'y', 'z', 'vx', 'vy', 'vz', 'c_pe_atom', 'c_ke_atom', 'c_coord']
09:55:40  INFO     Loaded 473344 atoms, timestep=1728, time=1.7280 ps from dump.ballistic_ac_20kev.sp3_40.1728
09:55:40  INFO       [65/80] step 1728   1.5s (sp3=38.7% disp=26)
09:55:40  INFO     Detected columns: ['id', 'type', 'x', 'y', 'z', 'vx', 'vy', 'vz', 'c_pe_atom', 'c_ke_atom', 'c_coord']
09:55:42  INFO     Loaded 473344 atoms, timestep=1755, time=1.7550 ps from dump.ballistic_ac_20kev.sp3_40.1755
09:55:42  INFO       [66/80] step 1755   1.8s (sp3=38.7% disp=70)
09:55:42  INFO     Detected columns: ['id', 'type', 'x', 'y', 'z', 'vx', 'vy', 'vz', 'c_pe_atom', 'c_ke_atom', 'c_coord']
09:55:43  INFO     Loaded 473344 atoms, timestep=1782, time=1.7820 ps from dump.ballistic_ac_20kev.sp3_40.1782
09:55:44  INFO       [67/80] step 1782   1.7s (sp3=38.7% disp=65)
09:55:44  INFO     Detected columns: ['id', 'type', 'x', 'y', 'z', 'vx', 'vy', 'vz', 'c_pe_atom', 'c_ke_atom', 'c_coord']
09:55:45  INFO     Loaded 473344 atoms, timestep=1809, time=1.8090 ps from dump.ballistic_ac_20kev.sp3_40.1809
09:55:46  INFO       [68/80] step 1809   2.0s (sp3=38.7% disp=26)
09:55:46  INFO     Detected columns: ['id', 'type', 'x', 'y', 'z', 'vx', 'vy', 'vz', 'c_pe_atom', 'c_ke_atom', 'c_coord']
09:55:47  INFO     Loaded 473344 atoms, timestep=1836, time=1.8360 ps from dump.ballistic_ac_20kev.sp3_40.1836
09:55:47  INFO       [69/80] step 1836   1.7s (sp3=38.7% disp=66)
09:55:47  INFO     Detected columns: ['id', 'type', 'x', 'y', 'z', 'vx', 'vy', 'vz', 'c_pe_atom', 'c_ke_atom', 'c_coord']
09:55:49  INFO     Loaded 473344 atoms, timestep=1863, time=1.8630 ps from dump.ballistic_ac_20kev.sp3_40.1863
09:55:49  INFO       [70/80] step 1863   1.7s (sp3=38.7% disp=28)
09:55:49  INFO     Detected columns: ['id', 'type', 'x', 'y', 'z', 'vx', 'vy', 'vz', 'c_pe_atom', 'c_ke_atom', 'c_coord']
09:55:51  INFO     Loaded 473344 atoms, timestep=1890, time=1.8900 ps from dump.ballistic_ac_20kev.sp3_40.1890
09:55:51  INFO       [71/80] step 1890   1.8s (sp3=38.7% disp=28)
09:55:51  INFO     Detected columns: ['id', 'type', 'x', 'y', 'z', 'vx', 'vy', 'vz', 'c_pe_atom', 'c_ke_atom', 'c_coord']
09:55:52  INFO     Loaded 473344 atoms, timestep=1917, time=1.9170 ps from dump.ballistic_ac_20kev.sp3_40.1917
09:55:52  INFO       [72/80] step 1917   1.7s (sp3=38.7% disp=29)
09:55:53  INFO     Detected columns: ['id', 'type', 'x', 'y', 'z', 'vx', 'vy', 'vz', 'c_pe_atom', 'c_ke_atom', 'c_coord']
09:55:54  INFO     Loaded 473344 atoms, timestep=1944, time=1.9440 ps from dump.ballistic_ac_20kev.sp3_40.1944
09:55:54  INFO       [73/80] step 1944   1.8s (sp3=38.7% disp=29)
09:55:54  INFO     Detected columns: ['id', 'type', 'x', 'y', 'z', 'vx', 'vy', 'vz', 'c_pe_atom', 'c_ke_atom', 'c_coord']
09:55:56  INFO     Loaded 473344 atoms, timestep=1971, time=1.9710 ps from dump.ballistic_ac_20kev.sp3_40.1971
09:55:56  INFO       [74/80] step 1971   1.7s (sp3=38.7% disp=28)
09:55:56  INFO     Detected columns: ['id', 'type', 'x', 'y', 'z', 'vx', 'vy', 'vz', 'c_pe_atom', 'c_ke_atom', 'c_coord']
09:55:58  INFO     Loaded 473344 atoms, timestep=1998, time=1.9980 ps from dump.ballistic_ac_20kev.sp3_40.1998
09:55:58  INFO       [75/80] step 1998   1.8s (sp3=38.7% disp=38)
09:55:58  INFO     Detected columns: ['id', 'type', 'x', 'y', 'z', 'vx', 'vy', 'vz', 'c_pe_atom', 'c_ke_atom', 'c_coord']
09:55:59  INFO     Loaded 473344 atoms, timestep=2040, time=2.0400 ps from dump.ballistic_ac_20kev.sp3_40.2040
09:55:59  INFO       [76/80] step 2040   1.7s (sp3=38.7% disp=38)
09:56:00  INFO     Detected columns: ['id', 'type', 'x', 'y', 'z', 'vx', 'vy', 'vz', 'c_pe_atom', 'c_ke_atom', 'c_coord']
09:56:01  INFO     Loaded 473344 atoms, timestep=2160, time=2.1600 ps from dump.ballistic_ac_20kev.sp3_40.2160
09:56:01  INFO       [77/80] step 2160   1.9s (sp3=38.7% disp=38)
09:56:01  INFO     Detected columns: ['id', 'type', 'x', 'y', 'z', 'vx', 'vy', 'vz', 'c_pe_atom', 'c_ke_atom', 'c_coord']
09:56:03  INFO     Loaded 473344 atoms, timestep=2280, time=2.2800 ps from dump.ballistic_ac_20kev.sp3_40.2280
09:56:03  INFO       [78/80] step 2280   1.8s (sp3=38.7% disp=39)
09:56:03  INFO     Detected columns: ['id', 'type', 'x', 'y', 'z', 'vx', 'vy', 'vz', 'c_pe_atom', 'c_ke_atom', 'c_coord']
09:56:05  INFO     Loaded 473344 atoms, timestep=2400, time=2.4000 ps from dump.ballistic_ac_20kev.sp3_40.2400
09:56:05  INFO       [79/80] step 2400   1.8s (sp3=38.7% disp=94)
09:56:05  INFO     Detected columns: ['id', 'type', 'x', 'y', 'z', 'vx', 'vy', 'vz', 'c_pe_atom', 'c_ke_atom', 'c_coord']
09:56:07  INFO     Loaded 473344 atoms, timestep=2520, time=2.5200 ps from dump.ballistic_ac_20kev.sp3_40.2520
09:56:07  INFO       [80/80] step 2520   1.9s (sp3=38.7% disp=101)
  Saved: /home/santi/Documentos/RDF/output/energy_sweep_18_05/E20_sp3_40/displacement_kinetics.png
  Saved: /home/santi/Documentos/RDF/output/energy_sweep_18_05/E20_sp3_40/displacement_kinetics.pdf
  Saved: /home/santi/Documentos/RDF/output/energy_sweep_18_05/E20_sp3_40/hybridization_kinetics.png
  Saved: /home/santi/Documentos/RDF/output/energy_sweep_18_05/E20_sp3_40/hybridization_kinetics.pdf
  Saved: /home/santi/Documentos/RDF/output/energy_sweep_18_05/E20_sp3_40/rdf_keyframes.png
  Saved: /home/santi/Documentos/RDF/output/energy_sweep_18_05/E20_sp3_40/rdf_keyframes.pdf
  Saved: /home/santi/Documentos/RDF/output/energy_sweep_18_05/E20_sp3_40/adf_keyframes.png
  Saved: /home/santi/Documentos/RDF/output/energy_sweep_18_05/E20_sp3_40/adf_keyframes.pdf
  Saved: /home/santi/Documentos/RDF/output/energy_sweep_18_05/E20_sp3_40/sk_keyframes.png
  Saved: /home/santi/Documentos/RDF/output/energy_sweep_18_05/E20_sp3_40/sk_keyframes.pdf
09:56:24  INFO     === 25 keV / sp3 40 : 142 frames ===
09:56:24  INFO     Detected columns: ['id', 'type', 'x', 'y', 'z', 'vx', 'vy', 'vz', 'c_pe_atom', 'c_ke_atom', 'c_coord']
09:56:25  INFO     Loaded 473344 atoms, timestep=0, time=0.0000 ps from dump.ballistic_ac_25kev.sp3_40.0
09:56:25  INFO       [ 1/142] step 0      1.9s (sp3=38.7% disp=0)
09:56:26  INFO     Detected columns: ['id', 'type', 'x', 'y', 'z', 'vx', 'vy', 'vz', 'c_pe_atom', 'c_ke_atom', 'c_coord']
09:56:27  INFO     Loaded 473344 atoms, timestep=27, time=0.0270 ps from dump.ballistic_ac_25kev.sp3_40.27
09:56:27  INFO       [ 2/142] step 27     1.8s (sp3=38.7% disp=1)
09:56:27  INFO     Detected columns: ['id', 'type', 'x', 'y', 'z', 'vx', 'vy', 'vz', 'c_pe_atom', 'c_ke_atom', 'c_coord']
09:56:29  INFO     Loaded 473344 atoms, timestep=54, time=0.0540 ps from dump.ballistic_ac_25kev.sp3_40.54
09:56:29  INFO       [ 3/142] step 54     1.8s (sp3=38.7% disp=2)
09:56:29  INFO     Detected columns: ['id', 'type', 'x', 'y', 'z', 'vx', 'vy', 'vz', 'c_pe_atom', 'c_ke_atom', 'c_coord']
09:56:31  INFO     Loaded 473344 atoms, timestep=81, time=0.0810 ps from dump.ballistic_ac_25kev.sp3_40.81
09:56:31  INFO       [ 4/142] step 81     2.0s (sp3=38.7% disp=2)
09:56:31  INFO     Detected columns: ['id', 'type', 'x', 'y', 'z', 'vx', 'vy', 'vz', 'c_pe_atom', 'c_ke_atom', 'c_coord']
09:56:33  INFO     Loaded 473344 atoms, timestep=108, time=0.1080 ps from dump.ballistic_ac_25kev.sp3_40.108
09:56:33  INFO       [ 5/142] step 108    1.6s (sp3=38.7% disp=2)
09:56:33  INFO     Detected columns: ['id', 'type', 'x', 'y', 'z', 'vx', 'vy', 'vz', 'c_pe_atom', 'c_ke_atom', 'c_coord']
09:56:34  INFO     Loaded 473344 atoms, timestep=135, time=0.1350 ps from dump.ballistic_ac_25kev.sp3_40.135
09:56:35  INFO       [ 6/142] step 135    1.9s (sp3=38.7% disp=2)
09:56:35  INFO     Detected columns: ['id', 'type', 'x', 'y', 'z', 'vx', 'vy', 'vz', 'c_pe_atom', 'c_ke_atom', 'c_coord']
09:56:36  INFO     Loaded 473344 atoms, timestep=162, time=0.1620 ps from dump.ballistic_ac_25kev.sp3_40.162
09:56:36  INFO       [ 7/142] step 162    1.7s (sp3=38.7% disp=2)
09:56:36  INFO     Detected columns: ['id', 'type', 'x', 'y', 'z', 'vx', 'vy', 'vz', 'c_pe_atom', 'c_ke_atom', 'c_coord']
09:56:38  INFO     Loaded 473344 atoms, timestep=189, time=0.1890 ps from dump.ballistic_ac_25kev.sp3_40.189
09:56:38  INFO       [ 8/142] step 189    1.9s (sp3=38.7% disp=2)
09:56:38  INFO     Detected columns: ['id', 'type', 'x', 'y', 'z', 'vx', 'vy', 'vz', 'c_pe_atom', 'c_ke_atom', 'c_coord']
09:56:40  INFO     Loaded 473344 atoms, timestep=216, time=0.2160 ps from dump.ballistic_ac_25kev.sp3_40.216
09:56:40  INFO       [ 9/142] step 216    1.8s (sp3=38.7% disp=2)
09:56:40  INFO     Detected columns: ['id', 'type', 'x', 'y', 'z', 'vx', 'vy', 'vz', 'c_pe_atom', 'c_ke_atom', 'c_coord']
09:56:42  INFO     Loaded 473344 atoms, timestep=243, time=0.2430 ps from dump.ballistic_ac_25kev.sp3_40.243
09:56:42  INFO       [10/142] step 243    1.7s (sp3=38.7% disp=2)
09:56:42  INFO     Detected columns: ['id', 'type', 'x', 'y', 'z', 'vx', 'vy', 'vz', 'c_pe_atom', 'c_ke_atom', 'c_coord']
09:56:43  INFO     Loaded 473344 atoms, timestep=270, time=0.2700 ps from dump.ballistic_ac_25kev.sp3_40.270
09:56:44  INFO       [11/142] step 270    1.8s (sp3=38.7% disp=2)
09:56:44  INFO     Detected columns: ['id', 'type', 'x', 'y', 'z', 'vx', 'vy', 'vz', 'c_pe_atom', 'c_ke_atom', 'c_coord']
09:56:45  INFO     Loaded 473344 atoms, timestep=297, time=0.2970 ps from dump.ballistic_ac_25kev.sp3_40.297
09:56:45  INFO       [12/142] step 297    1.7s (sp3=38.7% disp=2)
09:56:45  INFO     Detected columns: ['id', 'type', 'x', 'y', 'z', 'vx', 'vy', 'vz', 'c_pe_atom', 'c_ke_atom', 'c_coord']
09:56:47  INFO     Loaded 473344 atoms, timestep=324, time=0.3240 ps from dump.ballistic_ac_25kev.sp3_40.324
09:56:47  INFO       [13/142] step 324    1.9s (sp3=38.7% disp=4)
09:56:47  INFO     Detected columns: ['id', 'type', 'x', 'y', 'z', 'vx', 'vy', 'vz', 'c_pe_atom', 'c_ke_atom', 'c_coord']
09:56:49  INFO     Loaded 473344 atoms, timestep=351, time=0.3510 ps from dump.ballistic_ac_25kev.sp3_40.351
09:56:49  INFO       [14/142] step 351    1.7s (sp3=38.7% disp=4)
09:56:49  INFO     Detected columns: ['id', 'type', 'x', 'y', 'z', 'vx', 'vy', 'vz', 'c_pe_atom', 'c_ke_atom', 'c_coord']
09:56:51  INFO     Loaded 473344 atoms, timestep=378, time=0.3780 ps from dump.ballistic_ac_25kev.sp3_40.378
09:56:51  INFO       [15/142] step 378    1.9s (sp3=38.7% disp=5)
09:56:51  INFO     Detected columns: ['id', 'type', 'x', 'y', 'z', 'vx', 'vy', 'vz', 'c_pe_atom', 'c_ke_atom', 'c_coord']
09:56:52  INFO     Loaded 473344 atoms, timestep=405, time=0.4050 ps from dump.ballistic_ac_25kev.sp3_40.405
09:56:53  INFO       [16/142] step 405    1.8s (sp3=38.7% disp=6)
09:56:53  INFO     Detected columns: ['id', 'type', 'x', 'y', 'z', 'vx', 'vy', 'vz', 'c_pe_atom', 'c_ke_atom', 'c_coord']
09:56:54  INFO     Loaded 473344 atoms, timestep=432, time=0.4320 ps from dump.ballistic_ac_25kev.sp3_40.432
09:56:54  INFO       [17/142] step 432    1.7s (sp3=38.7% disp=6)
09:56:54  INFO     Detected columns: ['id', 'type', 'x', 'y', 'z', 'vx', 'vy', 'vz', 'c_pe_atom', 'c_ke_atom', 'c_coord']
09:56:56  INFO     Loaded 473344 atoms, timestep=459, time=0.4590 ps from dump.ballistic_ac_25kev.sp3_40.459
09:56:56  INFO       [18/142] step 459    1.9s (sp3=38.7% disp=6)
09:56:56  INFO     Detected columns: ['id', 'type', 'x', 'y', 'z', 'vx', 'vy', 'vz', 'c_pe_atom', 'c_ke_atom', 'c_coord']
09:56:58  INFO     Loaded 473344 atoms, timestep=486, time=0.4860 ps from dump.ballistic_ac_25kev.sp3_40.486
09:56:58  INFO       [19/142] step 486    1.8s (sp3=38.7% disp=6)
09:56:58  INFO     Detected columns: ['id', 'type', 'x', 'y', 'z', 'vx', 'vy', 'vz', 'c_pe_atom', 'c_ke_atom', 'c_coord']
09:57:00  INFO     Loaded 473344 atoms, timestep=513, time=0.5130 ps from dump.ballistic_ac_25kev.sp3_40.513
09:57:00  INFO       [20/142] step 513    1.9s (sp3=38.7% disp=6)
09:57:00  INFO     Detected columns: ['id', 'type', 'x', 'y', 'z', 'vx', 'vy', 'vz', 'c_pe_atom', 'c_ke_atom', 'c_coord']
09:57:02  INFO     Loaded 473344 atoms, timestep=540, time=0.5400 ps from dump.ballistic_ac_25kev.sp3_40.540
09:57:02  INFO       [21/142] step 540    1.8s (sp3=38.7% disp=7)
09:57:02  INFO     Detected columns: ['id', 'type', 'x', 'y', 'z', 'vx', 'vy', 'vz', 'c_pe_atom', 'c_ke_atom', 'c_coord']
09:57:03  INFO     Loaded 473344 atoms, timestep=567, time=0.5670 ps from dump.ballistic_ac_25kev.sp3_40.567
09:57:03  INFO       [22/142] step 567    1.7s (sp3=38.7% disp=7)
09:57:04  INFO     Detected columns: ['id', 'type', 'x', 'y', 'z', 'vx', 'vy', 'vz', 'c_pe_atom', 'c_ke_atom', 'c_coord']
09:57:05  INFO     Loaded 473344 atoms, timestep=594, time=0.5940 ps from dump.ballistic_ac_25kev.sp3_40.594
09:57:05  INFO       [23/142] step 594    1.9s (sp3=38.7% disp=8)
09:57:05  INFO     Detected columns: ['id', 'type', 'x', 'y', 'z', 'vx', 'vy', 'vz', 'c_pe_atom', 'c_ke_atom', 'c_coord']
09:57:07  INFO     Loaded 473344 atoms, timestep=621, time=0.6210 ps from dump.ballistic_ac_25kev.sp3_40.621
09:57:07  INFO       [24/142] step 621    1.8s (sp3=38.7% disp=8)
09:57:07  INFO     Detected columns: ['id', 'type', 'x', 'y', 'z', 'vx', 'vy', 'vz', 'c_pe_atom', 'c_ke_atom', 'c_coord']
09:57:09  INFO     Loaded 473344 atoms, timestep=648, time=0.6480 ps from dump.ballistic_ac_25kev.sp3_40.648
09:57:09  INFO       [25/142] step 648    1.9s (sp3=38.7% disp=8)
09:57:09  INFO     Detected columns: ['id', 'type', 'x', 'y', 'z', 'vx', 'vy', 'vz', 'c_pe_atom', 'c_ke_atom', 'c_coord']
09:57:11  INFO     Loaded 473344 atoms, timestep=675, time=0.6750 ps from dump.ballistic_ac_25kev.sp3_40.675
09:57:11  INFO       [26/142] step 675    1.8s (sp3=38.7% disp=8)
09:57:11  INFO     Detected columns: ['id', 'type', 'x', 'y', 'z', 'vx', 'vy', 'vz', 'c_pe_atom', 'c_ke_atom', 'c_coord']
09:57:12  INFO     Loaded 473344 atoms, timestep=702, time=0.7020 ps from dump.ballistic_ac_25kev.sp3_40.702
09:57:12  INFO       [27/142] step 702    1.7s (sp3=38.7% disp=8)
09:57:12  INFO     Detected columns: ['id', 'type', 'x', 'y', 'z', 'vx', 'vy', 'vz', 'c_pe_atom', 'c_ke_atom', 'c_coord']
09:57:14  INFO     Loaded 473344 atoms, timestep=729, time=0.7290 ps from dump.ballistic_ac_25kev.sp3_40.729
09:57:14  INFO       [28/142] step 729    1.8s (sp3=38.7% disp=8)
09:57:14  INFO     Detected columns: ['id', 'type', 'x', 'y', 'z', 'vx', 'vy', 'vz', 'c_pe_atom', 'c_ke_atom', 'c_coord']
09:57:16  INFO     Loaded 473344 atoms, timestep=756, time=0.7560 ps from dump.ballistic_ac_25kev.sp3_40.756
09:57:16  INFO       [29/142] step 756    1.7s (sp3=38.7% disp=9)
09:57:16  INFO     Detected columns: ['id', 'type', 'x', 'y', 'z', 'vx', 'vy', 'vz', 'c_pe_atom', 'c_ke_atom', 'c_coord']
09:57:18  INFO     Loaded 473344 atoms, timestep=783, time=0.7830 ps from dump.ballistic_ac_25kev.sp3_40.783
09:57:18  INFO       [30/142] step 783    1.8s (sp3=38.7% disp=8)
09:57:18  INFO     Detected columns: ['id', 'type', 'x', 'y', 'z', 'vx', 'vy', 'vz', 'c_pe_atom', 'c_ke_atom', 'c_coord']
09:57:19  INFO     Loaded 473344 atoms, timestep=810, time=0.8100 ps from dump.ballistic_ac_25kev.sp3_40.810
09:57:19  INFO       [31/142] step 810    1.7s (sp3=38.7% disp=7)
09:57:20  INFO     Detected columns: ['id', 'type', 'x', 'y', 'z', 'vx', 'vy', 'vz', 'c_pe_atom', 'c_ke_atom', 'c_coord']
09:57:21  INFO     Loaded 473344 atoms, timestep=837, time=0.8370 ps from dump.ballistic_ac_25kev.sp3_40.837
09:57:21  INFO       [32/142] step 837    1.9s (sp3=38.7% disp=7)
09:57:21  INFO     Detected columns: ['id', 'type', 'x', 'y', 'z', 'vx', 'vy', 'vz', 'c_pe_atom', 'c_ke_atom', 'c_coord']
09:57:23  INFO     Loaded 473344 atoms, timestep=864, time=0.8640 ps from dump.ballistic_ac_25kev.sp3_40.864
09:57:23  INFO       [33/142] step 864    1.8s (sp3=38.7% disp=7)
09:57:23  INFO     Detected columns: ['id', 'type', 'x', 'y', 'z', 'vx', 'vy', 'vz', 'c_pe_atom', 'c_ke_atom', 'c_coord']
09:57:25  INFO     Loaded 473344 atoms, timestep=891, time=0.8910 ps from dump.ballistic_ac_25kev.sp3_40.891
09:57:25  INFO       [34/142] step 891    1.7s (sp3=38.7% disp=7)
09:57:25  INFO     Detected columns: ['id', 'type', 'x', 'y', 'z', 'vx', 'vy', 'vz', 'c_pe_atom', 'c_ke_atom', 'c_coord']
09:57:27  INFO     Loaded 473344 atoms, timestep=918, time=0.9180 ps from dump.ballistic_ac_25kev.sp3_40.918
09:57:27  INFO       [35/142] step 918    1.9s (sp3=38.7% disp=15)
09:57:27  INFO     Detected columns: ['id', 'type', 'x', 'y', 'z', 'vx', 'vy', 'vz', 'c_pe_atom', 'c_ke_atom', 'c_coord']
09:57:28  INFO     Loaded 473344 atoms, timestep=945, time=0.9450 ps from dump.ballistic_ac_25kev.sp3_40.945
09:57:28  INFO       [36/142] step 945    1.7s (sp3=38.7% disp=14)
09:57:29  INFO     Detected columns: ['id', 'type', 'x', 'y', 'z', 'vx', 'vy', 'vz', 'c_pe_atom', 'c_ke_atom', 'c_coord']
09:57:30  INFO     Loaded 473344 atoms, timestep=972, time=0.9720 ps from dump.ballistic_ac_25kev.sp3_40.972
09:57:30  INFO       [37/142] step 972    1.9s (sp3=38.7% disp=15)
09:57:30  INFO     Detected columns: ['id', 'type', 'x', 'y', 'z', 'vx', 'vy', 'vz', 'c_pe_atom', 'c_ke_atom', 'c_coord']
09:57:32  INFO     Loaded 473344 atoms, timestep=999, time=0.9990 ps from dump.ballistic_ac_25kev.sp3_40.999
09:57:32  INFO       [38/142] step 999    1.8s (sp3=38.7% disp=16)
09:57:32  INFO     Detected columns: ['id', 'type', 'x', 'y', 'z', 'vx', 'vy', 'vz', 'c_pe_atom', 'c_ke_atom', 'c_coord']
09:57:34  INFO     Loaded 473344 atoms, timestep=1026, time=1.0260 ps from dump.ballistic_ac_25kev.sp3_40.1026
09:57:34  INFO       [39/142] step 1026   1.7s (sp3=38.7% disp=15)
09:57:34  INFO     Detected columns: ['id', 'type', 'x', 'y', 'z', 'vx', 'vy', 'vz', 'c_pe_atom', 'c_ke_atom', 'c_coord']
09:57:35  INFO     Loaded 473344 atoms, timestep=1053, time=1.0530 ps from dump.ballistic_ac_25kev.sp3_40.1053
09:57:36  INFO       [40/142] step 1053   1.8s (sp3=38.7% disp=15)
09:57:36  INFO     Detected columns: ['id', 'type', 'x', 'y', 'z', 'vx', 'vy', 'vz', 'c_pe_atom', 'c_ke_atom', 'c_coord']
09:57:37  INFO     Loaded 473344 atoms, timestep=1080, time=1.0800 ps from dump.ballistic_ac_25kev.sp3_40.1080
09:57:37  INFO       [41/142] step 1080   1.7s (sp3=38.7% disp=15)
09:57:37  INFO     Detected columns: ['id', 'type', 'x', 'y', 'z', 'vx', 'vy', 'vz', 'c_pe_atom', 'c_ke_atom', 'c_coord']
09:57:39  INFO     Loaded 473344 atoms, timestep=1107, time=1.1070 ps from dump.ballistic_ac_25kev.sp3_40.1107
09:57:39  INFO       [42/142] step 1107   1.8s (sp3=38.7% disp=17)
09:57:39  INFO     Detected columns: ['id', 'type', 'x', 'y', 'z', 'vx', 'vy', 'vz', 'c_pe_atom', 'c_ke_atom', 'c_coord']
09:57:41  INFO     Loaded 473344 atoms, timestep=1134, time=1.1340 ps from dump.ballistic_ac_25kev.sp3_40.1134
09:57:41  INFO       [43/142] step 1134   1.8s (sp3=38.7% disp=16)
09:57:41  INFO     Detected columns: ['id', 'type', 'x', 'y', 'z', 'vx', 'vy', 'vz', 'c_pe_atom', 'c_ke_atom', 'c_coord']
09:57:42  INFO     Loaded 473344 atoms, timestep=1161, time=1.1610 ps from dump.ballistic_ac_25kev.sp3_40.1161
09:57:43  INFO       [44/142] step 1161   1.7s (sp3=38.7% disp=19)
09:57:43  INFO     Detected columns: ['id', 'type', 'x', 'y', 'z', 'vx', 'vy', 'vz', 'c_pe_atom', 'c_ke_atom', 'c_coord']
09:57:44  INFO     Loaded 473344 atoms, timestep=1188, time=1.1880 ps from dump.ballistic_ac_25kev.sp3_40.1188
09:57:44  INFO       [45/142] step 1188   1.8s (sp3=38.7% disp=17)
09:57:45  INFO     Detected columns: ['id', 'type', 'x', 'y', 'z', 'vx', 'vy', 'vz', 'c_pe_atom', 'c_ke_atom', 'c_coord']
09:57:46  INFO     Loaded 473344 atoms, timestep=1215, time=1.2150 ps from dump.ballistic_ac_25kev.sp3_40.1215
09:57:46  INFO       [46/142] step 1215   1.7s (sp3=38.7% disp=15)
09:57:46  INFO     Detected columns: ['id', 'type', 'x', 'y', 'z', 'vx', 'vy', 'vz', 'c_pe_atom', 'c_ke_atom', 'c_coord']
09:57:48  INFO     Loaded 473344 atoms, timestep=1242, time=1.2420 ps from dump.ballistic_ac_25kev.sp3_40.1242
09:57:48  INFO       [47/142] step 1242   1.9s (sp3=38.7% disp=29)
09:57:48  INFO     Detected columns: ['id', 'type', 'x', 'y', 'z', 'vx', 'vy', 'vz', 'c_pe_atom', 'c_ke_atom', 'c_coord']
09:57:50  INFO     Loaded 473344 atoms, timestep=1269, time=1.2690 ps from dump.ballistic_ac_25kev.sp3_40.1269
09:57:50  INFO       [48/142] step 1269   1.7s (sp3=38.7% disp=23)
09:57:50  INFO     Detected columns: ['id', 'type', 'x', 'y', 'z', 'vx', 'vy', 'vz', 'c_pe_atom', 'c_ke_atom', 'c_coord']
09:57:51  INFO     Loaded 473344 atoms, timestep=1296, time=1.2960 ps from dump.ballistic_ac_25kev.sp3_40.1296
09:57:52  INFO       [49/142] step 1296   1.9s (sp3=38.7% disp=23)
09:57:52  INFO     Detected columns: ['id', 'type', 'x', 'y', 'z', 'vx', 'vy', 'vz', 'c_pe_atom', 'c_ke_atom', 'c_coord']
09:57:53  INFO     Loaded 473344 atoms, timestep=1323, time=1.3230 ps from dump.ballistic_ac_25kev.sp3_40.1323
09:57:53  INFO       [50/142] step 1323   1.8s (sp3=38.7% disp=24)
09:57:54  INFO     Detected columns: ['id', 'type', 'x', 'y', 'z', 'vx', 'vy', 'vz', 'c_pe_atom', 'c_ke_atom', 'c_coord']
09:57:55  INFO     Loaded 473344 atoms, timestep=1350, time=1.3500 ps from dump.ballistic_ac_25kev.sp3_40.1350
09:57:55  INFO       [51/142] step 1350   1.7s (sp3=38.7% disp=25)
09:57:55  INFO     Detected columns: ['id', 'type', 'x', 'y', 'z', 'vx', 'vy', 'vz', 'c_pe_atom', 'c_ke_atom', 'c_coord']
09:57:57  INFO     Loaded 473344 atoms, timestep=1377, time=1.3770 ps from dump.ballistic_ac_25kev.sp3_40.1377
09:57:57  INFO       [52/142] step 1377   1.9s (sp3=38.7% disp=26)
09:57:57  INFO     Detected columns: ['id', 'type', 'x', 'y', 'z', 'vx', 'vy', 'vz', 'c_pe_atom', 'c_ke_atom', 'c_coord']
09:57:59  INFO     Loaded 473344 atoms, timestep=1404, time=1.4040 ps from dump.ballistic_ac_25kev.sp3_40.1404
09:57:59  INFO       [53/142] step 1404   1.7s (sp3=38.7% disp=33)
09:57:59  INFO     Detected columns: ['id', 'type', 'x', 'y', 'z', 'vx', 'vy', 'vz', 'c_pe_atom', 'c_ke_atom', 'c_coord']
09:58:01  INFO     Loaded 473344 atoms, timestep=1431, time=1.4310 ps from dump.ballistic_ac_25kev.sp3_40.1431
09:58:01  INFO       [54/142] step 1431   1.9s (sp3=38.7% disp=34)
09:58:01  INFO     Detected columns: ['id', 'type', 'x', 'y', 'z', 'vx', 'vy', 'vz', 'c_pe_atom', 'c_ke_atom', 'c_coord']
09:58:02  INFO     Loaded 473344 atoms, timestep=1458, time=1.4580 ps from dump.ballistic_ac_25kev.sp3_40.1458
09:58:02  INFO       [55/142] step 1458   1.8s (sp3=38.7% disp=35)
09:58:03  INFO     Detected columns: ['id', 'type', 'x', 'y', 'z', 'vx', 'vy', 'vz', 'c_pe_atom', 'c_ke_atom', 'c_coord']
09:58:04  INFO     Loaded 473344 atoms, timestep=1485, time=1.4850 ps from dump.ballistic_ac_25kev.sp3_40.1485
09:58:04  INFO       [56/142] step 1485   1.6s (sp3=38.7% disp=34)
09:58:04  INFO     Detected columns: ['id', 'type', 'x', 'y', 'z', 'vx', 'vy', 'vz', 'c_pe_atom', 'c_ke_atom', 'c_coord']
09:58:06  INFO     Loaded 473344 atoms, timestep=1512, time=1.5120 ps from dump.ballistic_ac_25kev.sp3_40.1512
09:58:06  INFO       [57/142] step 1512   1.9s (sp3=38.7% disp=34)
09:58:06  INFO     Detected columns: ['id', 'type', 'x', 'y', 'z', 'vx', 'vy', 'vz', 'c_pe_atom', 'c_ke_atom', 'c_coord']
09:58:08  INFO     Loaded 473344 atoms, timestep=1539, time=1.5390 ps from dump.ballistic_ac_25kev.sp3_40.1539
09:58:08  INFO       [58/142] step 1539   1.7s (sp3=38.7% disp=26)
09:58:08  INFO     Detected columns: ['id', 'type', 'x', 'y', 'z', 'vx', 'vy', 'vz', 'c_pe_atom', 'c_ke_atom', 'c_coord']
09:58:09  INFO     Loaded 473344 atoms, timestep=1566, time=1.5660 ps from dump.ballistic_ac_25kev.sp3_40.1566
09:58:09  INFO       [59/142] step 1566   1.8s (sp3=38.7% disp=23)
09:58:10  INFO     Detected columns: ['id', 'type', 'x', 'y', 'z', 'vx', 'vy', 'vz', 'c_pe_atom', 'c_ke_atom', 'c_coord']
09:58:11  INFO     Loaded 473344 atoms, timestep=1593, time=1.5930 ps from dump.ballistic_ac_25kev.sp3_40.1593
09:58:11  INFO       [60/142] step 1593   1.8s (sp3=38.7% disp=23)
09:58:11  INFO     Detected columns: ['id', 'type', 'x', 'y', 'z', 'vx', 'vy', 'vz', 'c_pe_atom', 'c_ke_atom', 'c_coord']
09:58:13  INFO     Loaded 473344 atoms, timestep=1620, time=1.6200 ps from dump.ballistic_ac_25kev.sp3_40.1620
09:58:13  INFO       [61/142] step 1620   1.7s (sp3=38.7% disp=24)
09:58:13  INFO     Detected columns: ['id', 'type', 'x', 'y', 'z', 'vx', 'vy', 'vz', 'c_pe_atom', 'c_ke_atom', 'c_coord']
09:58:15  INFO     Loaded 473344 atoms, timestep=1647, time=1.6470 ps from dump.ballistic_ac_25kev.sp3_40.1647
09:58:15  INFO       [62/142] step 1647   1.8s (sp3=38.7% disp=23)
09:58:15  INFO     Detected columns: ['id', 'type', 'x', 'y', 'z', 'vx', 'vy', 'vz', 'c_pe_atom', 'c_ke_atom', 'c_coord']
09:58:16  INFO     Loaded 473344 atoms, timestep=1674, time=1.6740 ps from dump.ballistic_ac_25kev.sp3_40.1674
09:58:16  INFO       [63/142] step 1674   1.7s (sp3=38.7% disp=23)
09:58:17  INFO     Detected columns: ['id', 'type', 'x', 'y', 'z', 'vx', 'vy', 'vz', 'c_pe_atom', 'c_ke_atom', 'c_coord']
09:58:18  INFO     Loaded 473344 atoms, timestep=1701, time=1.7010 ps from dump.ballistic_ac_25kev.sp3_40.1701
09:58:18  INFO       [64/142] step 1701   1.9s (sp3=38.7% disp=36)
09:58:18  INFO     Detected columns: ['id', 'type', 'x', 'y', 'z', 'vx', 'vy', 'vz', 'c_pe_atom', 'c_ke_atom', 'c_coord']
09:58:20  INFO     Loaded 473344 atoms, timestep=1728, time=1.7280 ps from dump.ballistic_ac_25kev.sp3_40.1728
09:58:20  INFO       [65/142] step 1728   1.7s (sp3=38.7% disp=36)
09:58:20  INFO     Detected columns: ['id', 'type', 'x', 'y', 'z', 'vx', 'vy', 'vz', 'c_pe_atom', 'c_ke_atom', 'c_coord']
09:58:22  INFO     Loaded 473344 atoms, timestep=1755, time=1.7550 ps from dump.ballistic_ac_25kev.sp3_40.1755
09:58:22  INFO       [66/142] step 1755   1.8s (sp3=38.7% disp=39)
09:58:22  INFO     Detected columns: ['id', 'type', 'x', 'y', 'z', 'vx', 'vy', 'vz', 'c_pe_atom', 'c_ke_atom', 'c_coord']
09:58:24  INFO     Loaded 473344 atoms, timestep=1782, time=1.7820 ps from dump.ballistic_ac_25kev.sp3_40.1782
09:58:24  INFO       [67/142] step 1782   1.8s (sp3=38.7% disp=39)
09:58:24  INFO     Detected columns: ['id', 'type', 'x', 'y', 'z', 'vx', 'vy', 'vz', 'c_pe_atom', 'c_ke_atom', 'c_coord']
09:58:25  INFO     Loaded 473344 atoms, timestep=1809, time=1.8090 ps from dump.ballistic_ac_25kev.sp3_40.1809
09:58:25  INFO       [68/142] step 1809   1.7s (sp3=38.7% disp=39)
09:58:25  INFO     Detected columns: ['id', 'type', 'x', 'y', 'z', 'vx', 'vy', 'vz', 'c_pe_atom', 'c_ke_atom', 'c_coord']
09:58:27  INFO     Loaded 473344 atoms, timestep=1836, time=1.8360 ps from dump.ballistic_ac_25kev.sp3_40.1836
09:58:27  INFO       [69/142] step 1836   1.9s (sp3=38.7% disp=41)
09:58:27  INFO     Detected columns: ['id', 'type', 'x', 'y', 'z', 'vx', 'vy', 'vz', 'c_pe_atom', 'c_ke_atom', 'c_coord']
09:58:29  INFO     Loaded 473344 atoms, timestep=1863, time=1.8630 ps from dump.ballistic_ac_25kev.sp3_40.1863
09:58:29  INFO       [70/142] step 1863   1.7s (sp3=38.7% disp=36)
09:58:29  INFO     Detected columns: ['id', 'type', 'x', 'y', 'z', 'vx', 'vy', 'vz', 'c_pe_atom', 'c_ke_atom', 'c_coord']
09:58:31  INFO     Loaded 473344 atoms, timestep=1890, time=1.8900 ps from dump.ballistic_ac_25kev.sp3_40.1890
09:58:31  INFO       [71/142] step 1890   1.9s (sp3=38.7% disp=49)
09:58:31  INFO     Detected columns: ['id', 'type', 'x', 'y', 'z', 'vx', 'vy', 'vz', 'c_pe_atom', 'c_ke_atom', 'c_coord']
09:58:32  INFO     Loaded 473344 atoms, timestep=1917, time=1.9170 ps from dump.ballistic_ac_25kev.sp3_40.1917
09:58:32  INFO       [72/142] step 1917   1.7s (sp3=38.7% disp=51)
09:58:33  INFO     Detected columns: ['id', 'type', 'x', 'y', 'z', 'vx', 'vy', 'vz', 'c_pe_atom', 'c_ke_atom', 'c_coord']
09:58:34  INFO     Loaded 473344 atoms, timestep=1944, time=1.9440 ps from dump.ballistic_ac_25kev.sp3_40.1944
09:58:34  INFO       [73/142] step 1944   1.6s (sp3=38.7% disp=49)
09:58:34  INFO     Detected columns: ['id', 'type', 'x', 'y', 'z', 'vx', 'vy', 'vz', 'c_pe_atom', 'c_ke_atom', 'c_coord']
09:58:36  INFO     Loaded 473344 atoms, timestep=1971, time=1.9710 ps from dump.ballistic_ac_25kev.sp3_40.1971
09:58:36  INFO       [74/142] step 1971   1.8s (sp3=38.7% disp=52)
09:58:36  INFO     Detected columns: ['id', 'type', 'x', 'y', 'z', 'vx', 'vy', 'vz', 'c_pe_atom', 'c_ke_atom', 'c_coord']
09:58:37  INFO     Loaded 473344 atoms, timestep=1998, time=1.9980 ps from dump.ballistic_ac_25kev.sp3_40.1998
09:58:38  INFO       [75/142] step 1998   1.7s (sp3=38.7% disp=57)
09:58:38  INFO     Detected columns: ['id', 'type', 'x', 'y', 'z', 'vx', 'vy', 'vz', 'c_pe_atom', 'c_ke_atom', 'c_coord']
09:58:39  INFO     Loaded 473344 atoms, timestep=2040, time=2.0400 ps from dump.ballistic_ac_25kev.sp3_40.2040
09:58:39  INFO       [76/142] step 2040   1.8s (sp3=38.7% disp=65)
09:58:40  INFO     Detected columns: ['id', 'type', 'x', 'y', 'z', 'vx', 'vy', 'vz', 'c_pe_atom', 'c_ke_atom', 'c_coord']
09:58:41  INFO     Loaded 473344 atoms, timestep=2160, time=2.1600 ps from dump.ballistic_ac_25kev.sp3_40.2160
09:58:41  INFO       [77/142] step 2160   1.7s (sp3=38.7% disp=34)
09:58:41  INFO     Detected columns: ['id', 'type', 'x', 'y', 'z', 'vx', 'vy', 'vz', 'c_pe_atom', 'c_ke_atom', 'c_coord']
09:58:43  INFO     Loaded 473344 atoms, timestep=2280, time=2.2800 ps from dump.ballistic_ac_25kev.sp3_40.2280
09:58:43  INFO       [78/142] step 2280   1.7s (sp3=38.6% disp=57)
09:58:43  INFO     Detected columns: ['id', 'type', 'x', 'y', 'z', 'vx', 'vy', 'vz', 'c_pe_atom', 'c_ke_atom', 'c_coord']
09:58:45  INFO     Loaded 473344 atoms, timestep=2400, time=2.4000 ps from dump.ballistic_ac_25kev.sp3_40.2400
09:58:45  INFO       [79/142] step 2400   1.8s (sp3=38.6% disp=47)
09:58:45  INFO     Detected columns: ['id', 'type', 'x', 'y', 'z', 'vx', 'vy', 'vz', 'c_pe_atom', 'c_ke_atom', 'c_coord']
09:58:46  INFO     Loaded 473344 atoms, timestep=2520, time=2.5200 ps from dump.ballistic_ac_25kev.sp3_40.2520
09:58:46  INFO       [80/142] step 2520   1.7s (sp3=38.7% disp=66)
09:58:46  INFO     Detected columns: ['id', 'type', 'x', 'y', 'z', 'vx', 'vy', 'vz', 'c_pe_atom', 'c_ke_atom', 'c_coord']
09:58:48  INFO     Loaded 473344 atoms, timestep=2640, time=2.6400 ps from dump.ballistic_ac_25kev.sp3_40.2640
09:58:48  INFO       [81/142] step 2640   1.8s (sp3=38.6% disp=81)
09:58:48  INFO     Detected columns: ['id', 'type', 'x', 'y', 'z', 'vx', 'vy', 'vz', 'c_pe_atom', 'c_ke_atom', 'c_coord']
09:58:50  INFO     Loaded 473344 atoms, timestep=2760, time=2.7600 ps from dump.ballistic_ac_25kev.sp3_40.2760
09:58:50  INFO       [82/142] step 2760   1.7s (sp3=38.6% disp=50)
09:58:50  INFO     Detected columns: ['id', 'type', 'x', 'y', 'z', 'vx', 'vy', 'vz', 'c_pe_atom', 'c_ke_atom', 'c_coord']
09:58:51  INFO     Loaded 473344 atoms, timestep=2880, time=2.8800 ps from dump.ballistic_ac_25kev.sp3_40.2880
09:58:52  INFO       [83/142] step 2880   1.8s (sp3=38.6% disp=23)
09:58:52  INFO     Detected columns: ['id', 'type', 'x', 'y', 'z', 'vx', 'vy', 'vz', 'c_pe_atom', 'c_ke_atom', 'c_coord']
09:58:53  INFO     Loaded 473344 atoms, timestep=3000, time=3.0000 ps from dump.ballistic_ac_25kev.sp3_40.3000
09:58:53  INFO       [84/142] step 3000   1.7s (sp3=38.6% disp=21)
09:58:53  INFO     Detected columns: ['id', 'type', 'x', 'y', 'z', 'vx', 'vy', 'vz', 'c_pe_atom', 'c_ke_atom', 'c_coord']
09:58:55  INFO     Loaded 473344 atoms, timestep=3120, time=3.1200 ps from dump.ballistic_ac_25kev.sp3_40.3120
09:58:55  INFO       [85/142] step 3120   1.7s (sp3=38.7% disp=64)
09:58:55  INFO     Detected columns: ['id', 'type', 'x', 'y', 'z', 'vx', 'vy', 'vz', 'c_pe_atom', 'c_ke_atom', 'c_coord']
09:58:57  INFO     Loaded 473344 atoms, timestep=3240, time=3.2400 ps from dump.ballistic_ac_25kev.sp3_40.3240
09:58:57  INFO       [86/142] step 3240   1.8s (sp3=38.7% disp=21)
09:58:57  INFO     Detected columns: ['id', 'type', 'x', 'y', 'z', 'vx', 'vy', 'vz', 'c_pe_atom', 'c_ke_atom', 'c_coord']
09:58:58  INFO     Loaded 473344 atoms, timestep=3360, time=3.3600 ps from dump.ballistic_ac_25kev.sp3_40.3360
09:58:59  INFO       [87/142] step 3360   1.8s (sp3=38.7% disp=137)
09:58:59  INFO     Detected columns: ['id', 'type', 'x', 'y', 'z', 'vx', 'vy', 'vz', 'c_pe_atom', 'c_ke_atom', 'c_coord']
09:59:00  INFO     Loaded 473344 atoms, timestep=3480, time=3.4800 ps from dump.ballistic_ac_25kev.sp3_40.3480
09:59:00  INFO       [88/142] step 3480   1.9s (sp3=38.8% disp=24)
09:59:01  INFO     Detected columns: ['id', 'type', 'x', 'y', 'z', 'vx', 'vy', 'vz', 'c_pe_atom', 'c_ke_atom', 'c_coord']
09:59:02  INFO     Loaded 473344 atoms, timestep=3600, time=3.6000 ps from dump.ballistic_ac_25kev.sp3_40.3600
09:59:02  INFO       [89/142] step 3600   1.7s (sp3=38.7% disp=24)
09:59:02  INFO     Detected columns: ['id', 'type', 'x', 'y', 'z', 'vx', 'vy', 'vz', 'c_pe_atom', 'c_ke_atom', 'c_coord']
09:59:04  INFO     Loaded 473344 atoms, timestep=3720, time=3.7200 ps from dump.ballistic_ac_25kev.sp3_40.3720
09:59:04  INFO       [90/142] step 3720   1.7s (sp3=38.8% disp=24)
09:59:04  INFO     Detected columns: ['id', 'type', 'x', 'y', 'z', 'vx', 'vy', 'vz', 'c_pe_atom', 'c_ke_atom', 'c_coord']
09:59:06  INFO     Loaded 473344 atoms, timestep=3840, time=3.8400 ps from dump.ballistic_ac_25kev.sp3_40.3840
09:59:06  INFO       [91/142] step 3840   1.8s (sp3=38.8% disp=24)
09:59:06  INFO     Detected columns: ['id', 'type', 'x', 'y', 'z', 'vx', 'vy', 'vz', 'c_pe_atom', 'c_ke_atom', 'c_coord']
09:59:07  INFO     Loaded 473344 atoms, timestep=3960, time=3.9600 ps from dump.ballistic_ac_25kev.sp3_40.3960
09:59:07  INFO       [92/142] step 3960   1.7s (sp3=38.8% disp=24)
09:59:07  INFO     Detected columns: ['id', 'type', 'x', 'y', 'z', 'vx', 'vy', 'vz', 'c_pe_atom', 'c_ke_atom', 'c_coord']
09:59:09  INFO     Loaded 473344 atoms, timestep=4080, time=4.0800 ps from dump.ballistic_ac_25kev.sp3_40.4080
09:59:09  INFO       [93/142] step 4080   2.0s (sp3=38.8% disp=24)
09:59:10  INFO     Detected columns: ['id', 'type', 'x', 'y', 'z', 'vx', 'vy', 'vz', 'c_pe_atom', 'c_ke_atom', 'c_coord']
09:59:11  INFO     Loaded 473344 atoms, timestep=4200, time=4.2000 ps from dump.ballistic_ac_25kev.sp3_40.4200
09:59:11  INFO       [94/142] step 4200   1.8s (sp3=38.8% disp=24)
09:59:11  INFO     Detected columns: ['id', 'type', 'x', 'y', 'z', 'vx', 'vy', 'vz', 'c_pe_atom', 'c_ke_atom', 'c_coord']
09:59:13  INFO     Loaded 473344 atoms, timestep=4320, time=4.3200 ps from dump.ballistic_ac_25kev.sp3_40.4320
09:59:13  INFO       [95/142] step 4320   1.7s (sp3=38.8% disp=24)
09:59:13  INFO     Detected columns: ['id', 'type', 'x', 'y', 'z', 'vx', 'vy', 'vz', 'c_pe_atom', 'c_ke_atom', 'c_coord']
09:59:14  INFO     Loaded 473344 atoms, timestep=4440, time=4.4400 ps from dump.ballistic_ac_25kev.sp3_40.4440
09:59:15  INFO       [96/142] step 4440   1.8s (sp3=38.8% disp=24)
09:59:15  INFO     Detected columns: ['id', 'type', 'x', 'y', 'z', 'vx', 'vy', 'vz', 'c_pe_atom', 'c_ke_atom', 'c_coord']
09:59:16  INFO     Loaded 473344 atoms, timestep=4560, time=4.5600 ps from dump.ballistic_ac_25kev.sp3_40.4560
09:59:16  INFO       [97/142] step 4560   1.7s (sp3=38.9% disp=24)
09:59:16  INFO     Detected columns: ['id', 'type', 'x', 'y', 'z', 'vx', 'vy', 'vz', 'c_pe_atom', 'c_ke_atom', 'c_coord']
09:59:18  INFO     Loaded 473344 atoms, timestep=4680, time=4.6800 ps from dump.ballistic_ac_25kev.sp3_40.4680
09:59:18  INFO       [98/142] step 4680   1.8s (sp3=38.8% disp=24)
09:59:18  INFO     Detected columns: ['id', 'type', 'x', 'y', 'z', 'vx', 'vy', 'vz', 'c_pe_atom', 'c_ke_atom', 'c_coord']
09:59:20  INFO     Loaded 473344 atoms, timestep=4800, time=4.8000 ps from dump.ballistic_ac_25kev.sp3_40.4800
09:59:20  INFO       [99/142] step 4800   1.6s (sp3=38.8% disp=24)
09:59:20  INFO     Detected columns: ['id', 'type', 'x', 'y', 'z', 'vx', 'vy', 'vz', 'c_pe_atom', 'c_ke_atom', 'c_coord']
09:59:21  INFO     Loaded 473344 atoms, timestep=4920, time=4.9200 ps from dump.ballistic_ac_25kev.sp3_40.4920
09:59:22  INFO       [100/142] step 4920   1.8s (sp3=38.8% disp=24)
09:59:22  INFO     Detected columns: ['id', 'type', 'x', 'y', 'z', 'vx', 'vy', 'vz', 'c_pe_atom', 'c_ke_atom', 'c_coord']
09:59:23  INFO     Loaded 473344 atoms, timestep=5040, time=5.0400 ps from dump.ballistic_ac_25kev.sp3_40.5040
09:59:23  INFO       [101/142] step 5040   1.7s (sp3=38.8% disp=24)
09:59:23  INFO     Detected columns: ['id', 'type', 'x', 'y', 'z', 'vx', 'vy', 'vz', 'c_pe_atom', 'c_ke_atom', 'c_coord']
09:59:25  INFO     Loaded 473344 atoms, timestep=5160, time=5.1600 ps from dump.ballistic_ac_25kev.sp3_40.5160
09:59:25  INFO       [102/142] step 5160   1.7s (sp3=38.9% disp=145)
09:59:25  INFO     Detected columns: ['id', 'type', 'x', 'y', 'z', 'vx', 'vy', 'vz', 'c_pe_atom', 'c_ke_atom', 'c_coord']
09:59:27  INFO     Loaded 473344 atoms, timestep=5280, time=5.2800 ps from dump.ballistic_ac_25kev.sp3_40.5280
09:59:27  INFO       [103/142] step 5280   1.8s (sp3=38.8% disp=24)
09:59:27  INFO     Detected columns: ['id', 'type', 'x', 'y', 'z', 'vx', 'vy', 'vz', 'c_pe_atom', 'c_ke_atom', 'c_coord']
09:59:28  INFO     Loaded 473344 atoms, timestep=5400, time=5.4000 ps from dump.ballistic_ac_25kev.sp3_40.5400
09:59:29  INFO       [104/142] step 5400   1.8s (sp3=38.9% disp=24)
09:59:29  INFO     Detected columns: ['id', 'type', 'x', 'y', 'z', 'vx', 'vy', 'vz', 'c_pe_atom', 'c_ke_atom', 'c_coord']
09:59:30  INFO     Loaded 473344 atoms, timestep=5520, time=5.5200 ps from dump.ballistic_ac_25kev.sp3_40.5520
09:59:31  INFO       [105/142] step 5520   1.9s (sp3=38.8% disp=24)
09:59:31  INFO     Detected columns: ['id', 'type', 'x', 'y', 'z', 'vx', 'vy', 'vz', 'c_pe_atom', 'c_ke_atom', 'c_coord']
09:59:32  INFO     Loaded 473344 atoms, timestep=5640, time=5.6400 ps from dump.ballistic_ac_25kev.sp3_40.5640
09:59:32  INFO       [106/142] step 5640   1.8s (sp3=38.9% disp=24)
09:59:32  INFO     Detected columns: ['id', 'type', 'x', 'y', 'z', 'vx', 'vy', 'vz', 'c_pe_atom', 'c_ke_atom', 'c_coord']
09:59:34  INFO     Loaded 473344 atoms, timestep=5760, time=5.7600 ps from dump.ballistic_ac_25kev.sp3_40.5760
09:59:34  INFO       [107/142] step 5760   1.6s (sp3=38.9% disp=146)
09:59:34  INFO     Detected columns: ['id', 'type', 'x', 'y', 'z', 'vx', 'vy', 'vz', 'c_pe_atom', 'c_ke_atom', 'c_coord']
09:59:36  INFO     Loaded 473344 atoms, timestep=5880, time=5.8800 ps from dump.ballistic_ac_25kev.sp3_40.5880
09:59:36  INFO       [108/142] step 5880   1.9s (sp3=38.9% disp=24)
09:59:36  INFO     Detected columns: ['id', 'type', 'x', 'y', 'z', 'vx', 'vy', 'vz', 'c_pe_atom', 'c_ke_atom', 'c_coord']
09:59:37  INFO     Loaded 473344 atoms, timestep=6000, time=6.0000 ps from dump.ballistic_ac_25kev.sp3_40.6000
09:59:38  INFO       [109/142] step 6000   1.7s (sp3=38.8% disp=24)
09:59:38  INFO     Detected columns: ['id', 'type', 'x', 'y', 'z', 'vx', 'vy', 'vz', 'c_pe_atom', 'c_ke_atom', 'c_coord']
09:59:39  INFO     Loaded 473344 atoms, timestep=6120, time=6.1200 ps from dump.ballistic_ac_25kev.sp3_40.6120
09:59:39  INFO       [110/142] step 6120   1.8s (sp3=38.9% disp=24)
09:59:40  INFO     Detected columns: ['id', 'type', 'x', 'y', 'z', 'vx', 'vy', 'vz', 'c_pe_atom', 'c_ke_atom', 'c_coord']
09:59:41  INFO     Loaded 473344 atoms, timestep=6240, time=6.2400 ps from dump.ballistic_ac_25kev.sp3_40.6240
09:59:41  INFO       [111/142] step 6240   1.7s (sp3=38.9% disp=144)
09:59:41  INFO     Detected columns: ['id', 'type', 'x', 'y', 'z', 'vx', 'vy', 'vz', 'c_pe_atom', 'c_ke_atom', 'c_coord']
09:59:43  INFO     Loaded 473344 atoms, timestep=6360, time=6.3600 ps from dump.ballistic_ac_25kev.sp3_40.6360
09:59:43  INFO       [112/142] step 6360   1.6s (sp3=38.9% disp=24)
09:59:43  INFO     Detected columns: ['id', 'type', 'x', 'y', 'z', 'vx', 'vy', 'vz', 'c_pe_atom', 'c_ke_atom', 'c_coord']
09:59:44  INFO     Loaded 473344 atoms, timestep=6480, time=6.4800 ps from dump.ballistic_ac_25kev.sp3_40.6480
09:59:45  INFO       [113/142] step 6480   1.8s (sp3=38.9% disp=24)
09:59:45  INFO     Detected columns: ['id', 'type', 'x', 'y', 'z', 'vx', 'vy', 'vz', 'c_pe_atom', 'c_ke_atom', 'c_coord']
09:59:46  INFO     Loaded 473344 atoms, timestep=6600, time=6.6000 ps from dump.ballistic_ac_25kev.sp3_40.6600
09:59:46  INFO       [114/142] step 6600   1.7s (sp3=38.9% disp=160)
09:59:46  INFO     Detected columns: ['id', 'type', 'x', 'y', 'z', 'vx', 'vy', 'vz', 'c_pe_atom', 'c_ke_atom', 'c_coord']
09:59:48  INFO     Loaded 473344 atoms, timestep=6720, time=6.7200 ps from dump.ballistic_ac_25kev.sp3_40.6720
09:59:48  INFO       [115/142] step 6720   1.8s (sp3=38.9% disp=142)
09:59:48  INFO     Detected columns: ['id', 'type', 'x', 'y', 'z', 'vx', 'vy', 'vz', 'c_pe_atom', 'c_ke_atom', 'c_coord']
09:59:50  INFO     Loaded 473344 atoms, timestep=6840, time=6.8400 ps from dump.ballistic_ac_25kev.sp3_40.6840
09:59:50  INFO       [116/142] step 6840   1.7s (sp3=39.0% disp=144)
09:59:50  INFO     Detected columns: ['id', 'type', 'x', 'y', 'z', 'vx', 'vy', 'vz', 'c_pe_atom', 'c_ke_atom', 'c_coord']
09:59:51  INFO     Loaded 473344 atoms, timestep=6960, time=6.9600 ps from dump.ballistic_ac_25kev.sp3_40.6960
09:59:52  INFO       [117/142] step 6960   1.8s (sp3=38.9% disp=24)
09:59:52  INFO     Detected columns: ['id', 'type', 'x', 'y', 'z', 'vx', 'vy', 'vz', 'c_pe_atom', 'c_ke_atom', 'c_coord']
09:59:53  INFO     Loaded 473344 atoms, timestep=7080, time=7.0800 ps from dump.ballistic_ac_25kev.sp3_40.7080
09:59:53  INFO       [118/142] step 7080   1.7s (sp3=38.9% disp=24)
09:59:53  INFO     Detected columns: ['id', 'type', 'x', 'y', 'z', 'vx', 'vy', 'vz', 'c_pe_atom', 'c_ke_atom', 'c_coord']
09:59:55  INFO     Loaded 473344 atoms, timestep=7200, time=7.2000 ps from dump.ballistic_ac_25kev.sp3_40.7200
09:59:55  INFO       [119/142] step 7200   1.7s (sp3=38.9% disp=147)
09:59:55  INFO     Detected columns: ['id', 'type', 'x', 'y', 'z', 'vx', 'vy', 'vz', 'c_pe_atom', 'c_ke_atom', 'c_coord']
09:59:57  INFO     Loaded 473344 atoms, timestep=7320, time=7.3200 ps from dump.ballistic_ac_25kev.sp3_40.7320
09:59:57  INFO       [120/142] step 7320   1.8s (sp3=38.9% disp=24)
09:59:57  INFO     Detected columns: ['id', 'type', 'x', 'y', 'z', 'vx', 'vy', 'vz', 'c_pe_atom', 'c_ke_atom', 'c_coord']
09:59:58  INFO     Loaded 473344 atoms, timestep=7440, time=7.4400 ps from dump.ballistic_ac_25kev.sp3_40.7440
09:59:58  INFO       [121/142] step 7440   1.7s (sp3=38.9% disp=24)
09:59:59  INFO     Detected columns: ['id', 'type', 'x', 'y', 'z', 'vx', 'vy', 'vz', 'c_pe_atom', 'c_ke_atom', 'c_coord']
10:00:00  INFO     Loaded 473344 atoms, timestep=7560, time=7.5600 ps from dump.ballistic_ac_25kev.sp3_40.7560
10:00:00  INFO       [122/142] step 7560   1.9s (sp3=38.9% disp=24)
10:00:01  INFO     Detected columns: ['id', 'type', 'x', 'y', 'z', 'vx', 'vy', 'vz', 'c_pe_atom', 'c_ke_atom', 'c_coord']
10:00:02  INFO     Loaded 473344 atoms, timestep=7680, time=7.6800 ps from dump.ballistic_ac_25kev.sp3_40.7680
10:00:02  INFO       [123/142] step 7680   1.7s (sp3=38.9% disp=130)
10:00:02  INFO     Detected columns: ['id', 'type', 'x', 'y', 'z', 'vx', 'vy', 'vz', 'c_pe_atom', 'c_ke_atom', 'c_coord']
10:00:04  INFO     Loaded 473344 atoms, timestep=7800, time=7.8000 ps from dump.ballistic_ac_25kev.sp3_40.7800
10:00:04  INFO       [124/142] step 7800   1.6s (sp3=38.9% disp=24)
10:00:04  INFO     Detected columns: ['id', 'type', 'x', 'y', 'z', 'vx', 'vy', 'vz', 'c_pe_atom', 'c_ke_atom', 'c_coord']
10:00:05  INFO     Loaded 473344 atoms, timestep=7920, time=7.9200 ps from dump.ballistic_ac_25kev.sp3_40.7920
10:00:05  INFO       [125/142] step 7920   1.7s (sp3=38.9% disp=24)
10:00:06  INFO     Detected columns: ['id', 'type', 'x', 'y', 'z', 'vx', 'vy', 'vz', 'c_pe_atom', 'c_ke_atom', 'c_coord']
10:00:07  INFO     Loaded 473344 atoms, timestep=8040, time=8.0400 ps from dump.ballistic_ac_25kev.sp3_40.8040
10:00:07  INFO       [126/142] step 8040   1.7s (sp3=38.9% disp=24)
10:00:07  INFO     Detected columns: ['id', 'type', 'x', 'y', 'z', 'vx', 'vy', 'vz', 'c_pe_atom', 'c_ke_atom', 'c_coord']
10:00:09  INFO     Loaded 473344 atoms, timestep=8160, time=8.1600 ps from dump.ballistic_ac_25kev.sp3_40.8160
10:00:09  INFO       [127/142] step 8160   1.9s (sp3=38.9% disp=24)
10:00:09  INFO     Detected columns: ['id', 'type', 'x', 'y', 'z', 'vx', 'vy', 'vz', 'c_pe_atom', 'c_ke_atom', 'c_coord']
10:00:11  INFO     Loaded 473344 atoms, timestep=8280, time=8.2800 ps from dump.ballistic_ac_25kev.sp3_40.8280
10:00:11  INFO       [128/142] step 8280   1.7s (sp3=39.0% disp=24)
10:00:11  INFO     Detected columns: ['id', 'type', 'x', 'y', 'z', 'vx', 'vy', 'vz', 'c_pe_atom', 'c_ke_atom', 'c_coord']
10:00:12  INFO     Loaded 473344 atoms, timestep=8400, time=8.4000 ps from dump.ballistic_ac_25kev.sp3_40.8400
10:00:12  INFO       [129/142] step 8400   1.6s (sp3=39.0% disp=24)
10:00:13  INFO     Detected columns: ['id', 'type', 'x', 'y', 'z', 'vx', 'vy', 'vz', 'c_pe_atom', 'c_ke_atom', 'c_coord']
10:00:14  INFO     Loaded 473344 atoms, timestep=8520, time=8.5200 ps from dump.ballistic_ac_25kev.sp3_40.8520
10:00:14  INFO       [130/142] step 8520   1.7s (sp3=39.0% disp=24)
10:00:14  INFO     Detected columns: ['id', 'type', 'x', 'y', 'z', 'vx', 'vy', 'vz', 'c_pe_atom', 'c_ke_atom', 'c_coord']
10:00:16  INFO     Loaded 473344 atoms, timestep=8640, time=8.6400 ps from dump.ballistic_ac_25kev.sp3_40.8640
10:00:16  INFO       [131/142] step 8640   1.7s (sp3=39.0% disp=141)
10:00:16  INFO     Detected columns: ['id', 'type', 'x', 'y', 'z', 'vx', 'vy', 'vz', 'c_pe_atom', 'c_ke_atom', 'c_coord']
10:00:17  INFO     Loaded 473344 atoms, timestep=8760, time=8.7600 ps from dump.ballistic_ac_25kev.sp3_40.8760
10:00:18  INFO       [132/142] step 8760   1.7s (sp3=39.0% disp=24)
10:00:18  INFO     Detected columns: ['id', 'type', 'x', 'y', 'z', 'vx', 'vy', 'vz', 'c_pe_atom', 'c_ke_atom', 'c_coord']
10:00:19  INFO     Loaded 473344 atoms, timestep=8880, time=8.8800 ps from dump.ballistic_ac_25kev.sp3_40.8880
10:00:19  INFO       [133/142] step 8880   1.6s (sp3=38.9% disp=24)
10:00:19  INFO     Detected columns: ['id', 'type', 'x', 'y', 'z', 'vx', 'vy', 'vz', 'c_pe_atom', 'c_ke_atom', 'c_coord']
10:00:21  INFO     Loaded 473344 atoms, timestep=9000, time=9.0000 ps from dump.ballistic_ac_25kev.sp3_40.9000
10:00:21  INFO       [134/142] step 9000   1.7s (sp3=39.0% disp=145)
10:00:21  INFO     Detected columns: ['id', 'type', 'x', 'y', 'z', 'vx', 'vy', 'vz', 'c_pe_atom', 'c_ke_atom', 'c_coord']
10:00:22  INFO     Loaded 473344 atoms, timestep=9120, time=9.1200 ps from dump.ballistic_ac_25kev.sp3_40.9120
10:00:23  INFO       [135/142] step 9120   1.6s (sp3=39.0% disp=24)
10:00:23  INFO     Detected columns: ['id', 'type', 'x', 'y', 'z', 'vx', 'vy', 'vz', 'c_pe_atom', 'c_ke_atom', 'c_coord']
10:00:24  INFO     Loaded 473344 atoms, timestep=9240, time=9.2400 ps from dump.ballistic_ac_25kev.sp3_40.9240
10:00:24  INFO       [136/142] step 9240   1.6s (sp3=39.0% disp=24)
10:00:24  INFO     Detected columns: ['id', 'type', 'x', 'y', 'z', 'vx', 'vy', 'vz', 'c_pe_atom', 'c_ke_atom', 'c_coord']
10:00:26  INFO     Loaded 473344 atoms, timestep=9360, time=9.3600 ps from dump.ballistic_ac_25kev.sp3_40.9360
10:00:26  INFO       [137/142] step 9360   1.7s (sp3=39.0% disp=24)
10:00:26  INFO     Detected columns: ['id', 'type', 'x', 'y', 'z', 'vx', 'vy', 'vz', 'c_pe_atom', 'c_ke_atom', 'c_coord']
10:00:27  INFO     Loaded 473344 atoms, timestep=9480, time=9.4800 ps from dump.ballistic_ac_25kev.sp3_40.9480
10:00:27  INFO       [138/142] step 9480   1.6s (sp3=39.0% disp=132)
10:00:28  INFO     Detected columns: ['id', 'type', 'x', 'y', 'z', 'vx', 'vy', 'vz', 'c_pe_atom', 'c_ke_atom', 'c_coord']
10:00:29  INFO     Loaded 473344 atoms, timestep=9600, time=9.6000 ps from dump.ballistic_ac_25kev.sp3_40.9600
10:00:29  INFO       [139/142] step 9600   1.7s (sp3=39.0% disp=24)
10:00:29  INFO     Detected columns: ['id', 'type', 'x', 'y', 'z', 'vx', 'vy', 'vz', 'c_pe_atom', 'c_ke_atom', 'c_coord']
10:00:31  INFO     Loaded 473344 atoms, timestep=9720, time=9.7200 ps from dump.ballistic_ac_25kev.sp3_40.9720
10:00:31  INFO       [140/142] step 9720   1.6s (sp3=39.0% disp=24)
10:00:31  INFO     Detected columns: ['id', 'type', 'x', 'y', 'z', 'vx', 'vy', 'vz', 'c_pe_atom', 'c_ke_atom', 'c_coord']
10:00:32  INFO     Loaded 473344 atoms, timestep=9840, time=9.8400 ps from dump.ballistic_ac_25kev.sp3_40.9840
10:00:32  INFO       [141/142] step 9840   1.5s (sp3=39.0% disp=24)
10:00:32  INFO     Detected columns: ['id', 'type', 'x', 'y', 'z', 'vx', 'vy', 'vz', 'c_pe_atom', 'c_ke_atom', 'c_coord']
10:00:34  INFO     Loaded 473344 atoms, timestep=9960, time=9.9600 ps from dump.ballistic_ac_25kev.sp3_40.9960
10:00:34  INFO       [142/142] step 9960   1.7s (sp3=39.0% disp=24)
10:00:41  INFO     Detected columns: ['id', 'type', 'x', 'y', 'z', 'vx', 'vy', 'vz', 'c_pe_atom', 'c_ke_atom', 'c_coord']
10:00:43  INFO     Loaded 473344 atoms, timestep=6600, time=6.6000 ps from dump.ballistic_ac_25kev.sp3_40.6600
  Saved: /home/santi/Documentos/RDF/output/energy_sweep_18_05/E25_sp3_40/displacement_kinetics.png
  Saved: /home/santi/Documentos/RDF/output/energy_sweep_18_05/E25_sp3_40/displacement_kinetics.pdf
  Saved: /home/santi/Documentos/RDF/output/energy_sweep_18_05/E25_sp3_40/hybridization_kinetics.png
  Saved: /home/santi/Documentos/RDF/output/energy_sweep_18_05/E25_sp3_40/hybridization_kinetics.pdf
  Saved: /home/santi/Documentos/RDF/output/energy_sweep_18_05/E25_sp3_40/rdf_keyframes.png
  Saved: /home/santi/Documentos/RDF/output/energy_sweep_18_05/E25_sp3_40/rdf_keyframes.pdf
  Saved: /home/santi/Documentos/RDF/output/energy_sweep_18_05/E25_sp3_40/adf_keyframes.png
  Saved: /home/santi/Documentos/RDF/output/energy_sweep_18_05/E25_sp3_40/adf_keyframes.pdf
  Saved: /home/santi/Documentos/RDF/output/energy_sweep_18_05/E25_sp3_40/sk_keyframes.png
  Saved: /home/santi/Documentos/RDF/output/energy_sweep_18_05/E25_sp3_40/sk_keyframes.pdf
10:00:59  INFO     === 30 keV / sp3 40 : 105 frames ===
10:00:59  INFO     Detected columns: ['id', 'type', 'x', 'y', 'z', 'vx', 'vy', 'vz', 'c_pe_atom', 'c_ke_atom', 'c_coord']
10:01:00  INFO     Loaded 473344 atoms, timestep=0, time=0.0000 ps from dump.ballistic_ac_30kev.sp3_40.0
10:01:00  INFO       [ 1/105] step 0      1.7s (sp3=38.7% disp=0)
10:01:00  INFO     Detected columns: ['id', 'type', 'x', 'y', 'z', 'vx', 'vy', 'vz', 'c_pe_atom', 'c_ke_atom', 'c_coord']
10:01:02  INFO     Loaded 473344 atoms, timestep=27, time=0.0270 ps from dump.ballistic_ac_30kev.sp3_40.27
10:01:02  INFO       [ 2/105] step 27     1.9s (sp3=38.7% disp=1)
10:01:02  INFO     Detected columns: ['id', 'type', 'x', 'y', 'z', 'vx', 'vy', 'vz', 'c_pe_atom', 'c_ke_atom', 'c_coord']
10:01:04  INFO     Loaded 473344 atoms, timestep=54, time=0.0540 ps from dump.ballistic_ac_30kev.sp3_40.54
10:01:04  INFO       [ 3/105] step 54     1.5s (sp3=38.7% disp=2)
10:01:04  INFO     Detected columns: ['id', 'type', 'x', 'y', 'z', 'vx', 'vy', 'vz', 'c_pe_atom', 'c_ke_atom', 'c_coord']
10:01:05  INFO     Loaded 473344 atoms, timestep=81, time=0.0810 ps from dump.ballistic_ac_30kev.sp3_40.81
10:01:06  INFO       [ 4/105] step 81     1.8s (sp3=38.7% disp=2)
10:01:06  INFO     Detected columns: ['id', 'type', 'x', 'y', 'z', 'vx', 'vy', 'vz', 'c_pe_atom', 'c_ke_atom', 'c_coord']
10:01:07  INFO     Loaded 473344 atoms, timestep=108, time=0.1080 ps from dump.ballistic_ac_30kev.sp3_40.108
10:01:07  INFO       [ 5/105] step 108    1.6s (sp3=38.7% disp=2)
10:01:07  INFO     Detected columns: ['id', 'type', 'x', 'y', 'z', 'vx', 'vy', 'vz', 'c_pe_atom', 'c_ke_atom', 'c_coord']
10:01:09  INFO     Loaded 473344 atoms, timestep=135, time=0.1350 ps from dump.ballistic_ac_30kev.sp3_40.135
10:01:09  INFO       [ 6/105] step 135    1.8s (sp3=38.7% disp=2)
10:01:09  INFO     Detected columns: ['id', 'type', 'x', 'y', 'z', 'vx', 'vy', 'vz', 'c_pe_atom', 'c_ke_atom', 'c_coord']
10:01:10  INFO     Loaded 473344 atoms, timestep=162, time=0.1620 ps from dump.ballistic_ac_30kev.sp3_40.162
10:01:11  INFO       [ 7/105] step 162    1.7s (sp3=38.7% disp=2)
10:01:11  INFO     Detected columns: ['id', 'type', 'x', 'y', 'z', 'vx', 'vy', 'vz', 'c_pe_atom', 'c_ke_atom', 'c_coord']
10:01:12  INFO     Loaded 473344 atoms, timestep=189, time=0.1890 ps from dump.ballistic_ac_30kev.sp3_40.189
10:01:12  INFO       [ 8/105] step 189    1.6s (sp3=38.7% disp=2)
10:01:12  INFO     Detected columns: ['id', 'type', 'x', 'y', 'z', 'vx', 'vy', 'vz', 'c_pe_atom', 'c_ke_atom', 'c_coord']
10:01:14  INFO     Loaded 473344 atoms, timestep=216, time=0.2160 ps from dump.ballistic_ac_30kev.sp3_40.216
10:01:14  INFO       [ 9/105] step 216    1.8s (sp3=38.7% disp=2)
10:01:14  INFO     Detected columns: ['id', 'type', 'x', 'y', 'z', 'vx', 'vy', 'vz', 'c_pe_atom', 'c_ke_atom', 'c_coord']
10:01:16  INFO     Loaded 473344 atoms, timestep=243, time=0.2430 ps from dump.ballistic_ac_30kev.sp3_40.243
10:01:16  INFO       [10/105] step 243    1.7s (sp3=38.7% disp=2)
10:01:16  INFO     Detected columns: ['id', 'type', 'x', 'y', 'z', 'vx', 'vy', 'vz', 'c_pe_atom', 'c_ke_atom', 'c_coord']
10:01:17  INFO     Loaded 473344 atoms, timestep=270, time=0.2700 ps from dump.ballistic_ac_30kev.sp3_40.270
10:01:17  INFO       [11/105] step 270    1.8s (sp3=38.7% disp=2)
10:01:18  INFO     Detected columns: ['id', 'type', 'x', 'y', 'z', 'vx', 'vy', 'vz', 'c_pe_atom', 'c_ke_atom', 'c_coord']
10:01:19  INFO     Loaded 473344 atoms, timestep=297, time=0.2970 ps from dump.ballistic_ac_30kev.sp3_40.297
10:01:19  INFO       [12/105] step 297    1.7s (sp3=38.7% disp=2)
10:01:19  INFO     Detected columns: ['id', 'type', 'x', 'y', 'z', 'vx', 'vy', 'vz', 'c_pe_atom', 'c_ke_atom', 'c_coord']
10:01:21  INFO     Loaded 473344 atoms, timestep=324, time=0.3240 ps from dump.ballistic_ac_30kev.sp3_40.324
10:01:21  INFO       [13/105] step 324    1.6s (sp3=38.7% disp=2)
10:01:21  INFO     Detected columns: ['id', 'type', 'x', 'y', 'z', 'vx', 'vy', 'vz', 'c_pe_atom', 'c_ke_atom', 'c_coord']
10:01:23  INFO     Loaded 473344 atoms, timestep=351, time=0.3510 ps from dump.ballistic_ac_30kev.sp3_40.351
10:01:23  INFO       [14/105] step 351    1.8s (sp3=38.7% disp=2)
10:01:23  INFO     Detected columns: ['id', 'type', 'x', 'y', 'z', 'vx', 'vy', 'vz', 'c_pe_atom', 'c_ke_atom', 'c_coord']
10:01:24  INFO     Loaded 473344 atoms, timestep=378, time=0.3780 ps from dump.ballistic_ac_30kev.sp3_40.378
10:01:24  INFO       [15/105] step 378    1.6s (sp3=38.7% disp=2)
10:01:24  INFO     Detected columns: ['id', 'type', 'x', 'y', 'z', 'vx', 'vy', 'vz', 'c_pe_atom', 'c_ke_atom', 'c_coord']
10:01:26  INFO     Loaded 473344 atoms, timestep=405, time=0.4050 ps from dump.ballistic_ac_30kev.sp3_40.405
10:01:26  INFO       [16/105] step 405    1.7s (sp3=38.7% disp=5)
10:01:26  INFO     Detected columns: ['id', 'type', 'x', 'y', 'z', 'vx', 'vy', 'vz', 'c_pe_atom', 'c_ke_atom', 'c_coord']
10:01:27  INFO     Loaded 473344 atoms, timestep=432, time=0.4320 ps from dump.ballistic_ac_30kev.sp3_40.432
10:01:28  INFO       [17/105] step 432    1.6s (sp3=38.7% disp=3)
10:01:28  INFO     Detected columns: ['id', 'type', 'x', 'y', 'z', 'vx', 'vy', 'vz', 'c_pe_atom', 'c_ke_atom', 'c_coord']
10:01:29  INFO     Loaded 473344 atoms, timestep=459, time=0.4590 ps from dump.ballistic_ac_30kev.sp3_40.459
10:01:29  INFO       [18/105] step 459    1.8s (sp3=38.7% disp=6)
10:01:29  INFO     Detected columns: ['id', 'type', 'x', 'y', 'z', 'vx', 'vy', 'vz', 'c_pe_atom', 'c_ke_atom', 'c_coord']
10:01:31  INFO     Loaded 473344 atoms, timestep=486, time=0.4860 ps from dump.ballistic_ac_30kev.sp3_40.486
10:01:31  INFO       [19/105] step 486    1.7s (sp3=38.7% disp=6)
10:01:31  INFO     Detected columns: ['id', 'type', 'x', 'y', 'z', 'vx', 'vy', 'vz', 'c_pe_atom', 'c_ke_atom', 'c_coord']
10:01:33  INFO     Loaded 473344 atoms, timestep=513, time=0.5130 ps from dump.ballistic_ac_30kev.sp3_40.513
10:01:33  INFO       [20/105] step 513    1.6s (sp3=38.7% disp=6)
10:01:33  INFO     Detected columns: ['id', 'type', 'x', 'y', 'z', 'vx', 'vy', 'vz', 'c_pe_atom', 'c_ke_atom', 'c_coord']
10:01:34  INFO     Loaded 473344 atoms, timestep=540, time=0.5400 ps from dump.ballistic_ac_30kev.sp3_40.540
10:01:34  INFO       [21/105] step 540    1.8s (sp3=38.7% disp=6)
10:01:35  INFO     Detected columns: ['id', 'type', 'x', 'y', 'z', 'vx', 'vy', 'vz', 'c_pe_atom', 'c_ke_atom', 'c_coord']
10:01:36  INFO     Loaded 473344 atoms, timestep=567, time=0.5670 ps from dump.ballistic_ac_30kev.sp3_40.567
10:01:36  INFO       [22/105] step 567    1.6s (sp3=38.7% disp=6)
10:01:36  INFO     Detected columns: ['id', 'type', 'x', 'y', 'z', 'vx', 'vy', 'vz', 'c_pe_atom', 'c_ke_atom', 'c_coord']
10:01:38  INFO     Loaded 473344 atoms, timestep=594, time=0.5940 ps from dump.ballistic_ac_30kev.sp3_40.594
10:01:38  INFO       [23/105] step 594    1.8s (sp3=38.7% disp=7)
10:01:38  INFO     Detected columns: ['id', 'type', 'x', 'y', 'z', 'vx', 'vy', 'vz', 'c_pe_atom', 'c_ke_atom', 'c_coord']
10:01:39  INFO     Loaded 473344 atoms, timestep=621, time=0.6210 ps from dump.ballistic_ac_30kev.sp3_40.621
10:01:40  INFO       [24/105] step 621    1.7s (sp3=38.7% disp=7)
10:01:40  INFO     Detected columns: ['id', 'type', 'x', 'y', 'z', 'vx', 'vy', 'vz', 'c_pe_atom', 'c_ke_atom', 'c_coord']
10:01:41  INFO     Loaded 473344 atoms, timestep=648, time=0.6480 ps from dump.ballistic_ac_30kev.sp3_40.648
10:01:41  INFO       [25/105] step 648    1.6s (sp3=38.7% disp=7)
10:01:41  INFO     Detected columns: ['id', 'type', 'x', 'y', 'z', 'vx', 'vy', 'vz', 'c_pe_atom', 'c_ke_atom', 'c_coord']
10:01:43  INFO     Loaded 473344 atoms, timestep=675, time=0.6750 ps from dump.ballistic_ac_30kev.sp3_40.675
10:01:43  INFO       [26/105] step 675    1.8s (sp3=38.7% disp=7)
10:01:43  INFO     Detected columns: ['id', 'type', 'x', 'y', 'z', 'vx', 'vy', 'vz', 'c_pe_atom', 'c_ke_atom', 'c_coord']
10:01:44  INFO     Loaded 473344 atoms, timestep=702, time=0.7020 ps from dump.ballistic_ac_30kev.sp3_40.702
10:01:45  INFO       [27/105] step 702    1.6s (sp3=38.7% disp=7)
10:01:45  INFO     Detected columns: ['id', 'type', 'x', 'y', 'z', 'vx', 'vy', 'vz', 'c_pe_atom', 'c_ke_atom', 'c_coord']
10:01:46  INFO     Loaded 473344 atoms, timestep=729, time=0.7290 ps from dump.ballistic_ac_30kev.sp3_40.729
10:01:46  INFO       [28/105] step 729    1.8s (sp3=38.7% disp=5)
10:01:46  INFO     Detected columns: ['id', 'type', 'x', 'y', 'z', 'vx', 'vy', 'vz', 'c_pe_atom', 'c_ke_atom', 'c_coord']
10:01:48  INFO     Loaded 473344 atoms, timestep=756, time=0.7560 ps from dump.ballistic_ac_30kev.sp3_40.756
10:01:48  INFO       [29/105] step 756    1.7s (sp3=38.7% disp=5)
10:01:48  INFO     Detected columns: ['id', 'type', 'x', 'y', 'z', 'vx', 'vy', 'vz', 'c_pe_atom', 'c_ke_atom', 'c_coord']
10:01:49  INFO     Loaded 473344 atoms, timestep=783, time=0.7830 ps from dump.ballistic_ac_30kev.sp3_40.783
10:01:50  INFO       [30/105] step 783    1.6s (sp3=38.7% disp=5)
10:01:50  INFO     Detected columns: ['id', 'type', 'x', 'y', 'z', 'vx', 'vy', 'vz', 'c_pe_atom', 'c_ke_atom', 'c_coord']
10:01:51  INFO     Loaded 473344 atoms, timestep=810, time=0.8100 ps from dump.ballistic_ac_30kev.sp3_40.810
10:01:51  INFO       [31/105] step 810    1.7s (sp3=38.7% disp=5)
10:01:51  INFO     Detected columns: ['id', 'type', 'x', 'y', 'z', 'vx', 'vy', 'vz', 'c_pe_atom', 'c_ke_atom', 'c_coord']
10:01:53  INFO     Loaded 473344 atoms, timestep=837, time=0.8370 ps from dump.ballistic_ac_30kev.sp3_40.837
10:01:53  INFO       [32/105] step 837    1.6s (sp3=38.7% disp=5)
10:01:53  INFO     Detected columns: ['id', 'type', 'x', 'y', 'z', 'vx', 'vy', 'vz', 'c_pe_atom', 'c_ke_atom', 'c_coord']
10:01:55  INFO     Loaded 473344 atoms, timestep=864, time=0.8640 ps from dump.ballistic_ac_30kev.sp3_40.864
10:01:55  INFO       [33/105] step 864    1.7s (sp3=38.7% disp=5)
10:01:55  INFO     Detected columns: ['id', 'type', 'x', 'y', 'z', 'vx', 'vy', 'vz', 'c_pe_atom', 'c_ke_atom', 'c_coord']
10:01:56  INFO     Loaded 473344 atoms, timestep=891, time=0.8910 ps from dump.ballistic_ac_30kev.sp3_40.891
10:01:56  INFO       [34/105] step 891    1.6s (sp3=38.7% disp=5)
10:01:56  INFO     Detected columns: ['id', 'type', 'x', 'y', 'z', 'vx', 'vy', 'vz', 'c_pe_atom', 'c_ke_atom', 'c_coord']
10:01:58  INFO     Loaded 473344 atoms, timestep=918, time=0.9180 ps from dump.ballistic_ac_30kev.sp3_40.918
10:01:58  INFO       [35/105] step 918    1.8s (sp3=38.7% disp=5)
10:01:58  INFO     Detected columns: ['id', 'type', 'x', 'y', 'z', 'vx', 'vy', 'vz', 'c_pe_atom', 'c_ke_atom', 'c_coord']
10:02:00  INFO     Loaded 473344 atoms, timestep=945, time=0.9450 ps from dump.ballistic_ac_30kev.sp3_40.945
10:02:00  INFO       [36/105] step 945    1.7s (sp3=38.7% disp=5)
10:02:00  INFO     Detected columns: ['id', 'type', 'x', 'y', 'z', 'vx', 'vy', 'vz', 'c_pe_atom', 'c_ke_atom', 'c_coord']
10:02:01  INFO     Loaded 473344 atoms, timestep=972, time=0.9720 ps from dump.ballistic_ac_30kev.sp3_40.972
10:02:01  INFO       [37/105] step 972    1.6s (sp3=38.7% disp=5)
10:02:01  INFO     Detected columns: ['id', 'type', 'x', 'y', 'z', 'vx', 'vy', 'vz', 'c_pe_atom', 'c_ke_atom', 'c_coord']
10:02:03  INFO     Loaded 473344 atoms, timestep=999, time=0.9990 ps from dump.ballistic_ac_30kev.sp3_40.999
10:02:03  INFO       [38/105] step 999    1.7s (sp3=38.7% disp=6)
10:02:03  INFO     Detected columns: ['id', 'type', 'x', 'y', 'z', 'vx', 'vy', 'vz', 'c_pe_atom', 'c_ke_atom', 'c_coord']
10:02:04  INFO     Loaded 473344 atoms, timestep=1026, time=1.0260 ps from dump.ballistic_ac_30kev.sp3_40.1026
10:02:05  INFO       [39/105] step 1026   1.6s (sp3=38.7% disp=6)
10:02:05  INFO     Detected columns: ['id', 'type', 'x', 'y', 'z', 'vx', 'vy', 'vz', 'c_pe_atom', 'c_ke_atom', 'c_coord']
10:02:06  INFO     Loaded 473344 atoms, timestep=1053, time=1.0530 ps from dump.ballistic_ac_30kev.sp3_40.1053
10:02:06  INFO       [40/105] step 1053   1.8s (sp3=38.7% disp=6)
10:02:07  INFO     Detected columns: ['id', 'type', 'x', 'y', 'z', 'vx', 'vy', 'vz', 'c_pe_atom', 'c_ke_atom', 'c_coord']
10:02:08  INFO     Loaded 473344 atoms, timestep=1080, time=1.0800 ps from dump.ballistic_ac_30kev.sp3_40.1080
10:02:08  INFO       [41/105] step 1080   1.7s (sp3=38.7% disp=6)
10:02:08  INFO     Detected columns: ['id', 'type', 'x', 'y', 'z', 'vx', 'vy', 'vz', 'c_pe_atom', 'c_ke_atom', 'c_coord']
10:02:10  INFO     Loaded 473344 atoms, timestep=1107, time=1.1070 ps from dump.ballistic_ac_30kev.sp3_40.1107
10:02:10  INFO       [42/105] step 1107   1.6s (sp3=38.7% disp=6)
10:02:10  INFO     Detected columns: ['id', 'type', 'x', 'y', 'z', 'vx', 'vy', 'vz', 'c_pe_atom', 'c_ke_atom', 'c_coord']
10:02:11  INFO     Loaded 473344 atoms, timestep=1134, time=1.1340 ps from dump.ballistic_ac_30kev.sp3_40.1134
10:02:11  INFO       [43/105] step 1134   1.7s (sp3=38.7% disp=6)
10:02:12  INFO     Detected columns: ['id', 'type', 'x', 'y', 'z', 'vx', 'vy', 'vz', 'c_pe_atom', 'c_ke_atom', 'c_coord']
10:02:13  INFO     Loaded 473344 atoms, timestep=1161, time=1.1610 ps from dump.ballistic_ac_30kev.sp3_40.1161
10:02:13  INFO       [44/105] step 1161   1.6s (sp3=38.7% disp=6)
10:02:13  INFO     Detected columns: ['id', 'type', 'x', 'y', 'z', 'vx', 'vy', 'vz', 'c_pe_atom', 'c_ke_atom', 'c_coord']
10:02:15  INFO     Loaded 473344 atoms, timestep=1188, time=1.1880 ps from dump.ballistic_ac_30kev.sp3_40.1188
10:02:15  INFO       [45/105] step 1188   1.7s (sp3=38.7% disp=13)
10:02:15  INFO     Detected columns: ['id', 'type', 'x', 'y', 'z', 'vx', 'vy', 'vz', 'c_pe_atom', 'c_ke_atom', 'c_coord']
10:02:16  INFO     Loaded 473344 atoms, timestep=1215, time=1.2150 ps from dump.ballistic_ac_30kev.sp3_40.1215
10:02:16  INFO       [46/105] step 1215   1.7s (sp3=38.7% disp=13)
10:02:16  INFO     Detected columns: ['id', 'type', 'x', 'y', 'z', 'vx', 'vy', 'vz', 'c_pe_atom', 'c_ke_atom', 'c_coord']
10:02:18  INFO     Loaded 473344 atoms, timestep=1242, time=1.2420 ps from dump.ballistic_ac_30kev.sp3_40.1242
10:02:18  INFO       [47/105] step 1242   1.6s (sp3=38.7% disp=11)
10:02:18  INFO     Detected columns: ['id', 'type', 'x', 'y', 'z', 'vx', 'vy', 'vz', 'c_pe_atom', 'c_ke_atom', 'c_coord']
10:02:20  INFO     Loaded 473344 atoms, timestep=1269, time=1.2690 ps from dump.ballistic_ac_30kev.sp3_40.1269
10:02:20  INFO       [48/105] step 1269   1.7s (sp3=38.7% disp=12)
10:02:20  INFO     Detected columns: ['id', 'type', 'x', 'y', 'z', 'vx', 'vy', 'vz', 'c_pe_atom', 'c_ke_atom', 'c_coord']
10:02:21  INFO     Loaded 473344 atoms, timestep=1296, time=1.2960 ps from dump.ballistic_ac_30kev.sp3_40.1296
10:02:21  INFO       [49/105] step 1296   1.6s (sp3=38.7% disp=6)
10:02:21  INFO     Detected columns: ['id', 'type', 'x', 'y', 'z', 'vx', 'vy', 'vz', 'c_pe_atom', 'c_ke_atom', 'c_coord']
10:02:23  INFO     Loaded 473344 atoms, timestep=1323, time=1.3230 ps from dump.ballistic_ac_30kev.sp3_40.1323
10:02:23  INFO       [50/105] step 1323   1.7s (sp3=38.7% disp=5)
10:02:23  INFO     Detected columns: ['id', 'type', 'x', 'y', 'z', 'vx', 'vy', 'vz', 'c_pe_atom', 'c_ke_atom', 'c_coord']
10:02:24  INFO     Loaded 473344 atoms, timestep=1350, time=1.3500 ps from dump.ballistic_ac_30kev.sp3_40.1350
10:02:25  INFO       [51/105] step 1350   1.6s (sp3=38.7% disp=7)
10:02:25  INFO     Detected columns: ['id', 'type', 'x', 'y', 'z', 'vx', 'vy', 'vz', 'c_pe_atom', 'c_ke_atom', 'c_coord']
10:02:26  INFO     Loaded 473344 atoms, timestep=1377, time=1.3770 ps from dump.ballistic_ac_30kev.sp3_40.1377
10:02:26  INFO       [52/105] step 1377   1.8s (sp3=38.7% disp=13)
10:02:26  INFO     Detected columns: ['id', 'type', 'x', 'y', 'z', 'vx', 'vy', 'vz', 'c_pe_atom', 'c_ke_atom', 'c_coord']
10:02:28  INFO     Loaded 473344 atoms, timestep=1404, time=1.4040 ps from dump.ballistic_ac_30kev.sp3_40.1404
10:02:28  INFO       [53/105] step 1404   1.6s (sp3=38.7% disp=12)
10:02:28  INFO     Detected columns: ['id', 'type', 'x', 'y', 'z', 'vx', 'vy', 'vz', 'c_pe_atom', 'c_ke_atom', 'c_coord']
10:02:29  INFO     Loaded 473344 atoms, timestep=1431, time=1.4310 ps from dump.ballistic_ac_30kev.sp3_40.1431
10:02:30  INFO       [54/105] step 1431   1.6s (sp3=38.7% disp=12)
10:02:30  INFO     Detected columns: ['id', 'type', 'x', 'y', 'z', 'vx', 'vy', 'vz', 'c_pe_atom', 'c_ke_atom', 'c_coord']
10:02:31  INFO     Loaded 473344 atoms, timestep=1458, time=1.4580 ps from dump.ballistic_ac_30kev.sp3_40.1458
10:02:31  INFO       [55/105] step 1458   1.8s (sp3=38.7% disp=13)
10:02:31  INFO     Detected columns: ['id', 'type', 'x', 'y', 'z', 'vx', 'vy', 'vz', 'c_pe_atom', 'c_ke_atom', 'c_coord']
10:02:33  INFO     Loaded 473344 atoms, timestep=1485, time=1.4850 ps from dump.ballistic_ac_30kev.sp3_40.1485
10:02:33  INFO       [56/105] step 1485   1.6s (sp3=38.7% disp=10)
10:02:33  INFO     Detected columns: ['id', 'type', 'x', 'y', 'z', 'vx', 'vy', 'vz', 'c_pe_atom', 'c_ke_atom', 'c_coord']
10:02:35  INFO     Loaded 473344 atoms, timestep=1512, time=1.5120 ps from dump.ballistic_ac_30kev.sp3_40.1512
10:02:35  INFO       [57/105] step 1512   1.8s (sp3=38.7% disp=10)
10:02:35  INFO     Detected columns: ['id', 'type', 'x', 'y', 'z', 'vx', 'vy', 'vz', 'c_pe_atom', 'c_ke_atom', 'c_coord']
10:02:36  INFO     Loaded 473344 atoms, timestep=1539, time=1.5390 ps from dump.ballistic_ac_30kev.sp3_40.1539
10:02:36  INFO       [58/105] step 1539   1.6s (sp3=38.7% disp=10)
10:02:36  INFO     Detected columns: ['id', 'type', 'x', 'y', 'z', 'vx', 'vy', 'vz', 'c_pe_atom', 'c_ke_atom', 'c_coord']
10:02:38  INFO     Loaded 473344 atoms, timestep=1566, time=1.5660 ps from dump.ballistic_ac_30kev.sp3_40.1566
10:02:38  INFO       [59/105] step 1566   1.5s (sp3=38.7% disp=10)
10:02:38  INFO     Detected columns: ['id', 'type', 'x', 'y', 'z', 'vx', 'vy', 'vz', 'c_pe_atom', 'c_ke_atom', 'c_coord']
10:02:39  INFO     Loaded 473344 atoms, timestep=1593, time=1.5930 ps from dump.ballistic_ac_30kev.sp3_40.1593
10:02:40  INFO       [60/105] step 1593   1.7s (sp3=38.7% disp=10)
10:02:40  INFO     Detected columns: ['id', 'type', 'x', 'y', 'z', 'vx', 'vy', 'vz', 'c_pe_atom', 'c_ke_atom', 'c_coord']
10:02:41  INFO     Loaded 473344 atoms, timestep=1620, time=1.6200 ps from dump.ballistic_ac_30kev.sp3_40.1620
10:02:41  INFO       [61/105] step 1620   1.6s (sp3=38.7% disp=10)
10:02:41  INFO     Detected columns: ['id', 'type', 'x', 'y', 'z', 'vx', 'vy', 'vz', 'c_pe_atom', 'c_ke_atom', 'c_coord']
10:02:43  INFO     Loaded 473344 atoms, timestep=1647, time=1.6470 ps from dump.ballistic_ac_30kev.sp3_40.1647
10:02:43  INFO       [62/105] step 1647   1.7s (sp3=38.7% disp=10)
10:02:43  INFO     Detected columns: ['id', 'type', 'x', 'y', 'z', 'vx', 'vy', 'vz', 'c_pe_atom', 'c_ke_atom', 'c_coord']
10:02:44  INFO     Loaded 473344 atoms, timestep=1674, time=1.6740 ps from dump.ballistic_ac_30kev.sp3_40.1674
10:02:45  INFO       [63/105] step 1674   1.6s (sp3=38.7% disp=9)
10:02:45  INFO     Detected columns: ['id', 'type', 'x', 'y', 'z', 'vx', 'vy', 'vz', 'c_pe_atom', 'c_ke_atom', 'c_coord']
10:02:46  INFO     Loaded 473344 atoms, timestep=1701, time=1.7010 ps from dump.ballistic_ac_30kev.sp3_40.1701
10:02:46  INFO       [64/105] step 1701   1.6s (sp3=38.7% disp=9)
10:02:46  INFO     Detected columns: ['id', 'type', 'x', 'y', 'z', 'vx', 'vy', 'vz', 'c_pe_atom', 'c_ke_atom', 'c_coord']
10:02:48  INFO     Loaded 473344 atoms, timestep=1728, time=1.7280 ps from dump.ballistic_ac_30kev.sp3_40.1728
10:02:48  INFO       [65/105] step 1728   1.7s (sp3=38.7% disp=9)
10:02:48  INFO     Detected columns: ['id', 'type', 'x', 'y', 'z', 'vx', 'vy', 'vz', 'c_pe_atom', 'c_ke_atom', 'c_coord']
